fps_original_index,fps_selection_order,video_id,start_time,end_time,video_link,caption,general_nsi,music_nsi,environmental_nsi,extraspeech_nsi,additionalnarrative_nsi,quotedspeech_nsi,misc_nsi,nonenglish_captions,nsi_text,coarse_template,fine_template,caption_id,word_count,char_count,avg_word_length,pos_sequence,mean_lexical_frequency
0,1,__5k7e0f3r4,187.562,190.312,https://www.youtube.com/watch?v=__5k7e0f3r4&t=187,(cheerful music),1.0,1.0,0.0,0.0,0.0,0.0,0.0,0.0,cheerful music,ADJ + NOUN,JJ + NN,0,2,16,7.5,ADJ NOUN,4.56
3585,2,gPttEzhI_K4,65.03,69.67,https://www.youtube.com/watch?v=gPttEzhI_K4&t=65,"(The Philippines has an estimated 14 million to 17 million indigenous people, belonging to 110 ethno-linguistic groups.)",1.0,0.0,0.0,0.0,1.0,0.0,0.0,0.0,"The Philippines has an estimated 14 million to 17 million indigenous people, belonging to 110 ethno-linguistic groups.",DET + NOUN + VERB + DET + VERB + NUM + NUM + PART + NUM + NUM + ADJ + NOUN + VERB + ADP + NUM + NOUN + ADJ + NOUN,DT + NNS + VBZ + DT + VBN + CD + CD + TO + CD + CD + JJ + NNS + VBG + IN + CD + NN + JJ + NNS,3585,17,120,6.117647058823529,DET NOUN VERB DET VERB NUM NUM PART NUM NUM ADJ NOUN VERB ADP NUM NOUN ADJ NOUN,5.392352941176472
3590,3,gPttEzhI_K4,80.035,83.895,https://www.youtube.com/watch?v=gPttEzhI_K4&t=80,"(Bimboy founded Tribu Ni Bro in 2008, after an outreach trip to a tribal region opened his eyes to their needs.)",1.0,0.0,0.0,0.0,1.0,0.0,0.0,0.0,"Bimboy founded Tribu Ni Bro in 2008, after an outreach trip to a tribal region opened his eyes to their needs.",PROPN + VERB + NOUN + ADP + PROPN + ADP + NUM + SCONJ + DET + NOUN + NOUN + ADP + DET + ADJ + NOUN + VERB + PRON + NOUN + ADP + PRON + NOUN,NNP + VBD + NN + IN + NNP + IN + CD + IN + DT + NN + NN + IN + DT + JJ + NN + VBD + PRP$ + NNS + IN + PRP$ + NNS,3590,21,112,4.380952380952381,PROPN VERB NOUN ADP PROPN ADP NUM SCONJ DET NOUN NOUN ADP DET ADJ NOUN VERB PRON NOUN ADP PRON NOUN,5.096666666666668
2528,4,CMc8l4aTZRQ,15.4,20.533,https://www.youtube.com/watch?v=CMc8l4aTZRQ&t=15,(About 450km wide and around 400 jars have been discovered),1.0,0.0,0.0,0.0,1.0,0.0,0.0,0.0,About 450km wide and around 400 jars have been discovered,ADV + NUM + NOUN + ADJ + CCONJ + ADV + NUM + NOUN + AUX + AUX + VERB,RB + CD + NN + JJ + CC + RB + CD + NNS + VBP + VBN + VBN,2528,10,59,5.0,ADV NUM NOUN ADJ CCONJ ADV NUM NOUN AUX AUX VERB,4.909
3586,5,gPttEzhI_K4,69.67,74.75,https://www.youtube.com/watch?v=gPttEzhI_K4&t=69,"(Access to education, nutrituous meals, and jobs is a challenge for those living in remote regions.)",1.0,0.0,0.0,0.0,1.0,0.0,0.0,0.0,"Access to education, nutrituous meals, and jobs is a challenge for those living in remote regions.",NOUN + ADP + NOUN + ADJ + NOUN + CCONJ + NOUN + AUX + DET + NOUN + ADP + PRON + VERB + ADP + ADJ + NOUN,NN + IN + NN + JJ + NNS + CC + NNS + VBZ + DT + NN + IN + DT + VBG + IN + JJ + NNS,3586,16,100,5.3125,NOUN ADP NOUN ADJ NOUN CCONJ NOUN AUX DET NOUN ADP PRON VERB ADP ADJ NOUN,5.504375
6185,6,O0SOK-_5owA,1250.2,1252.2,https://www.youtube.com/watch?v=O0SOK-_5owA&t=1250,"[What's the mature one, FUMA's specialty?]",1.0,0.0,0.0,0.0,1.0,0.0,0.0,0.0,"What's the mature one, FUMA's specialty?",PRON + AUX + DET + ADJ + NOUN + PROPN + PART + NOUN,WP + VBZ + DT + JJ + NN + NNP + POS + NN,6185,6,42,6.166666666666667,PRON AUX DET ADJ NOUN PROPN PART NOUN,4.595
6244,7,O0SOK-_5owA,2226.233,2229.3,https://www.youtube.com/watch?v=O0SOK-_5owA&t=2226,[YEJUN was a bit late to raise his hand],1.0,0.0,0.0,0.0,1.0,0.0,0.0,0.0,YEJUN was a bit late to raise his hand,PROPN + AUX + DET + NOUN + ADJ + PART + VERB + PRON + NOUN,NNP + VBD + DT + NN + JJ + TO + VB + PRP$ + NN,6244,9,40,3.555555555555556,PROPN AUX DET NOUN ADJ PART VERB PRON NOUN,5.4433333333333325
4539,8,JL9H5PoVqJg,634.9,637.97,https://www.youtube.com/watch?v=JL9H5PoVqJg&t=634,[ ♪♪♪ ],1.0,1.0,0.0,0.0,0.0,0.0,0.0,0.0,♪♪♪,X + X + X,ADD + ADD + ADD,4539,3,7,1.6666666666666667,X X X,1.1033333333333333
6136,9,O0SOK-_5owA,803.5,804.966,https://www.youtube.com/watch?v=O0SOK-_5owA&t=803,[He can't hide a tremor in his voice],1.0,0.0,0.0,0.0,1.0,0.0,0.0,0.0,He can't hide a tremor in his voice,PRON + AUX + PART + VERB + DET + NOUN + ADP + PRON + NOUN,PRP + MD + RB + VB + DT + NN + IN + PRP$ + NN,6136,8,37,3.75,PRON AUX PART VERB DET NOUN ADP PRON NOUN,5.78625
6163,10,O0SOK-_5owA,1028.1,1031.873,https://www.youtube.com/watch?v=O0SOK-_5owA&t=1028,[Who will show off their charm first?],1.0,0.0,0.0,0.0,1.0,0.0,0.0,0.0,Who will show off their charm first?,PRON + AUX + VERB + ADP + PRON + NOUN + ADV,WP + MD + VB + RP + PRP$ + NN + RB,6163,7,38,4.571428571428571,PRON AUX VERB ADP PRON NOUN ADV,5.8514285714285705
6293,11,O0SOK-_5owA,3576.6,3578.866,https://www.youtube.com/watch?v=O0SOK-_5owA&t=3576,[But EJ failed to pull it off],1.0,0.0,0.0,0.0,1.0,0.0,0.0,0.0,But EJ failed to pull it off,CCONJ + PROPN + VERB + PART + VERB + PRON + ADP,CC + NNP + VBD + TO + VB + PRP + RP,6293,7,30,3.4285714285714284,CCONJ PROPN VERB PART VERB PRON ADP,5.65
5208,12,M_zhvfBbvaA,0.58,3.2,https://www.youtube.com/watch?v=M_zhvfBbvaA&t=0,[ding ding ding! ding ding ding!],1.0,0.0,1.0,0.0,0.0,0.0,0.0,0.0,ding ding ding! ding ding ding!,VERB + VERB + NOUN + VERB + VERB + VERB,VBG + VBG + NN + VBG + VBG + VBG,5208,6,33,4.666666666666667,VERB VERB NOUN VERB VERB VERB,3.63
6079,13,NvjtzKUaq-s,3491.912,3506.032,https://www.youtube.com/watch?v=NvjtzKUaq-s&t=3491,"The gold band around the base of the dome carries the inscription ""... you are Peter, and on this rock I will build my church. ... and I will give you the keys of the kingdom of heaven ..."" (in Latin) from the Book of Matthew.",1.0,0.0,0.0,0.0,0.0,1.0,0.0,0.0,in Latin,ADP + NOUN,IN + NN,6079,46,226,3.934782608695652,ADP NOUN,5.799565217391304
1687,14,8934qhVjaoA,2901.633,2905.966,https://www.youtube.com/watch?v=8934qhVjaoA&t=2901,[Team B's dance performance is over],1.0,0.0,0.0,0.0,1.0,0.0,0.0,0.0,Team B's dance performance is over,NOUN + PROPN + PART + NOUN + NOUN + AUX + ADV,NN + NNP + POS + NN + NN + VBZ + RB,1687,6,36,5.166666666666667,NOUN PROPN PART NOUN NOUN AUX ADV,5.329999999999999
6171,15,O0SOK-_5owA,1120.4,1122.333,https://www.youtube.com/watch?v=O0SOK-_5owA&t=1120,[The look on his face suddenly changes],1.0,0.0,0.0,0.0,1.0,0.0,0.0,0.0,The look on his face suddenly changes,DET + NOUN + ADP + PRON + NOUN + ADV + VERB,DT + NN + IN + PRP$ + NN + RB + VBZ,6171,7,39,4.714285714285714,DET NOUN ADP PRON NOUN ADV VERB,6.031428571428571
3697,16,hMOCumxpdvU,253.208,257.125,https://www.youtube.com/watch?v=hMOCumxpdvU&t=253,"(""I'm Saved"", by Duncan Saige)",1.0,1.0,0.0,0.0,0.0,0.0,0.0,0.0,"""I'm Saved"", by Duncan Saige",PRON + AUX + VERB + ADP + PROPN + PROPN,PRP + VBP + VBN + IN + NNP + NNP,3697,5,30,5.2,PRON AUX VERB ADP PROPN PROPN,4.612
3671,17,hdAz1pNn4yQ,582.99,584.99,https://www.youtube.com/watch?v=hdAz1pNn4yQ&t=582,(I have to clean the camera after spraying xD),1.0,0.0,0.0,0.0,1.0,0.0,0.0,0.0,I have to clean the camera after spraying xD,PRON + VERB + PART + VERB + DET + NOUN + ADP + VERB + ADV,PRP + VBP + TO + VB + DT + NN + IN + VBG + RB,3671,9,46,4.222222222222222,PRON VERB PART VERB DET NOUN ADP VERB ADV,5.7988888888888885
420,18,22slVOd2Ki0,3.834,6.25,https://www.youtube.com/watch?v=22slVOd2Ki0&t=3,[It is the strength of fighting against the threat],1.0,0.0,0.0,0.0,1.0,0.0,0.0,0.0,It is the strength of fighting against the threat,PRON + AUX + DET + NOUN + ADP + VERB + ADP + DET + NOUN,PRP + VBZ + DT + NN + IN + VBG + IN + DT + NN,420,9,51,4.777777777777778,PRON AUX DET NOUN ADP VERB ADP DET NOUN,6.32
6268,19,O0SOK-_5owA,3143.066,3146.5,https://www.youtube.com/watch?v=O0SOK-_5owA&t=3143,[What do the four producers have to say?],1.0,0.0,0.0,0.0,1.0,0.0,0.0,0.0,What do the four producers have to say?,PRON + AUX + DET + NUM + NOUN + VERB + PART + VERB,WP + VBP + DT + CD + NNS + VBP + TO + VB,6268,8,41,4.25,PRON AUX DET NUM NOUN VERB PART VERB,6.295
4532,20,jl8GHkEguXE,558.229,560.932,https://www.youtube.com/watch?v=jl8GHkEguXE&t=558,[V joins the other mannequins as an extra],1.0,0.0,0.0,0.0,1.0,0.0,0.0,0.0,V joins the other mannequins as an extra,PROPN + VERB + DET + ADJ + NOUN + ADP + DET + ADJ,NNP + VBZ + DT + JJ + NNS + IN + DT + JJ,4532,8,42,4.375,PROPN VERB DET ADJ NOUN ADP DET ADJ,5.51375
4508,21,Ji3C_PjJonM,579.98,587.78,https://www.youtube.com/watch?v=Ji3C_PjJonM&t=579,"(very muffled, crackly, barely audible male chatting and laughing)",1.0,0.0,1.0,0.0,0.0,0.0,0.0,0.0,"very muffled, crackly, barely audible male chatting and laughing",ADV + ADJ + ADV + ADV + ADJ + NOUN + NOUN + CCONJ + VERB,RB + JJ + RB + RB + JJ + NN + NN + CC + VBG,4508,9,66,6.444444444444445,ADV ADJ ADV ADV ADJ NOUN NOUN CCONJ VERB,4.384444444444444
6300,22,O0SOK-_5owA,3776.833,3779.433,https://www.youtube.com/watch?v=O0SOK-_5owA&t=3776,[&amp;BALLs are piling up one by one],1.0,0.0,0.0,0.0,1.0,0.0,0.0,0.0,&amp;BALLs are piling up one by one,NOUN + AUX + VERB + ADP + NUM + ADP + NUM,NNS + VBP + VBG + RP + CD + IN + CD,6300,7,37,4.428571428571429,NOUN AUX VERB ADP NUM ADP NUM,5.678571428571429
6228,23,O0SOK-_5owA,2066.566,2068.066,https://www.youtube.com/watch?v=O0SOK-_5owA&t=2066,[4 debut group members and 11 trainees],1.0,0.0,0.0,0.0,1.0,0.0,0.0,0.0,4 debut group members and 11 trainees,NUM + NOUN + NOUN + NOUN + CCONJ + NUM + NOUN,CD + NN + NN + NNS + CC + CD + NNS,6228,7,39,4.714285714285714,NUM NOUN NOUN NOUN CCONJ NUM NOUN,5.317142857142858
6072,24,NvjtzKUaq-s,427.157,439.12,https://www.youtube.com/watch?v=NvjtzKUaq-s&t=427,"The facade received much criticism, however, for being too wide for its height. It is 157 ft (48m) high and 380 ft (116 m) wide. Each column is nearly 90 ft (27 m) tall.",1.0,0.0,0.0,0.0,1.0,0.0,0.0,0.0,48m 116 m 27 m,NUM + VERB + NUM + VERB + NUM + NUM,CD + VBP + CD + VBP + CD + CD,6072,34,169,4.0,NUM VERB NUM VERB NUM NUM,5.286764705882353
6183,25,O0SOK-_5owA,1240.133,1242.833,https://www.youtube.com/watch?v=O0SOK-_5owA&t=1240,[As the trainees who went first do well],1.0,0.0,0.0,0.0,1.0,0.0,0.0,0.0,As the trainees who went first do well,SCONJ + DET + NOUN + PRON + VERB + ADV + VERB + ADV,IN + DT + NNS + WP + VBD + RB + VBP + RB,6183,8,40,4.125,SCONJ DET NOUN PRON VERB ADV VERB ADV,6.012499999999999
6078,26,NvjtzKUaq-s,1354.226,1366.2,https://www.youtube.com/watch?v=NvjtzKUaq-s&t=1354,The cloth was miraculously imprinted with the face of Christ and the true relic is claimed to be housed in the basilica (although several other versions also exist).,1.0,0.0,0.0,0.0,1.0,0.0,0.0,0.0,although several other versions also exist,SCONJ + ADJ + ADJ + NOUN + ADV + VERB,IN + JJ + JJ + NNS + RB + VBP,6078,28,165,4.928571428571429,SCONJ ADJ ADJ NOUN ADV VERB,5.736071428571428
6201,27,O0SOK-_5owA,1484.766,1487.733,https://www.youtube.com/watch?v=O0SOK-_5owA&t=1484,[The chorus is finally unveiled],1.0,0.0,0.0,0.0,1.0,0.0,0.0,0.0,The chorus is finally unveiled,DET + NOUN + AUX + ADV + VERB,DT + NN + VBZ + RB + VBN,6201,5,32,5.6,DET NOUN AUX ADV VERB,5.526000000000001
6161,28,O0SOK-_5owA,1008.4,1010.566,https://www.youtube.com/watch?v=O0SOK-_5owA&t=1008,[The members show off their charm],1.0,0.0,0.0,0.0,1.0,0.0,0.0,0.0,The members show off their charm,DET + NOUN + VERB + ADP + PRON + NOUN,DT + NNS + VBP + RP + PRP$ + NN,6161,6,34,4.833333333333333,DET NOUN VERB ADP PRON NOUN,5.856666666666666
7044,29,QAGIjIIM91Y,4855.84,4861.4,https://www.youtube.com/watch?v=QAGIjIIM91Y&t=4855,"(A song from the movie, ""SACHIN"".)",1.0,1.0,0.0,0.0,0.0,1.0,0.0,0.0,"A song from the movie, ""SACHIN"".",DET + NOUN + ADP + DET + NOUN + ADV,DT + NN + IN + DT + NN + RB,7044,6,34,4.833333333333333,DET NOUN ADP DET NOUN ADV,5.848333333333334
5218,30,M_zhvfBbvaA,539.36,542.98,https://www.youtube.com/watch?v=M_zhvfBbvaA&t=539,[Glass Joe is not having a good day],1.0,0.0,0.0,0.0,1.0,0.0,0.0,0.0,Glass Joe is not having a good day,NOUN + PROPN + AUX + PART + VERB + DET + ADJ + NOUN,NN + NNP + VBZ + RB + VBG + DT + JJ + NN,5218,8,36,3.625,NOUN PROPN AUX PART VERB DET ADJ NOUN,6.05125
6298,31,O0SOK-_5owA,3670.666,3675.666,https://www.youtube.com/watch?v=O0SOK-_5owA&t=3670,[It's time to put &amp;BALLs in the &amp;RING],1.0,0.0,0.0,0.0,1.0,0.0,0.0,0.0,It's time to put &amp;BALLs in the &amp;RING,PRON + AUX + NOUN + PART + VERB + NOUN + ADP + DET + NOUN,PRP + VBZ + NN + TO + VB + NNS + IN + DT + NN,6298,8,46,4.875,PRON AUX NOUN PART VERB NOUN ADP DET NOUN,6.02375
5217,32,M_zhvfBbvaA,505.13,507.12,https://www.youtube.com/watch?v=M_zhvfBbvaA&t=505,[Glass Joe grunts and groans some more],1.0,0.0,1.0,0.0,0.0,0.0,0.0,0.0,Glass Joe grunts and groans some more,NOUN + PROPN + NOUN + CCONJ + VERB + PRON + ADV,NN + NNP + NNS + CC + VBZ + DT + RBR,5217,7,39,4.714285714285714,NOUN PROPN NOUN CCONJ VERB PRON ADV,5.064285714285715
6281,33,O0SOK-_5owA,3382.533,3385.033,https://www.youtube.com/watch?v=O0SOK-_5owA&t=3382,[Our efforts failed to come to fruition?],1.0,0.0,0.0,0.0,1.0,0.0,0.0,0.0,Our efforts failed to come to fruition?,PRON + NOUN + VERB + PART + VERB + ADP + NOUN,PRP$ + NNS + VBD + TO + VB + IN + NN,6281,7,41,5.0,PRON NOUN VERB PART VERB ADP NOUN,5.655714285714287
7051,34,qbkH_0TNdk0,464.129,465.33,https://www.youtube.com/watch?v=qbkH_0TNdk0&t=464,(people are paying you money.),1.0,0.0,0.0,0.0,1.0,0.0,0.0,0.0,people are paying you money.,NOUN + AUX + VERB + PRON + NOUN,NNS + VBP + VBG + PRP + NN,7051,5,30,5.2,NOUN AUX VERB PRON NOUN,6.072000000000001
6131,35,O0SOK-_5owA,694.866,698.433,https://www.youtube.com/watch?v=O0SOK-_5owA&t=694,[Is the second trainee older too?],1.0,0.0,0.0,0.0,1.0,0.0,0.0,0.0,Is the second trainee older too?,AUX + DET + ADJ + NOUN + ADJ + ADV,VBZ + DT + JJ + NN + JJR + RB,6131,6,34,4.833333333333333,AUX DET ADJ NOUN ADJ ADV,5.788333333333334
805,36,3XkjoLgZr60,25.78,26.856,https://www.youtube.com/watch?v=3XkjoLgZr60&t=25,[Hobi-bear is spreading a happiness virus],1.0,0.0,0.0,0.0,1.0,0.0,0.0,0.0,Hobi-bear is spreading a happiness virus,PROPN + PROPN + AUX + VERB + DET + NOUN + NOUN,NNP + NNP + VBZ + VBG + DT + NN + NN,805,6,42,6.166666666666667,PROPN PROPN AUX VERB DET NOUN NOUN,4.8933333333333335
1662,37,8934qhVjaoA,1273.566,1277.066,https://www.youtube.com/watch?v=8934qhVjaoA&t=1273,[Constantly in awe of BTS's performance],1.0,0.0,0.0,0.0,1.0,0.0,0.0,0.0,Constantly in awe of BTS's performance,ADV + ADP + NOUN + ADP + PROPN + PART + NOUN,RB + IN + NN + IN + NNP + POS + NN,1662,6,40,5.833333333333333,ADV ADP NOUN ADP PROPN PART NOUN,4.956666666666666
4535,38,jl8GHkEguXE,680.791,684.111,https://www.youtube.com/watch?v=jl8GHkEguXE&t=680,[Puts on a new hat for his last scenes!],1.0,0.0,0.0,0.0,1.0,0.0,0.0,0.0,Puts on a new hat for his last scenes!,VERB + ADP + DET + ADJ + NOUN + ADP + PRON + ADJ + NOUN,VBZ + RP + DT + JJ + NN + IN + PRP$ + JJ + NNS,4535,9,40,3.555555555555556,VERB ADP DET ADJ NOUN ADP PRON ADJ NOUN,5.948888888888889
6253,39,O0SOK-_5owA,2396.733,2401.033,https://www.youtube.com/watch?v=O0SOK-_5owA&t=2396,[What in the world is this for?],1.0,0.0,0.0,0.0,1.0,0.0,0.0,0.0,What in the world is this for?,PRON + ADP + DET + NOUN + AUX + PRON + ADP,WP + IN + DT + NN + VBZ + DT + IN,6253,7,32,3.7142857142857135,PRON ADP DET NOUN AUX PRON ADP,6.881428571428572
4507,40,jGmDVjbE1z4,60.75,62.541,https://www.youtube.com/watch?v=jGmDVjbE1z4&t=60,[“not-so-special” Mr. Saitou and his friends],1.0,0.0,0.0,0.0,1.0,1.0,0.0,0.0,“not-so-special” Mr. Saitou and his friends,PART + ADV + ADJ + PROPN + PROPN + CCONJ + PRON + NOUN,RB + RB + JJ + NNP + NNP + CC + PRP$ + NNS,4507,6,45,6.666666666666667,PART ADV ADJ PROPN PROPN CCONJ PRON NOUN,5.308333333333334
7052,41,qbkH_0TNdk0,465.33,468.74,https://www.youtube.com/watch?v=qbkH_0TNdk0&t=465,(You're just being paid to have fun?),1.0,0.0,0.0,0.0,1.0,0.0,0.0,0.0,You're just being paid to have fun?,PRON + AUX + ADV + AUX + VERB + PART + VERB + NOUN,PRP + VBP + RB + VBG + VBN + TO + VB + NN,7052,7,37,4.428571428571429,PRON AUX ADV AUX VERB PART VERB NOUN,6.115714285714285
1739,42,8ML-5AAiM1Y,0.217,2.709,https://www.youtube.com/watch?v=8ML-5AAiM1Y&t=0,"♫ [""Lift Me Up"" by Rihanna] ♫",1.0,1.0,0.0,0.0,0.0,0.0,0.0,0.0,"""Lift Me Up"" by Rihanna",VERB + PRON + ADP + ADP + PROPN,VB + PRP + RP + IN + NNP,1739,7,29,3.2857142857142856,VERB PRON ADP ADP PROPN,5.047142857142857
6184,43,O0SOK-_5owA,1242.833,1246.6,https://www.youtube.com/watch?v=O0SOK-_5owA&t=1242,[the rest of them starts to get anxious],1.0,0.0,0.0,0.0,1.0,0.0,0.0,0.0,the rest of them starts to get anxious,DET + NOUN + ADP + PRON + VERB + PART + VERB + ADJ,DT + NN + IN + PRP + VBZ + TO + VB + JJ,6184,8,40,4.125,DET NOUN ADP PRON VERB PART VERB ADJ,6.147500000000001
3939,44,ile6FWIScck,160.59,165.179,https://www.youtube.com/watch?v=ile6FWIScck&t=160,"You can get them from Gatorade or whatever your gonna see. Um, mine is white and (ss:i thought you liked orange)",1.0,0.0,0.0,0.0,1.0,0.0,0.0,0.0,ss:i thought you liked orange,PROPN + PRON + VERB + PRON + VERB + ADJ,NNP + PRP + VBD + PRP + VBD + JJ,3939,21,112,4.380952380952381,PROPN PRON VERB PRON VERB ADJ,5.536190476190477
4530,45,jl8GHkEguXE,59.518,62.815,https://www.youtube.com/watch?v=jl8GHkEguXE&t=59,[Next set looks like a hospital ward!],1.0,0.0,0.0,0.0,1.0,0.0,0.0,0.0,Next set looks like a hospital ward!,ADJ + NOUN + VERB + ADP + DET + NOUN + NOUN,JJ + NN + VBZ + IN + DT + NN + NN,4530,7,38,4.571428571428571,ADJ NOUN VERB ADP DET NOUN NOUN,5.694285714285713
6124,46,O0SOK-_5owA,628.566,630.833,https://www.youtube.com/watch?v=O0SOK-_5owA&t=628,[But can't hide his nervousness],1.0,0.0,0.0,0.0,1.0,0.0,0.0,0.0,But can't hide his nervousness,CCONJ + AUX + PART + VERB + PRON + NOUN,CC + MD + RB + VB + PRP$ + NN,6124,5,32,5.6,CCONJ AUX PART VERB PRON NOUN,5.303999999999999
1689,47,8934qhVjaoA,2937.766,2940.966,https://www.youtube.com/watch?v=8934qhVjaoA&t=2937,[A strict evaluation for Team B as well],1.0,0.0,0.0,0.0,1.0,0.0,0.0,0.0,A strict evaluation for Team B as well,DET + ADJ + NOUN + ADP + NOUN + VERB + ADV + ADV,DT + JJ + NN + IN + NN + VBN + RB + RB,1689,8,40,4.125,DET ADJ NOUN ADP NOUN VERB ADV ADV,5.828749999999999
4813,48,kU8dLtl1KNM,228.499,229.332,https://www.youtube.com/watch?v=kU8dLtl1KNM&t=228,(Mike and Barry laugh),1.0,0.0,1.0,0.0,0.0,0.0,0.0,0.0,Mike and Barry laugh,PROPN + CCONJ + PROPN + NOUN,NNP + CC + NNP + NN,4813,4,22,4.75,PROPN CCONJ PROPN NOUN,5.2825
813,49,3XkjoLgZr60,54.08,54.898,https://www.youtube.com/watch?v=3XkjoLgZr60&t=54,[If you fell for j-hope's charms],1.0,0.0,0.0,0.0,1.0,0.0,0.0,0.0,If you fell for j-hope's charms,SCONJ + PRON + VERB + ADP + NOUN + NOUN + PART + NOUN,IN + PRP + VBD + IN + NN + NN + POS + NNS,813,6,33,4.666666666666667,SCONJ PRON VERB ADP NOUN NOUN PART NOUN,5.249999999999999
6113,50,O0SOK-_5owA,361.266,364.0,https://www.youtube.com/watch?v=O0SOK-_5owA&t=361,[Who is the debut group waiting for?],1.0,0.0,0.0,0.0,1.0,0.0,0.0,0.0,Who is the debut group waiting for?,PRON + AUX + DET + NOUN + NOUN + VERB + ADP,WP + VBZ + DT + NN + NN + VBG + IN,6113,7,37,4.428571428571429,PRON AUX DET NOUN NOUN VERB ADP,6.185714285714285
1660,51,8934qhVjaoA,1160.833,1162.7,https://www.youtube.com/watch?v=8934qhVjaoA&t=1160,[What is the song for Team B?],1.0,0.0,0.0,0.0,1.0,0.0,0.0,0.0,What is the song for Team B?,PRON + AUX + DET + NOUN + ADP + NOUN + PROPN,WP + VBZ + DT + NN + IN + NN + NNP,1660,7,30,3.4285714285714284,PRON AUX DET NOUN ADP NOUN PROPN,6.352857142857142
6278,52,O0SOK-_5owA,3358.7,3360.866,https://www.youtube.com/watch?v=O0SOK-_5owA&t=3358,[Close-up camera evaluation by Soma],1.0,0.0,0.0,0.0,1.0,0.0,0.0,0.0,Close-up camera evaluation by Soma,ADJ + ADP + NOUN + NOUN + ADP + NOUN,JJ + RP + NN + NN + IN + NN,6278,5,36,6.4,ADJ ADP NOUN NOUN ADP NOUN,4.854000000000001
6265,53,O0SOK-_5owA,2786.466,2788.166,https://www.youtube.com/watch?v=O0SOK-_5owA&t=2786,[Will they be able to fill up the &amp;RING?],1.0,0.0,0.0,0.0,1.0,0.0,0.0,0.0,Will they be able to fill up the &amp;RING?,AUX + PRON + AUX + ADJ + PART + VERB + ADP + PRON + PROPN,MD + PRP + VB + JJ + TO + VB + RP + DT + NNP,6265,9,45,4.111111111111111,AUX PRON AUX ADJ PART VERB ADP PRON PROPN,6.124444444444444
6189,54,O0SOK-_5owA,1284.933,1287.766,https://www.youtube.com/watch?v=O0SOK-_5owA&t=1284,"[Gather around, Pokémon friends!]",1.0,0.0,0.0,0.0,1.0,0.0,0.0,0.0,"Gather around, Pokémon friends!",VERB + ADP + PROPN + NOUN,VB + RP + NNP + NNS,6189,4,33,7.5,VERB ADP PROPN NOUN,4.785
6420,55,OHpaSs3Xv3Q,54.549,60.56,https://www.youtube.com/watch?v=OHpaSs3Xv3Q&t=54,Oil - 4-5 tbsp (foe making stuffing and to roast paranthas),1.0,0.0,0.0,0.0,0.0,0.0,1.0,0.0,foe making stuffing and to roast paranthas,VERB + VERB + NOUN + CCONJ + PART + VERB + NOUN,VB + VBG + NN + CC + TO + VB + NNS,6420,11,59,4.454545454545454,VERB VERB NOUN CCONJ PART VERB NOUN,4.078181818181818
1679,56,8934qhVjaoA,2032.2,2033.466,https://www.youtube.com/watch?v=8934qhVjaoA&t=2032,[A guy who doesn't know how to lose],1.0,0.0,0.0,0.0,1.0,0.0,0.0,0.0,A guy who doesn't know how to lose,DET + NOUN + PRON + AUX + PART + VERB + SCONJ + PART + VERB,DT + NN + WP + VBZ + RB + VB + WRB + TO + VB,1679,8,36,3.625,DET NOUN PRON AUX PART VERB SCONJ PART VERB,6.1850000000000005
6193,57,O0SOK-_5owA,1435.2,1436.966,https://www.youtube.com/watch?v=O0SOK-_5owA&t=1435,[It will be revealed now],1.0,0.0,0.0,0.0,1.0,0.0,0.0,0.0,It will be revealed now,PRON + AUX + AUX + VERB + ADV,PRP + MD + VB + VBN + RB,6193,5,25,4.2,PRON AUX AUX VERB ADV,6.204000000000001
3592,58,gPttEzhI_K4,153.043,158.893,https://www.youtube.com/watch?v=gPttEzhI_K4&t=153,"But when I went there [to volunteer], I saw how happy they [the tribes] were with the simple things.",1.0,0.0,0.0,0.0,0.0,0.0,1.0,0.0,to volunteer the tribes,PART + VERB + DET + NOUN,TO + VB + DT + NNS,3592,19,100,4.315789473684211,PART VERB DET NOUN,6.191052631578947
6236,59,O0SOK-_5owA,2125.766,2127.766,https://www.youtube.com/watch?v=O0SOK-_5owA&t=2125,[The producers suddenly show up],1.0,0.0,0.0,0.0,1.0,0.0,0.0,0.0,The producers suddenly show up,DET + NOUN + ADV + VERB + ADP,DT + NNS + RB + VBP + RP,6236,5,32,5.6,DET NOUN ADV VERB ADP,5.766
4533,60,jl8GHkEguXE,576.845,579.229,https://www.youtube.com/watch?v=jl8GHkEguXE&t=576,[Finishes filming the scene with V!],1.0,0.0,0.0,0.0,1.0,0.0,0.0,0.0,Finishes filming the scene with V!,VERB + VERB + DET + NOUN + ADP + NOUN,VBZ + VBG + DT + NN + IN + NN,4533,6,36,5.166666666666667,VERB VERB DET NOUN ADP NOUN,5.45
4536,61,jl8GHkEguXE,716.595,719.689,https://www.youtube.com/watch?v=jl8GHkEguXE&t=716,[Same scene but without the hat this time],1.0,0.0,0.0,0.0,1.0,0.0,0.0,0.0,Same scene but without the hat this time,ADJ + NOUN + CCONJ + ADP + DET + NOUN + DET + NOUN,JJ + NN + CC + IN + DT + NN + DT + NN,4536,8,42,4.375,ADJ NOUN CCONJ ADP DET NOUN DET NOUN,6.0575
6076,62,NvjtzKUaq-s,877.44,889.44,https://www.youtube.com/watch?v=NvjtzKUaq-s&t=877,The dome rises to a staggering height of 136.57 meters (448.1 ft) from the floor of the basilica right to the top of the cross outside making it the tallest dome in the world.,1.0,0.0,0.0,0.0,1.0,0.0,0.0,0.0,448.1 ft,NUM + NOUN,CD + NN,6076,34,175,4.176470588235294,NUM NOUN,5.695882352941176
6243,63,O0SOK-_5owA,2218.4,2220.1,https://www.youtube.com/watch?v=O0SOK-_5owA&t=2218,[The room is filled with tension],1.0,0.0,0.0,0.0,1.0,0.0,0.0,0.0,The room is filled with tension,DET + NOUN + AUX + VERB + ADP + NOUN,DT + NN + VBZ + VBN + IN + NN,6243,6,33,4.666666666666667,DET NOUN AUX VERB ADP NOUN,5.993333333333333
5195,64,lX9oGPFkL00,64.882,67.882,https://www.youtube.com/watch?v=lX9oGPFkL00&t=64,"[engine revs, tires screech]",1.0,0.0,1.0,0.0,0.0,0.0,0.0,0.0,"engine revs, tires screech",NOUN + NOUN + NOUN + NOUN,NN + NN + NNS + NN,5195,4,28,6.25,NOUN NOUN NOUN NOUN,3.65
2644,65,DcMexOinKhQ,701.36,707.31,https://www.youtube.com/watch?v=DcMexOinKhQ&t=701,A dog (and a funny-looking dog to boot) and,1.0,0.0,0.0,0.0,1.0,0.0,0.0,0.0,and a funny-looking dog to boot,CCONJ + DET + ADV + VERB + NOUN + ADP + NOUN,CC + DT + RB + VBG + NN + IN + NN,2644,9,43,3.888888888888889,CCONJ DET ADV VERB NOUN ADP NOUN,6.252222222222222
4531,66,jl8GHkEguXE,435.159,437.959,https://www.youtube.com/watch?v=jl8GHkEguXE&t=435,[j-hope pulls off the difficult scene!],1.0,0.0,0.0,0.0,1.0,0.0,0.0,0.0,j-hope pulls off the difficult scene!,PROPN + NOUN + VERB + ADP + DET + ADJ + NOUN,NNP + NN + VBZ + RP + DT + JJ + NN,4531,6,39,5.666666666666667,PROPN NOUN VERB ADP DET ADJ NOUN,5.43
6135,67,O0SOK-_5owA,779.766,782.066,https://www.youtube.com/watch?v=O0SOK-_5owA&t=779,[I speak 3 languages too],1.0,0.0,0.0,0.0,1.0,0.0,0.0,0.0,I speak 3 languages too,PRON + VERB + NUM + NOUN + ADV,PRP + VBP + CD + NNS + RB,6135,5,25,4.2,PRON VERB NUM NOUN ADV,5.680000000000001
149,68,0acJuZsr_nQ,401.546,405.796,https://www.youtube.com/watch?v=0acJuZsr_nQ&t=401,[Jurassic Park theme song humming],1.0,1.0,1.0,0.0,0.0,0.0,0.0,0.0,Jurassic Park theme song humming,PROPN + NOUN + NOUN + NOUN + VERB,NNP + NN + NN + NN + VBG,149,5,34,6.0,PROPN NOUN NOUN NOUN VERB,4.354
6196,69,O0SOK-_5owA,1455.2,1458.533,https://www.youtube.com/watch?v=O0SOK-_5owA&t=1455,[The performance starts with K],1.0,0.0,0.0,0.0,1.0,0.0,0.0,0.0,The performance starts with K,DET + NOUN + VERB + ADP + NUM,DT + NN + VBZ + IN + CD,6196,5,31,5.4,DET NOUN VERB ADP NUM,5.896
5199,70,lX9oGPFkL00,96.373,97.852,https://www.youtube.com/watch?v=lX9oGPFkL00&t=96,[insects chirping and buzzing],1.0,0.0,1.0,0.0,0.0,0.0,0.0,0.0,insects chirping and buzzing,NOUN + VERB + CCONJ + VERB,NNS + VBG + CC + VBG,5199,4,30,6.75,NOUN VERB CCONJ VERB,4.4875
683,71,3ul8D2QxfaM,630.462,632.131,https://www.youtube.com/watch?v=3ul8D2QxfaM&t=630,- [screams as Two-Face],1.0,0.0,1.0,1.0,0.0,0.0,0.0,0.0,screams as Two-Face,VERB + ADP + NUM + NOUN,VBZ + IN + CD + NN,683,4,23,5.0,VERB ADP NUM NOUN,3.9925
9826,72,ZEHIW_SrQx8,63.666,68.209,https://www.youtube.com/watch?v=ZEHIW_SrQx8&t=63,[Getting a random Proof card],1.0,0.0,0.0,0.0,1.0,0.0,0.0,0.0,Getting a random Proof card,VERB + DET + ADJ + NOUN + NOUN,VBG + DT + JJ + NN + NN,9826,5,29,5.0,VERB DET ADJ NOUN NOUN,5.449999999999999
5452,73,mWnIosFFYP4,828.52,831.56,https://www.youtube.com/watch?v=mWnIosFFYP4&t=828,"Similarly, there is another egg dish, which has Fanta (orange-flavor fizzy drink) in it.",1.0,0.0,0.0,0.0,1.0,0.0,0.0,0.0,orange-flavor fizzy drink,ADJ + NOUN + ADJ + NOUN,JJ + NN + JJ + NN,5452,14,88,5.357142857142857,ADJ NOUN ADJ NOUN,5.225714285714287
6211,74,O0SOK-_5owA,1701.5,1704.139,https://www.youtube.com/watch?v=O0SOK-_5owA&t=1701,[The morning of Round 1's performance],1.0,0.0,0.0,0.0,1.0,0.0,0.0,0.0,The morning of Round 1's performance,DET + NOUN + ADP + ADJ + NUM + PART + NOUN,DT + NN + IN + JJ + CD + POS + NN,6211,6,38,5.5,DET NOUN ADP ADJ NUM PART NOUN,6.0633333333333335
6284,75,O0SOK-_5owA,3425.266,3426.366,https://www.youtube.com/watch?v=O0SOK-_5owA&t=3425,[than the first two producers],1.0,0.0,0.0,0.0,1.0,0.0,0.0,0.0,than the first two producers,ADP + DET + ADJ + NUM + NOUN,IN + DT + JJ + CD + NNS,6284,5,30,5.2,ADP DET ADJ NUM NOUN,6.082
7186,76,qvamzKvNG0w,874.132,877.62,https://www.youtube.com/watch?v=qvamzKvNG0w&t=874,(upbeat electronic music continues),1.0,1.0,0.0,0.0,0.0,0.0,0.0,0.0,upbeat electronic music continues,PROPN + ADJ + NOUN + VERB,NNP + JJ + NN + VBZ,7186,4,35,8.0,PROPN ADJ NOUN VERB,4.5975
5502,77,N1j1evf4I3U,2173.836,2176.661,https://www.youtube.com/watch?v=N1j1evf4I3U&t=2173,"(""Tales from the Crypt"" theme plays)",1.0,1.0,0.0,0.0,0.0,0.0,0.0,0.0,"""Tales from the Crypt"" theme plays",NOUN + ADP + DET + NOUN + NOUN + NOUN,NNS + IN + DT + NN + NN + NNS,5502,6,36,5.166666666666667,NOUN ADP DET NOUN NOUN NOUN,5.170000000000001
6267,78,O0SOK-_5owA,3134.866,3137.133,https://www.youtube.com/watch?v=O0SOK-_5owA&t=3134,[The 14 members were required],1.0,0.0,0.0,0.0,1.0,0.0,0.0,0.0,The 14 members were required,DET + NUM + NOUN + AUX + VERB,DT + CD + NNS + VBD + VBN,6267,5,30,5.2,DET NUM NOUN AUX VERB,5.952
5237,79,M_zhvfBbvaA,888.16,890.32,https://www.youtube.com/watch?v=M_zhvfBbvaA&t=888,"[Great Tiger grunts, fall sound effect]",1.0,0.0,1.0,0.0,0.0,0.0,0.0,0.0,"Great Tiger grunts, fall sound effect",ADJ + NOUN + NOUN + VERB + ADJ + NOUN,JJ + NN + NNS + VB + JJ + NN,5237,6,39,5.666666666666667,ADJ NOUN NOUN VERB ADJ NOUN,4.733333333333333
4506,80,jGmDVjbE1z4,55.666,57.5,https://www.youtube.com/watch?v=jGmDVjbE1z4&t=55,"[The ""special"" adventures of]",1.0,0.0,0.0,0.0,1.0,1.0,0.0,0.0,"The ""special"" adventures of",DET + ADJ + NOUN + ADP,DT + JJ + NNS + IN,4506,4,29,6.5,DET ADJ NOUN ADP,6.154999999999999
6203,81,O0SOK-_5owA,1490.466,1492.633,https://www.youtube.com/watch?v=O0SOK-_5owA&t=1490,[requiring 15 members in perfect sync],1.0,0.0,0.0,0.0,1.0,0.0,0.0,0.0,requiring 15 members in perfect sync,VERB + NUM + NOUN + ADP + ADJ + NOUN,VBG + CD + NNS + IN + JJ + NN,6203,6,38,5.5,VERB NUM NOUN ADP ADJ NOUN,5.19
6208,82,O0SOK-_5owA,1624.766,1628.566,https://www.youtube.com/watch?v=O0SOK-_5owA&t=1624,[HYBE LABELS JAPAN performance director],1.0,0.0,0.0,0.0,1.0,0.0,0.0,0.0,HYBE LABELS JAPAN performance director,ADV + VERB + PROPN + NOUN + NOUN,RB + VBZ + NNP + NN + NN,6208,5,40,7.2,ADV VERB PROPN NOUN NOUN,3.856
6273,83,O0SOK-_5owA,3307.6,3310.9,https://www.youtube.com/watch?v=O0SOK-_5owA&t=3307,[Fails to understand Korean],1.0,0.0,0.0,0.0,1.0,0.0,0.0,0.0,Fails to understand Korean,VERB + PART + VERB + ADJ,VBZ + TO + VB + JJ,6273,4,28,6.25,VERB PART VERB ADJ,5.387499999999999
6155,84,O0SOK-_5owA,958.9,961.933,https://www.youtube.com/watch?v=O0SOK-_5owA&t=958,[The last trainee comes in],1.0,0.0,0.0,0.0,1.0,0.0,0.0,0.0,The last trainee comes in,DET + ADJ + NOUN + VERB + ADV,DT + JJ + NN + VBZ + RB,6155,5,27,4.6,DET ADJ NOUN VERB ADV,5.93
6358,85,O8N_mRPo2gc,602.966,604.496,https://www.youtube.com/watch?v=O8N_mRPo2gc&t=602,(Sean: That was really good.),1.0,0.0,0.0,1.0,0.0,0.0,0.0,0.0,Sean: That was really good.,PROPN + PRON + AUX + ADV + ADJ,NNP + DT + VBD + RB + JJ,6358,5,29,5.0,PROPN PRON AUX ADV ADJ,6.046
6204,86,O0SOK-_5owA,1555.5,1562.1,https://www.youtube.com/watch?v=O0SOK-_5owA&t=1555,[It looks hard even in 0.5x speed],1.0,0.0,0.0,0.0,1.0,0.0,0.0,0.0,It looks hard even in 0.5x speed,PRON + VERB + ADV + ADV + ADP + NOUN + NOUN,PRP + VBZ + RB + RB + IN + NN + NN,6204,7,34,4.0,PRON VERB ADV ADV ADP NOUN NOUN,5.157142857142857
4113,87,J7nGbnHRwNA,109.732,111.128,https://www.youtube.com/watch?v=J7nGbnHRwNA&t=109,"(""Row, Row, Row Your Boat"")",1.0,1.0,0.0,0.0,0.0,0.0,0.0,0.0,"""Row, Row, Row Your Boat""",NOUN + NOUN + VERB + PRON + NOUN,NN + NN + VB + PRP$ + NN,4113,5,27,4.6,NOUN NOUN VERB PRON NOUN,5.008
4725,88,KIa6S-L_xV4,223.683,224.683,https://www.youtube.com/watch?v=KIa6S-L_xV4&t=223,"-Students: “yes,” (one says “maybe.”)",1.0,0.0,0.0,1.0,1.0,1.0,0.0,0.0,one says “maybe.”,NOUN + VERB + ADV,NN + VBZ + RB,4725,5,37,6.6,NOUN VERB ADV,5.632
3166,89,FKLIIueTSJI,162.257,164.79,https://www.youtube.com/watch?v=FKLIIueTSJI&t=162,[BOTH SINGING NOTE TOGETHER],1.0,1.0,0.0,1.0,0.0,0.0,0.0,0.0,BOTH SINGING NOTE TOGETHER,DET + NOUN + NOUN + ADV,DT + NN + NN + RB,3166,4,28,6.25,DET NOUN NOUN ADV,5.22
6158,90,O0SOK-_5owA,980.633,983.266,https://www.youtube.com/watch?v=O0SOK-_5owA&t=980,[Perspective doesn't apply to him],1.0,0.0,0.0,0.0,1.0,0.0,0.0,0.0,Perspective doesn't apply to him,NOUN + AUX + PART + VERB + ADP + PRON,NN + VBZ + RB + VB + IN + PRP,6158,5,34,6.0,NOUN AUX PART VERB ADP PRON,5.688
6116,91,O0SOK-_5owA,396.8,399.633,https://www.youtube.com/watch?v=O0SOK-_5owA&t=396,[The four debut members meet ENHYPEN],1.0,0.0,0.0,0.0,1.0,0.0,0.0,0.0,The four debut members meet ENHYPEN,DET + NUM + NOUN + NOUN + VERB + ADJ,DT + CD + NN + NNS + VBP + JJ,6116,6,37,5.333333333333333,DET NUM NOUN NOUN VERB ADJ,4.733333333333333
1382,92,7o7Zxkr9jE0,155.989,157.59,https://www.youtube.com/watch?v=7o7Zxkr9jE0&t=155,"[ Laughter, audience ""oohs"" ]",1.0,0.0,1.0,1.0,0.0,1.0,0.0,0.0,"Laughter, audience ""oohs""",PROPN + NOUN + ADJ,NNP + NN + JJ,1382,5,29,5.0,PROPN NOUN ADJ,2.146
5240,93,M_zhvfBbvaA,950.109,952.48,https://www.youtube.com/watch?v=M_zhvfBbvaA&t=950,"[eyebrow twitch ding, Piston Hondo grunting]",1.0,0.0,1.0,0.0,0.0,0.0,0.0,0.0,"eyebrow twitch ding, Piston Hondo grunting",VERB + VERB + NOUN + PROPN + NOUN + VERB,VB + VB + NN + NNP + NN + VBG,5240,6,44,6.5,VERB VERB NOUN PROPN NOUN VERB,3.236666666666667
4505,94,jGmDVjbE1z4,10.666,15.083,https://www.youtube.com/watch?v=jGmDVjbE1z4&t=10,[The story of Saitou and his party],1.0,0.0,0.0,0.0,1.0,0.0,0.0,0.0,The story of Saitou and his party,DET + NOUN + ADP + NOUN + CCONJ + PRON + NOUN,DT + NN + IN + NN + CC + PRP$ + NN,4505,7,35,4.142857142857143,DET NOUN ADP NOUN CCONJ PRON NOUN,5.93
4934,95,L50sMy1EFKU,708.52,718.72,https://www.youtube.com/watch?v=L50sMy1EFKU&t=708,"[♪ happy, upbeat background music ♪]",1.0,1.0,0.0,0.0,0.0,0.0,0.0,0.0,"♪ happy, upbeat background music ♪",X + ADJ + ADJ + NOUN + NOUN + AUX,FW + JJ + JJ + NN + NN + JJS,4934,6,36,5.166666666666667,X ADJ ADJ NOUN NOUN AUX,4.458333333333333
8773,96,XbGs_qK2PQA,0.734,1.301,https://www.youtube.com/watch?v=XbGs_qK2PQA&t=0,"(""Rap God"" by Eminem)",1.0,0.0,0.0,0.0,1.0,1.0,0.0,0.0,"""Rap God"" by Eminem",PROPN + PROPN + ADP + PROPN,NNP + NNP + IN + NNP,8773,4,21,4.5,PROPN PROPN ADP PROPN,4.9225
523,97,36RspkIcPyk,60.926,63.462,https://www.youtube.com/watch?v=36RspkIcPyk&t=60,"[Lay Lay on phone] Hey hey,",1.0,0.0,0.0,1.0,0.0,0.0,0.0,0.0,Lay Lay on phone,VERB + VERB + ADP + NOUN,VBD + VBN + IN + NN,523,6,27,3.6666666666666665,VERB VERB ADP NOUN,5.288333333333333
6056,98,NUAvdYNGTQU,55.56,60.46,https://www.youtube.com/watch?v=NUAvdYNGTQU&t=55,"…coriander leaves, kachampui (special black vinegar from Coorg).",1.0,0.0,0.0,0.0,1.0,0.0,0.0,0.0,special black vinegar from Coorg,ADJ + ADJ + NOUN + ADP + PROPN,JJ + JJ + NN + IN + NNP,6056,8,64,7.125,ADJ ADJ NOUN ADP PROPN,3.8425
3037,99,f-ZGjWGE4Fw,91.797,92.971,https://www.youtube.com/watch?v=f-ZGjWGE4Fw&t=91,(I think I'n quite good~),1.0,0.0,0.0,0.0,0.0,0.0,1.0,0.0,I think I'n quite good~,PRON + VERB + VERB + ADV + NOUN,PRP + VBP + VBP + RB + NNS,3037,5,25,4.2,PRON VERB VERB ADV NOUN,5.2780000000000005
6292,100,O0SOK-_5owA,3550.066,3556.366,https://www.youtube.com/watch?v=O0SOK-_5owA&t=3550,[Close-up cam footage playing],1.0,0.0,0.0,0.0,1.0,0.0,0.0,0.0,Close-up cam footage playing,ADJ + ADP + NOUN + NOUN + NOUN,JJ + RP + NN + NN + NN,6292,4,30,6.75,ADJ ADP NOUN NOUN NOUN,4.775
6126,101,O0SOK-_5owA,639.833,642.2,https://www.youtube.com/watch?v=O0SOK-_5owA&t=639,[The first trainee shows up],1.0,0.0,0.0,0.0,1.0,0.0,0.0,0.0,The first trainee shows up,DET + ADJ + NOUN + VERB + ADP,DT + JJ + NN + VBZ + RP,6126,5,28,4.8,DET ADJ NOUN VERB ADP,5.7780000000000005
8371,102,V7qtEJ4-uqo,236.805,251.56,https://www.youtube.com/watch?v=V7qtEJ4-uqo&t=236,There is another interesting twist you can add to this. Crush 4 garlic cloves (with the peel intact),1.0,0.0,0.0,0.0,1.0,0.0,0.0,0.0,with the peel intact,ADP + DET + NOUN + ADJ,IN + DT + NN + JJ,8371,18,100,4.611111111111111,ADP DET NOUN ADJ,5.578888888888889
3277,103,G0oOta9Lfts,9.041,10.843,https://www.youtube.com/watch?v=G0oOta9Lfts&t=9,[Ou Di Wan Lee],1.0,0.0,0.0,1.0,0.0,0.0,0.0,0.0,Ou Di Wan Lee,X + X + PROPN + PROPN,FW + FW + NNP + NNP,3277,4,15,3.0,X X PROPN PROPN,4.1575
6130,104,O0SOK-_5owA,669.3,671.3,https://www.youtube.com/watch?v=O0SOK-_5owA&t=669,[Should I give him a hand?],1.0,0.0,0.0,0.0,1.0,0.0,0.0,0.0,Should I give him a hand?,AUX + PRON + VERB + PRON + DET + NOUN,MD + PRP + VB + PRP + DT + NN,6130,6,27,3.6666666666666665,AUX PRON VERB PRON DET NOUN,6.278333333333333
5267,105,McKiGAkzza4,180.313,184.184,https://www.youtube.com/watch?v=McKiGAkzza4&t=180,(Khalid sings words of praise),1.0,1.0,0.0,0.0,0.0,0.0,0.0,0.0,Khalid sings words of praise,NOUN + NOUN + NOUN + ADP + NOUN,NN + NNS + NNS + IN + NN,5267,5,30,5.2,NOUN NOUN NOUN ADP NOUN,4.824
6190,106,O0SOK-_5owA,1287.766,1290.0,https://www.youtube.com/watch?v=O0SOK-_5owA&t=1287,[Wobbuffet was totally spot on too],1.0,0.0,0.0,0.0,1.0,0.0,0.0,0.0,Wobbuffet was totally spot on too,NOUN + AUX + ADV + NOUN + ADP + ADV,NN + VBD + RB + NN + IN + RB,6190,6,35,5.0,NOUN AUX ADV NOUN ADP ADV,5.14
807,107,3XkjoLgZr60,31.671,32.769,https://www.youtube.com/watch?v=3XkjoLgZr60&t=31,[Everyone fell to the floor laughing],1.0,0.0,1.0,0.0,1.0,0.0,0.0,0.0,Everyone fell to the floor laughing,PRON + VERB + ADP + DET + NOUN + VERB,NN + VBD + IN + DT + NN + VBG,807,6,37,5.333333333333333,PRON VERB ADP DET NOUN VERB,5.838333333333334
6159,108,O0SOK-_5owA,983.833,987.366,https://www.youtube.com/watch?v=O0SOK-_5owA&t=983,"[&amp;AUDITION's 11th trainee, JO]",1.0,0.0,0.0,0.0,1.0,0.0,0.0,0.0,"&amp;AUDITION's 11th trainee, JO",PROPN + PART + ADJ + NOUN + PROPN,NNP + POS + JJ + NN + NNP,6159,4,34,7.75,PROPN PART ADJ NOUN PROPN,2.8375000000000004
1686,109,8934qhVjaoA,2870.866,2875.3,https://www.youtube.com/watch?v=8934qhVjaoA&t=2870,[GAKU starts off with a steady voice],1.0,0.0,0.0,0.0,1.0,0.0,0.0,0.0,GAKU starts off with a steady voice,PROPN + VERB + ADP + ADP + DET + ADJ + NOUN,NNP + VBZ + RP + IN + DT + JJ + NN,1686,7,37,4.428571428571429,PROPN VERB ADP ADP DET ADJ NOUN,5.138571428571429
7043,110,QAGIjIIM91Y,4826.84,4832.4,https://www.youtube.com/watch?v=QAGIjIIM91Y&t=4826,"(A song from ""MJ"" album.)",1.0,1.0,0.0,0.0,0.0,1.0,0.0,0.0,"A song from ""MJ"" album.",DET + NOUN + ADP + INTJ + NOUN,DT + NN + IN + UH + NN,7043,5,25,4.2,DET NOUN ADP INTJ NOUN,5.536
2645,111,DcMexOinKhQ,1786.43,1800.0,https://www.youtube.com/watch?v=DcMexOinKhQ&t=1786,I'm stuck! [dog bark] Get back! [dog bark],1.0,0.0,1.0,0.0,0.0,0.0,0.0,0.0,dog bark dog bark,PROPN + PROPN + PROPN + PROPN,NNP + NNP + NNP + NNP,2645,8,42,4.375,PROPN PROPN PROPN PROPN,5.13125
6167,112,O0SOK-_5owA,1078.266,1081.966,https://www.youtube.com/watch?v=O0SOK-_5owA&t=1078,[Effortlessly dribbling between his legs],1.0,0.0,0.0,0.0,1.0,0.0,0.0,0.0,Effortlessly dribbling between his legs,ADV + VERB + ADP + PRON + NOUN,RB + VBG + IN + PRP$ + NNS,6167,5,41,7.4,ADV VERB ADP PRON NOUN,4.618
6270,113,O0SOK-_5owA,3206.866,3209.233,https://www.youtube.com/watch?v=O0SOK-_5owA&t=3206,[K's close-up camera evaluation begins],1.0,0.0,0.0,0.0,1.0,0.0,0.0,0.0,K's close-up camera evaluation begins,PROPN + PART + VERB + ADP + NOUN + NOUN + VERB,NNP + POS + VB + RP + NN + NN + VBZ,6270,5,39,7.0,PROPN PART VERB ADP NOUN NOUN VERB,4.336
9493,114,zdjT5VRQzwM,879.878,880.779,https://www.youtube.com/watch?v=zdjT5VRQzwM&t=879,"(mellifluous music begins, abruptly ends)",1.0,1.0,0.0,0.0,0.0,0.0,0.0,0.0,"mellifluous music begins, abruptly ends",ADJ + NOUN + VERB + ADV + VERB,JJ + NN + VBZ + RB + VBZ,9493,5,41,7.4,ADJ NOUN VERB ADV VERB,4.106
8218,115,UgtaUnYLrZ0,128.18,135.36,https://www.youtube.com/watch?v=UgtaUnYLrZ0&t=128,"But in 3D you got up, down, left, right, forward, backward, s-s (uhh) slightly right and diagonal, diagonal going up... etc.",1.0,0.0,0.0,0.0,0.0,1.0,0.0,0.0,uhh,NOUN,NN,8218,21,124,4.9523809523809526,NOUN,5.482857142857143
2811,116,E4OkbPN4z7o,361.183,364.215,https://www.youtube.com/watch?v=E4OkbPN4z7o&t=361,"[That was easy.]"" Yes, it was.",1.0,0.0,0.0,0.0,1.0,1.0,0.0,0.0,That was easy.,PRON + AUX + ADJ,DT + VBD + JJ,2811,6,30,4.166666666666667,PRON AUX ADJ,6.398333333333333
4534,117,jl8GHkEguXE,609.487,611.307,https://www.youtube.com/watch?v=jl8GHkEguXE&t=609,[Feeling energized! Time to keep going!],1.0,0.0,0.0,0.0,1.0,0.0,0.0,0.0,Feeling energized! Time to keep going!,VERB + VERB + NOUN + PART + VERB + VERB,VBG + VBN + NN + TO + VB + VBG,4534,6,40,5.833333333333333,VERB VERB NOUN PART VERB VERB,5.585
8613,118,WRYhzEXyiQc,171.582,175.665,https://www.youtube.com/watch?v=WRYhzEXyiQc&t=171,(audience cheering and applause),1.0,0.0,1.0,0.0,0.0,0.0,0.0,0.0,audience cheering and applause,NOUN + VERB + CCONJ + NOUN,NN + VBG + CC + NN,8613,4,32,7.25,NOUN VERB CCONJ NOUN,4.95
6143,119,O0SOK-_5owA,851.866,855.666,https://www.youtube.com/watch?v=O0SOK-_5owA&t=851,[What? He just passed by?],1.0,0.0,0.0,0.0,1.0,0.0,0.0,0.0,What? He just passed by?,PRON + PRON + ADV + VERB + ADP,WP + PRP + RB + VBD + IN,6143,5,26,4.4,PRON PRON ADV VERB ADP,6.216
6250,120,O0SOK-_5owA,2364.533,2369.133,https://www.youtube.com/watch?v=O0SOK-_5owA&t=2364,[Is my score written inside?],1.0,0.0,0.0,0.0,1.0,0.0,0.0,0.0,Is my score written inside?,AUX + PRON + NOUN + VERB + ADV,VBZ + PRP$ + NN + VBN + RB,6250,5,29,5.0,AUX PRON NOUN VERB ADV,5.75
6301,121,O0SOK-_5owA,3858.0,3860.366,https://www.youtube.com/watch?v=O0SOK-_5owA&t=3858,[What is a concept mission?],1.0,0.0,0.0,0.0,1.0,0.0,0.0,0.0,What is a concept mission?,PRON + AUX + DET + NOUN + NOUN,WP + VBZ + DT + NN + NN,6301,5,28,4.8,PRON AUX DET NOUN NOUN,6.09
7999,122,TGqqefqXzeo,100.5,104.0,https://www.youtube.com/watch?v=TGqqefqXzeo&t=100,Ai-Yai-Yai-Yai-Yeah (Diggin’ on you),1.0,1.0,0.0,1.0,0.0,0.0,0.0,0.0,Diggin’ on you,NOUN + ADP + PRON,NN + IN + PRP,7999,4,36,8.25,NOUN ADP PRON,4.5625
5854,123,NA5vT1LooXk,1966.983,1971.566,https://www.youtube.com/watch?v=NA5vT1LooXk&t=1966,(player interacting with envirionment),1.0,0.0,1.0,0.0,0.0,0.0,0.0,0.0,player interacting with envirionment,NOUN + VERB + ADP + NOUN,NN + VBG + IN + NN,5854,4,38,8.75,NOUN VERB ADP NOUN,3.925
5872,124,nBYhHDpkUgM,2072.71,2075.545,https://www.youtube.com/watch?v=nBYhHDpkUgM&t=2072,(Keith imitates a horn),1.0,1.0,1.0,0.0,0.0,0.0,0.0,0.0,Keith imitates a horn,PROPN + VERB + DET + NOUN,NNP + VBZ + DT + NN,5872,4,23,5.0,PROPN VERB DET NOUN,4.6000000000000005
812,125,3XkjoLgZr60,49.133,50.633,https://www.youtube.com/watch?v=3XkjoLgZr60&t=49,[It was my pleasure!!],1.0,0.0,0.0,0.0,1.0,0.0,0.0,0.0,It was my pleasure!!,PRON + AUX + PRON + NOUN,PRP + VBD + PRP$ + NN,812,4,22,4.75,PRON AUX PRON NOUN,6.2275
6172,126,O0SOK-_5owA,1127.766,1132.5,https://www.youtube.com/watch?v=O0SOK-_5owA&t=1127,[The worrisome trainee's powerful dance],1.0,0.0,0.0,0.0,1.0,0.0,0.0,0.0,The worrisome trainee's powerful dance,DET + ADJ + NOUN + PART + ADJ + NOUN,DT + JJ + NN + POS + JJ + NN,6172,5,40,7.2,DET ADJ NOUN PART ADJ NOUN,4.337999999999999
6179,127,O0SOK-_5owA,1189.6,1193.533,https://www.youtube.com/watch?v=O0SOK-_5owA&t=1189,[Where did the shy trainee go?],1.0,0.0,0.0,0.0,1.0,0.0,0.0,0.0,Where did the shy trainee go?,SCONJ + AUX + DET + ADJ + NOUN + VERB,WRB + VBD + DT + JJ + NN + VB,6179,6,31,4.333333333333333,SCONJ AUX DET ADJ NOUN VERB,5.551666666666667
800,128,3XkjoLgZr60,15.272,16.248,https://www.youtube.com/watch?v=3XkjoLgZr60&t=15,[Losing himself in the moment],1.0,0.0,0.0,0.0,1.0,0.0,0.0,0.0,Losing himself in the moment,VERB + PRON + ADP + DET + NOUN,VBG + PRP + IN + DT + NN,800,5,30,5.2,VERB PRON ADP DET NOUN,6.068
811,129,3XkjoLgZr60,44.603,46.159,https://www.youtube.com/watch?v=3XkjoLgZr60&t=44,[Painting meticulously to the rhythm],1.0,0.0,0.0,0.0,1.0,0.0,0.0,0.0,Painting meticulously to the rhythm,VERB + ADV + ADP + DET + NOUN,VBG + RB + IN + DT + NN,811,5,37,6.6,VERB ADV ADP DET NOUN,5.378
3938,130,ile6FWIScck,82.96,87.21,https://www.youtube.com/watch?v=ile6FWIScck&t=82,Slave that just kind of does stuff for people. Jake you found Neptr (ss:u have a problem alex),1.0,0.0,0.0,0.0,1.0,0.0,0.0,0.0,ss:u have a problem alex,PROPN + PRON + VERB + DET + NOUN + NOUN,NNP + PRP + VBP + DT + NN + NN,3938,18,94,4.277777777777778,PROPN PRON VERB DET NOUN NOUN,5.314444444444445
6059,131,NUAvdYNGTQU,473.64,476.0,https://www.youtube.com/watch?v=NUAvdYNGTQU&t=473,"Somebody who is unfamiliar with Kadubu may also confuse it with Rasgulla (Indian white sweet),…",1.0,0.0,0.0,0.0,1.0,0.0,0.0,0.0,Indian white sweet,PROPN + PROPN + ADJ,NNP + NNP + JJ,6059,15,95,5.4,PROPN PROPN ADJ,4.987333333333335
4473,132,jc_-Y9rDN2g,355.77,357.548,https://www.youtube.com/watch?v=jc_-Y9rDN2g&t=355,[Science for the public good],1.0,0.0,0.0,0.0,1.0,0.0,0.0,0.0,Science for the public good,NOUN + ADP + DET + ADJ + NOUN,NN + IN + DT + JJ + NN,4473,5,29,5.0,NOUN ADP DET ADJ NOUN,6.3100000000000005
6473,133,Oie4gg-oQ6g,323.007,324.535,https://www.youtube.com/watch?v=Oie4gg-oQ6g&t=323,(Andrew blows short raspberry).,1.0,0.0,1.0,0.0,0.0,0.0,0.0,0.0,Andrew blows short raspberry,PROPN + VERB + ADJ + NOUN,NNP + VBZ + JJ + NN,6473,4,31,7.0,PROPN VERB ADJ NOUN,4.359999999999999
3764,134,hMOCumxpdvU,846.843,850.926,https://www.youtube.com/watch?v=hMOCumxpdvU&t=846,"(cross-talking, general chatter)",1.0,0.0,1.0,0.0,0.0,0.0,0.0,0.0,"cross-talking, general chatter",ADJ + ADJ + ADJ + NOUN,JJ + JJ + JJ + NN,3764,3,32,10.0,ADJ ADJ ADJ NOUN,4.556666666666666
6299,135,O0SOK-_5owA,3694.466,3698.5,https://www.youtube.com/watch?v=O0SOK-_5owA&t=3694,[K received 9 &amp;BALLs],1.0,0.0,0.0,0.0,1.0,0.0,0.0,0.0,K received 9 &amp;BALLs,PROPN + VERB + NUM + NOUN,NNP + VBD + CD + NNS,6299,4,25,5.5,PROPN VERB NUM NOUN,4.8
6264,136,O0SOK-_5owA,2741.066,2743.033,https://www.youtube.com/watch?v=O0SOK-_5owA&t=2741,[Our debut will be canceled?],1.0,0.0,0.0,0.0,1.0,0.0,0.0,0.0,Our debut will be canceled?,PRON + NOUN + AUX + AUX + VERB,PRP$ + NN + MD + VB + VBN,6264,5,29,5.0,PRON NOUN AUX AUX VERB,5.56
2533,137,CMc8l4aTZRQ,419.066,421.2,https://www.youtube.com/watch?v=CMc8l4aTZRQ&t=419,(Byeon Jong-mo / Travel Writer),1.0,0.0,0.0,0.0,1.0,0.0,0.0,0.0,Byeon Jong-mo / Travel Writer,PROPN + PROPN + PROPN + NOUN + NOUN,NNP + NNP + NNP + NN + NN,2533,5,31,5.4,PROPN PROPN PROPN NOUN NOUN,2.8800000000000003
3579,138,gpIRIOCPtKE,15.646,25.311,https://www.youtube.com/watch?v=gpIRIOCPtKE&t=15,"1/4kg sugar, 1/4kg rava (semolina), 1/2 ltr milk, 1/4kg ghee (clarified butter), 1 elaichi banana sliced, raisins as required.",1.0,0.0,0.0,0.0,1.0,0.0,0.0,0.0,semolina clarified butter,NOUN + VERB + NOUN,NN + VBN + NN,3579,19,126,5.684210526315789,NOUN VERB NOUN,3.477894736842105
4730,139,KqOExCbk0l4,225.642,227.018,https://www.youtube.com/watch?v=KqOExCbk0l4&t=225,(rap music playing faintly),1.0,1.0,0.0,0.0,0.0,0.0,0.0,0.0,rap music playing faintly,NOUN + NOUN + VERB + ADV,NN + NN + VBG + RB,4730,4,27,6.0,NOUN NOUN VERB ADV,4.510000000000001
6064,140,NUAvdYNGTQU,1170.68,1173.88,https://www.youtube.com/watch?v=NUAvdYNGTQU&t=1170,The appam I had in Mumbai was like this shape (makes bowl shape with hands).,1.0,0.0,0.0,0.0,1.0,0.0,0.0,0.0,makes bowl shape with hands,VERB + NOUN + NOUN + ADP + NOUN,VBZ + NN + NN + IN + NNS,6064,15,76,4.133333333333334,VERB NOUN NOUN ADP NOUN,5.683333333333333
4483,141,jDpVg-UEGCI,11.944,15.114,https://www.youtube.com/watch?v=jDpVg-UEGCI&t=11,[jazz music starts playing],1.0,1.0,0.0,0.0,0.0,0.0,0.0,0.0,jazz music starts playing,NOUN + NOUN + VERB + VERB,NN + NN + VBZ + VBG,4483,4,27,6.0,NOUN NOUN VERB VERB,5.007499999999999
1668,142,8934qhVjaoA,1645.233,1649.566,https://www.youtube.com/watch?v=8934qhVjaoA&t=1645,[#Mouth full of pizza],1.0,0.0,0.0,0.0,1.0,0.0,0.0,0.0,#Mouth full of pizza,NOUN + ADJ + ADP + NOUN,NN + JJ + IN + NN,1668,4,22,4.75,NOUN ADJ ADP NOUN,5.550000000000001
6149,143,O0SOK-_5owA,886.566,887.5,https://www.youtube.com/watch?v=O0SOK-_5owA&t=886,[This doesn't work...],1.0,0.0,0.0,0.0,1.0,0.0,0.0,0.0,This doesn't work...,PRON + AUX + PART + VERB,DT + VBZ + RB + VB,6149,3,22,6.666666666666667,PRON AUX PART VERB,6.103333333333334
7017,144,pvps2jYFFE8,742.033,744.033,https://www.youtube.com/watch?v=pvps2jYFFE8&t=742,"[ Audience shouting ""False!"" ]",1.0,0.0,0.0,1.0,1.0,1.0,0.0,0.0,"Audience shouting ""False!""",NOUN + VERB + ADJ,NN + VBG + JJ,7017,5,30,5.2,NOUN VERB ADJ,2.6660000000000004
6207,145,O0SOK-_5owA,1597.247,1600.066,https://www.youtube.com/watch?v=O0SOK-_5owA&t=1597,[BIGHIT MUSIC producer Pdogg],1.0,0.0,0.0,0.0,1.0,0.0,0.0,0.0,BIGHIT MUSIC producer Pdogg,ADJ + NOUN + NOUN + NOUN,JJ + NN + NN + NN,6207,4,29,6.5,ADJ NOUN NOUN NOUN,3.24
3893,146,IAo71mL8-60,188.787,190.756,https://www.youtube.com/watch?v=IAo71mL8-60&t=188,(clearing throat and coughing),1.0,0.0,1.0,0.0,0.0,0.0,0.0,0.0,clearing throat and coughing,VERB + NOUN + CCONJ + VERB,VBG + NN + CC + VBG,3893,4,30,6.75,VERB NOUN CCONJ VERB,4.8025
4752,147,KRUk4aR3MEU,0.7,3.303,https://www.youtube.com/watch?v=KRUk4aR3MEU&t=0,[ Up-tempo music plays ],1.0,1.0,0.0,0.0,0.0,0.0,0.0,0.0,Up-tempo music plays,ADP + NOUN + NOUN + VERB,IN + NN + NN + VBZ,4752,5,24,4.0,ADP NOUN NOUN VERB,2.82
6218,148,O0SOK-_5owA,1878.733,1883.433,https://www.youtube.com/watch?v=O0SOK-_5owA&t=1878,[Unsure what to do],1.0,0.0,0.0,0.0,1.0,0.0,0.0,0.0,Unsure what to do,VERB + PRON + PART + VERB,VB + WP + TO + VB,6218,4,19,4.0,VERB PRON PART VERB,5.977499999999999
6217,149,O0SOK-_5owA,1832.966,1833.8,https://www.youtube.com/watch?v=O0SOK-_5owA&t=1832,[What do we do now?],1.0,0.0,0.0,0.0,1.0,0.0,0.0,0.0,What do we do now?,PRON + AUX + PRON + VERB + ADV,WP + VBP + PRP + VB + RB,6217,5,20,3.2,PRON AUX PRON VERB ADV,6.359999999999999
5503,150,N1j1evf4I3U,2193.658,2197.01,https://www.youtube.com/watch?v=N1j1evf4I3U&t=2193,"(""X-Men"" theme plays)",1.0,1.0,0.0,0.0,0.0,0.0,0.0,0.0,"""X-Men"" theme plays",NOUN + ADJ + NOUN + NOUN,NNS + JJ + NN + NNS,5503,3,21,6.333333333333333,NOUN ADJ NOUN NOUN,4.83
8222,151,UgtaUnYLrZ0,418.36,422.0,https://www.youtube.com/watch?v=UgtaUnYLrZ0&t=418,I will now perform rap shit towards some of your names on Patreon. (dog help us all),1.0,0.0,0.0,0.0,1.0,0.0,0.0,0.0,dog help us all,NOUN + VERB + PRON + PRON,NN + VBP + PRP + DT,8222,17,84,4.0,NOUN VERB PRON PRON,5.730588235294117
810,152,3XkjoLgZr60,42.705,44.602,https://www.youtube.com/watch?v=3XkjoLgZr60&t=42,[#Kind-hearted_Jeong_Sweet],1.0,0.0,0.0,0.0,1.0,0.0,0.0,0.0,#Kind-hearted_Jeong_Sweet,NOUN + NOUN,NN + NN,810,1,27,27.0,NOUN NOUN,0.0
799,153,3XkjoLgZr60,11.705,13.816,https://www.youtube.com/watch?v=3XkjoLgZr60&t=11,[The dance machine's on the floor],1.0,0.0,0.0,0.0,1.0,0.0,0.0,0.0,The dance machine's on the floor,DET + NOUN + NOUN + AUX + ADP + DET + NOUN,DT + NN + NN + VBZ + IN + DT + NN,799,6,34,4.833333333333333,DET NOUN NOUN AUX ADP DET NOUN,5.831666666666667
6071,154,NvjtzKUaq-s,384.442,395.929,https://www.youtube.com/watch?v=NvjtzKUaq-s&t=384,This statue of St. Paul was sculpted in 1838 by Adamo Tadolini and placed here in 1847. It is 18 ft (5.5m) tall.,1.0,0.0,0.0,0.0,1.0,0.0,0.0,0.0,5.5m,NUM + NUM,CD + CD,6071,23,112,3.9130434782608696,NUM NUM,5.062608695652174
6245,155,O0SOK-_5owA,2262.333,2263.533,https://www.youtube.com/watch?v=O0SOK-_5owA&t=2262,[Everyone gets tensed up],1.0,0.0,0.0,0.0,1.0,0.0,0.0,0.0,Everyone gets tensed up,PRON + AUX + VERB + ADP,NN + VBZ + VBN + RP,6245,4,25,5.5,PRON AUX VERB ADP,4.9375
7046,156,QAGIjIIM91Y,4916.48,4921.44,https://www.youtube.com/watch?v=QAGIjIIM91Y&t=4916,"(A song from the movie, ""BAASHA"".)",1.0,1.0,0.0,0.0,0.0,1.0,0.0,0.0,"A song from the movie, ""BAASHA"".",DET + NOUN + ADP + DET + NOUN + PROPN,DT + NN + IN + DT + NN + NNP,7046,6,34,4.833333333333333,DET NOUN ADP DET NOUN PROPN,5.623333333333334
6220,157,O0SOK-_5owA,1982.233,1984.933,https://www.youtube.com/watch?v=O0SOK-_5owA&t=1982,[The producers are amazed],1.0,0.0,0.0,0.0,1.0,0.0,0.0,0.0,The producers are amazed,DET + NOUN + AUX + ADJ,DT + NNS + VBP + JJ,6220,4,26,5.75,DET NOUN AUX ADJ,5.680000000000001
1264,158,67TCwZCObCI,417.92,419.278,https://www.youtube.com/watch?v=67TCwZCObCI&t=417,(Sascha speaking nonsensically),1.0,0.0,1.0,1.0,0.0,0.0,0.0,0.0,Sascha speaking nonsensically,PROPN + VERB + ADV,NNP + VBG + RB,1264,3,31,9.666666666666666,PROPN VERB ADV,2.93
3593,159,gPttEzhI_K4,189.494,192.504,https://www.youtube.com/watch?v=gPttEzhI_K4&t=189,I'm very thankful that they [Tribu Ni Bro] know many people.,1.0,0.0,0.0,0.0,0.0,0.0,1.0,0.0,Tribu Ni Bro,X + ADP + PROPN,XX + IN + NNP,3593,11,60,4.545454545454546,X ADP PROPN,5.25
6414,160,ohJrpHUoZ10,252.951,256.022,https://www.youtube.com/watch?v=ohJrpHUoZ10&t=252,[Mario yelling in slow-motion],1.0,0.0,1.0,0.0,0.0,0.0,0.0,0.0,Mario yelling in slow-motion,PROPN + VERB + ADP + ADJ + NOUN,NNP + VBG + IN + JJ + NN,6414,4,30,6.75,PROPN VERB ADP ADJ NOUN,4.984999999999999
1690,161,8934qhVjaoA,3026.8,3030.533,https://www.youtube.com/watch?v=8934qhVjaoA&t=3026,[After everyone checks their &amp;BALLs],1.0,0.0,0.0,0.0,1.0,0.0,0.0,0.0,After everyone checks their &amp;BALLs,SCONJ + PRON + VERB + PRON + NOUN,IN + NN + VBZ + PRP$ + NNS,1690,5,40,7.2,SCONJ PRON VERB PRON NOUN,5.188
6531,162,Oie4gg-oQ6g,863.585,867.502,https://www.youtube.com/watch?v=Oie4gg-oQ6g&t=863,(Andrew mock pants like a dog),1.0,0.0,1.0,0.0,0.0,0.0,0.0,0.0,Andrew mock pants like a dog,PROPN + PROPN + NOUN + ADP + DET + NOUN,NNP + NNP + NNS + IN + DT + NN,6531,6,30,4.166666666666667,PROPN PROPN NOUN ADP DET NOUN,5.295000000000001
5239,163,M_zhvfBbvaA,913.76,919.02,https://www.youtube.com/watch?v=M_zhvfBbvaA&t=913,[King Hippo grunts and groans],1.0,0.0,1.0,0.0,0.0,0.0,0.0,0.0,King Hippo grunts and groans,PROPN + NOUN + NOUN + CCONJ + NOUN,NNP + NN + NNS + CC + NNS,5239,5,30,5.2,PROPN NOUN NOUN CCONJ NOUN,4.312
1459,164,7RjfBekS2iQ,313.488,317.206,https://www.youtube.com/watch?v=7RjfBekS2iQ&t=313,(Brad and Jessa laughing),1.0,0.0,1.0,0.0,0.0,0.0,0.0,0.0,Brad and Jessa laughing,VERB + CCONJ + PROPN + VERB,VB + CC + NNP + VBG,1459,4,25,5.5,VERB CCONJ PROPN VERB,4.6425
9935,165,zQ8tvCBavKk,997.23,1003.88,https://www.youtube.com/watch?v=zQ8tvCBavKk&t=997,Luke [off camera] *laughing* Salute B...,1.0,0.0,1.0,1.0,1.0,0.0,0.0,0.0,off camera,ADP + NOUN,IN + NN,9935,6,40,5.833333333333333,ADP NOUN,4.82
7658,166,Sb_hCbZ80aQ,720.852,722.988,https://www.youtube.com/watch?v=Sb_hCbZ80aQ&t=720,<i> ( hip-hop music playing )</i>,1.0,1.0,0.0,0.0,0.0,0.0,0.0,0.0,hip-hop music playing,NOUN + NOUN + NOUN + VERB,NN + NN + NN + VBG,7658,6,33,4.666666666666667,NOUN NOUN NOUN VERB,4.866666666666666
4567,167,Jn0Ai90ErGA,936.201,938.637,https://www.youtube.com/watch?v=Jn0Ai90ErGA&t=936,<i> (Classical piano music playing)</i>,1.0,1.0,0.0,0.0,0.0,0.0,0.0,0.0,Classical piano music playing,ADJ + NOUN + NOUN + VERB,JJ + NN + NN + VBG,4567,5,39,7.0,ADJ NOUN NOUN VERB,5.308
5216,168,M_zhvfBbvaA,498.32,499.47,https://www.youtube.com/watch?v=M_zhvfBbvaA&t=498,[Glass Joe grunts and groans],1.0,0.0,1.0,0.0,0.0,0.0,0.0,0.0,Glass Joe grunts and groans,NOUN + PROPN + NOUN + CCONJ + NOUN,NN + NNP + NNS + CC + NNS,5216,5,29,5.0,NOUN PROPN NOUN CCONJ NOUN,4.578
3410,169,GbPeFs7uDLM,14.748,19.152,https://www.youtube.com/watch?v=GbPeFs7uDLM&t=14,[police sirens in the distance],1.0,0.0,1.0,0.0,0.0,0.0,0.0,0.0,police sirens in the distance,NOUN + VERB + ADP + DET + NOUN,NN + VBZ + IN + DT + NN,3410,5,31,5.4,NOUN VERB ADP DET NOUN,5.717999999999999
3595,170,gPttEzhI_K4,224.05,225.71,https://www.youtube.com/watch?v=gPttEzhI_K4&t=224,(Telling stories. Inspiring action.),1.0,0.0,0.0,0.0,1.0,0.0,0.0,0.0,Telling stories. Inspiring action.,VERB + NOUN + VERB + NOUN,VBG + NNS + VBG + NN,3595,4,36,8.25,VERB NOUN VERB NOUN,4.79
6337,171,O7_Yd3_M8iQ,977.13,979.42,https://www.youtube.com/watch?v=O7_Yd3_M8iQ&t=977,[WIL CONTINUES HUMMING],1.0,1.0,0.0,1.0,0.0,0.0,0.0,0.0,WIL CONTINUES HUMMING,PROPN + VERB + VERB,NNP + VBZ + VBG,6337,3,23,7.0,PROPN VERB VERB,3.766666666666667
8718,172,X0_eCbbPaMc,463.996,467.767,https://www.youtube.com/watch?v=X0_eCbbPaMc&t=463,"(""HMM'S"" AS HE THINKS)",1.0,0.0,1.0,0.0,0.0,1.0,0.0,0.0,"""HMM'S"" AS HE THINKS",INTJ + PART + SCONJ + PRON + VERB,UH + POS + IN + PRP + VBZ,8718,4,22,4.75,INTJ PART SCONJ PRON VERB,4.5600000000000005
2712,173,DfbR7AujMIk,270.149,271.358,https://www.youtube.com/watch?v=DfbR7AujMIk&t=270,(Soshiko speaks in foreign language),1.0,0.0,0.0,1.0,0.0,0.0,0.0,0.0,Soshiko speaks in foreign language,NOUN + VERB + ADP + ADJ + NOUN,NN + VBZ + IN + JJ + NN,2712,5,36,6.4,NOUN VERB ADP ADJ NOUN,4.376
6608,174,opnIxywBZlM,101.22,101.72,https://www.youtube.com/watch?v=opnIxywBZlM&t=101,(Marshmello and Annie - Friends),1.0,0.0,0.0,0.0,1.0,0.0,0.0,0.0,Marshmello and Annie - Friends,PROPN + CCONJ + NOUN + NOUN,NNP + CC + NN + NNS,6608,5,32,5.6,PROPN CCONJ NOUN NOUN,3.774
6160,175,O0SOK-_5owA,991.966,995.0,https://www.youtube.com/watch?v=O0SOK-_5owA&t=991,[Is he about this tall?],1.0,0.0,0.0,0.0,1.0,0.0,0.0,0.0,Is he about this tall?,AUX + PRON + ADP + DET + ADJ,VBZ + PRP + IN + DT + JJ,6160,5,24,4.0,AUX PRON ADP DET ADJ,6.300000000000001
8651,176,WVPQfBuxcmU,15.248,18.485,https://www.youtube.com/watch?v=WVPQfBuxcmU&t=15,(hip hop instrumental),1.0,1.0,0.0,0.0,0.0,0.0,0.0,0.0,hip hop instrumental,NOUN + PROPN + ADJ,NN + NNP + JJ,8651,3,22,6.666666666666667,NOUN PROPN ADJ,4.283333333333333
1368,177,7o7Zxkr9jE0,258.992,259.692,https://www.youtube.com/watch?v=7o7Zxkr9jE0&t=258,[ Mid-tempo music plays ],1.0,1.0,0.0,0.0,0.0,0.0,0.0,0.0,Mid-tempo music plays,ADJ + ADJ + NOUN + VERB,JJ + JJ + NN + VBZ,1368,5,25,4.2,ADJ ADJ NOUN VERB,2.814
6146,178,O0SOK-_5owA,863.366,865.0,https://www.youtube.com/watch?v=O0SOK-_5owA&t=863,[Enters with overflowing confidence],1.0,0.0,0.0,0.0,1.0,0.0,0.0,0.0,Enters with overflowing confidence,NOUN + ADP + ADJ + NOUN,NNS + IN + JJ + NN,6146,4,36,8.25,NOUN ADP ADJ NOUN,4.6850000000000005
8669,179,wWXadNojNec,201.201,206.261,https://www.youtube.com/watch?v=wWXadNojNec&t=201,"(Blues Crooner) Muuushy Fruuuuit!!!! Mushy Fruit Preserves, what!",1.0,0.0,0.0,1.0,0.0,0.0,0.0,0.0,Blues Crooner,NOUN + ADJ,NNS + JJR,8669,8,65,7.25,NOUN ADJ,2.995
3732,180,hMOCumxpdvU,521.998,524.795,https://www.youtube.com/watch?v=hMOCumxpdvU&t=521,(people on boat shouting greetings),1.0,0.0,0.0,0.0,0.0,0.0,1.0,0.0,people on boat shouting greetings,NOUN + ADP + NOUN + VERB + NOUN,NNS + IN + NN + VBG + NNS,3732,5,35,6.2,NOUN ADP NOUN VERB NOUN,5.101999999999999
6260,181,O0SOK-_5owA,2688.833,2691.333,https://www.youtube.com/watch?v=O0SOK-_5owA&t=2688,[We have to fill that up?],1.0,0.0,0.0,0.0,1.0,0.0,0.0,0.0,We have to fill that up?,PRON + VERB + PART + VERB + PRON + ADP,PRP + VBP + TO + VB + DT + RP,6260,6,26,3.5,PRON VERB PART VERB PRON ADP,6.453333333333333
1404,182,7pN94YD3cwo,248.956,250.977,https://www.youtube.com/watch?v=7pN94YD3cwo&t=248,(Answers well),1.0,0.0,0.0,0.0,1.0,0.0,0.0,0.0,Answers well,NOUN + ADV,NNS + RB,1404,2,14,6.5,NOUN ADV,5.315
5501,183,N1j1evf4I3U,2157.138,2161.8,https://www.youtube.com/watch?v=N1j1evf4I3U&t=2157,"(""One Punch Man"" theme plays)",1.0,1.0,0.0,0.0,0.0,0.0,0.0,0.0,"""One Punch Man"" theme plays",NUM + NOUN + NOUN + NOUN + NOUN,CD + NN + NN + NN + NNS,5501,5,29,5.0,NUM NOUN NOUN NOUN NOUN,5.214
5024,184,LKqMeSft37o,239.554,250.509,https://www.youtube.com/watch?v=LKqMeSft37o&t=239,Put in the middle of the preheated oven at 170°C (340°F) and bake for 22 minutes,1.0,0.0,0.0,0.0,1.0,0.0,0.0,0.0,340°F,NUM + NOUN + NOUN,CD + NNS + NN,5024,16,80,4.0625,NUM NOUN NOUN,5.614999999999999
6195,185,O0SOK-_5owA,1449.066,1451.166,https://www.youtube.com/watch?v=O0SOK-_5owA&t=1449,[Parts have been divided temporarily],1.0,0.0,0.0,0.0,1.0,0.0,0.0,0.0,Parts have been divided temporarily,NOUN + AUX + AUX + VERB + ADV,NNS + VBP + VBN + VBN + RB,6195,5,37,6.6,NOUN AUX AUX VERB ADV,5.316
585,186,3fDwBcUpJPg,104.729,106.815,https://www.youtube.com/watch?v=3fDwBcUpJPg&t=104,&lt;i&gt;&lt;b&gt;[mournful bellowing]&lt;/b&gt;&lt;/i&gt;,1.0,0.0,1.0,0.0,0.0,0.0,0.0,0.0,mournful bellowing,PROPN + NOUN,NNP + NN,585,2,58,28.5,PROPN NOUN,2.55
1669,187,8934qhVjaoA,1657.5,1659.0,https://www.youtube.com/watch?v=8934qhVjaoA&t=1657,"[Like this, like this]",1.0,0.0,0.0,0.0,1.0,0.0,0.0,0.0,"Like this, like this",ADP + PRON + ADP + PRON,IN + DT + IN + DT,1669,4,22,4.75,ADP PRON ADP PRON,6.615
6286,188,O0SOK-_5owA,3447.366,3449.233,https://www.youtube.com/watch?v=O0SOK-_5owA&t=3447,[Too afraid of making a mistake],1.0,0.0,0.0,0.0,1.0,0.0,0.0,0.0,Too afraid of making a mistake,ADV + ADJ + ADP + VERB + DET + NOUN,RB + JJ + IN + VBG + DT + NN,6286,6,32,4.5,ADV ADJ ADP VERB DET NOUN,5.9366666666666665
6288,189,O0SOK-_5owA,3480.6,3483.433,https://www.youtube.com/watch?v=O0SOK-_5owA&t=3480,[What does Sakura have to say?],1.0,0.0,0.0,0.0,1.0,0.0,0.0,0.0,What does Sakura have to say?,PRON + AUX + NOUN + VERB + PART + VERB,WP + VBZ + NN + VB + TO + VB,6288,6,31,4.333333333333333,PRON AUX NOUN VERB PART VERB,5.91
9388,190,Z-x6u88ICW0,161.367,164.367,https://www.youtube.com/watch?v=Z-x6u88ICW0&t=161,[ The Roots play funk ],1.0,1.0,0.0,0.0,0.0,0.0,0.0,0.0,The Roots play funk,DET + NOUN + VERB + NOUN,DT + NNS + VBP + NN,9388,6,23,3.0,DET NOUN VERB NOUN,3.565
8787,191,xGI1qOpQJkM,52.385,53.286,https://www.youtube.com/watch?v=xGI1qOpQJkM&t=52,- [Ryan and Ahmed] Max!,1.0,0.0,0.0,1.0,0.0,0.0,0.0,0.0,Ryan and Ahmed,PROPN + CCONJ + VERB,NNP + CC + VBN,8787,5,23,3.8,PROPN CCONJ VERB,4.098000000000001
7042,192,QAGIjIIM91Y,2747.96,2795.36,https://www.youtube.com/watch?v=QAGIjIIM91Y&t=2747,(National Anthem by School children),1.0,1.0,0.0,1.0,0.0,0.0,0.0,0.0,National Anthem by School children,ADJ + NOUN + ADP + NOUN + NOUN,JJ + NN + IN + NN + NNS,7042,5,36,6.4,ADJ NOUN ADP NOUN NOUN,5.452
6162,193,O0SOK-_5owA,1019.533,1021.466,https://www.youtube.com/watch?v=O0SOK-_5owA&t=1019,[Show off my charm...],1.0,0.0,0.0,0.0,1.0,0.0,0.0,0.0,Show off my charm...,VERB + ADP + PRON + NOUN,VB + RP + PRP$ + NN,6162,4,22,4.75,VERB ADP PRON NOUN,5.575
1475,194,7RjfBekS2iQ,515.627,519.127,https://www.youtube.com/watch?v=7RjfBekS2iQ&t=515,(spray paint can shaking),1.0,0.0,1.0,0.0,0.0,0.0,0.0,0.0,spray paint can shaking,NOUN + NOUN + AUX + VERB,NN + NN + MD + VBG,1475,4,25,5.5,NOUN NOUN AUX VERB,4.8100000000000005
9463,195,Z7X3Jqu0x5Y,0.085,1.19,https://www.youtube.com/watch?v=Z7X3Jqu0x5Y&t=0,(inspiring marching band music),1.0,1.0,0.0,0.0,0.0,0.0,0.0,0.0,inspiring marching band music,VERB + VERB + NOUN + NOUN,VBG + VBG + NN + NN,9463,4,31,7.0,VERB VERB NOUN NOUN,4.574999999999999
6168,196,O0SOK-_5owA,1089.633,1093.333,https://www.youtube.com/watch?v=O0SOK-_5owA&t=1089,[Next up is the worrisome (?) trainee],1.0,0.0,0.0,0.0,1.0,0.0,0.0,0.0,Next up is the worrisome (?) trainee,ADV + ADV + AUX + DET + ADJ + NOUN,RB + RB + VBZ + DT + JJ + NN,6168,7,38,4.571428571428571,ADV ADV AUX DET ADJ NOUN,4.742857142857143
6419,197,OHpaSs3Xv3Q,50.354,53.584,https://www.youtube.com/watch?v=OHpaSs3Xv3Q&t=50,Green coriander - 2-3 tbsp (finely chopped),1.0,0.0,0.0,0.0,0.0,0.0,1.0,0.0,finely chopped,ADV + VERB,RB + VBN,6419,7,43,5.285714285714286,ADV VERB,3.442857142857143
3167,198,FKLIIueTSJI,164.79,173.45,https://www.youtube.com/watch?v=FKLIIueTSJI&t=164,[BOTH SINGING RANDOM NOTES],1.0,1.0,0.0,1.0,0.0,0.0,0.0,0.0,BOTH SINGING RANDOM NOTES,PRON + VERB + ADJ + NOUN,DT + VBG + JJ + NNS,3167,4,27,6.0,PRON VERB ADJ NOUN,4.949999999999999
4114,199,J7nGbnHRwNA,141.176,143.577,https://www.youtube.com/watch?v=J7nGbnHRwNA&t=141,"SAM: (""It Had to be You"")",1.0,1.0,0.0,1.0,0.0,0.0,0.0,0.0,"""It Had to be You""",PRON + VERB + PART + AUX + PRON,PRP + VBD + TO + VB + PRP,4114,6,25,3.333333333333333,PRON VERB PART AUX PRON,6.5200000000000005
7181,200,qvamzKvNG0w,564.519,568.83,https://www.youtube.com/watch?v=qvamzKvNG0w&t=564,(upbeat rock music continues),1.0,1.0,0.0,0.0,0.0,0.0,0.0,0.0,upbeat rock music continues,PROPN + NOUN + NOUN + VERB,NNP + NN + NN + VBZ,7181,4,29,6.5,PROPN NOUN NOUN VERB,4.7175
2944,201,epyBoLUFx-Q,584.51,588.427,https://www.youtube.com/watch?v=epyBoLUFx-Q&t=584,(faster electronic rock music),1.0,1.0,0.0,0.0,0.0,0.0,0.0,0.0,faster electronic rock music,ADV + ADJ + NOUN + NOUN,RBR + JJ + NN + NN,2944,4,30,6.75,ADV ADJ NOUN NOUN,4.935
8560,202,WAU6dtQ9yS0,1560.758,1563.261,https://www.youtube.com/watch?v=WAU6dtQ9yS0&t=1560,( karters crying out ),1.0,0.0,1.0,0.0,0.0,0.0,0.0,0.0,karters crying out,NOUN + VERB + ADP,NNS + VBG + RP,8560,5,22,3.6,NOUN VERB ADP,2.188
2108,203,B5YNiCfWC3A,10.574,13.741,https://www.youtube.com/watch?v=B5YNiCfWC3A&t=10,(moody hip hop music),1.0,1.0,0.0,0.0,0.0,0.0,0.0,0.0,moody hip hop music,PROPN + NOUN + NOUN + NOUN,NNP + NN + NN + NN,2108,4,21,4.5,PROPN NOUN NOUN NOUN,4.52
4727,204,KIa6S-L_xV4,272.683,273.683,https://www.youtube.com/watch?v=KIa6S-L_xV4&t=272,-(Some children respond “yes”),1.0,0.0,0.0,1.0,0.0,1.0,0.0,0.0,Some children respond “yes”,DET + NOUN + VERB + INTJ,DT + NNS + VBP + UH,4727,4,30,6.75,DET NOUN VERB INTJ,5.425
8503,205,W2PMQOk7oDU,739.98,741.13,https://www.youtube.com/watch?v=W2PMQOk7oDU&t=739,(Talking to Cameraman) Did you get that?,1.0,0.0,0.0,0.0,1.0,0.0,0.0,0.0,Talking to Cameraman,VERB + ADP + NOUN,VBG + IN + NN,8503,7,40,4.857142857142857,VERB ADP NOUN,6.035714285714286
6073,206,NvjtzKUaq-s,619.974,631.96,https://www.youtube.com/watch?v=NvjtzKUaq-s&t=619,"At either end of the vestibule are two statues, an 18th-century equestrian statue of Charlemagne by Cornacchini at the south end and The Vision of Constantine (1670) by Bernini at the north end.",1.0,0.0,0.0,0.0,1.0,0.0,0.0,0.0,1670,NUM,CD,6073,33,194,4.909090909090909,NUM,5.437272727272728
1683,207,8934qhVjaoA,2675.0,2677.166,https://www.youtube.com/watch?v=8934qhVjaoA&t=2675,[Producer Soma keeps a straight face],1.0,0.0,0.0,0.0,1.0,0.0,0.0,0.0,Producer Soma keeps a straight face,PROPN + NOUN + VERB + DET + ADJ + NOUN,NNP + NN + VBZ + DT + JJ + NN,1683,6,37,5.333333333333333,PROPN NOUN VERB DET ADJ NOUN,5.028333333333333
4116,208,J7nGbnHRwNA,508.199,512.165,https://www.youtube.com/watch?v=J7nGbnHRwNA&t=508,♪ Critical (It's Thursday) ♪,1.0,1.0,0.0,1.0,0.0,0.0,0.0,0.0,It's Thursday,PRON + AUX + PROPN,PRP + VBZ + NNP,4116,5,28,4.8,PRON AUX PROPN,4.672
5197,209,lX9oGPFkL00,76.523,77.792,https://www.youtube.com/watch?v=lX9oGPFkL00&t=76,[door thuds closed],1.0,0.0,1.0,0.0,0.0,0.0,0.0,0.0,door thuds closed,NOUN + PROPN + VERB,NN + NNPS + VBD,5197,3,19,5.666666666666667,NOUN PROPN VERB,3.99
1328,210,73vV8VDSQ9o,1573.567,1576.667,https://www.youtube.com/watch?v=73vV8VDSQ9o&t=1573,(Reading aloud),1.0,0.0,0.0,0.0,0.0,1.0,0.0,0.0,Reading aloud,VERB + ADV,VBG + RB,1328,2,15,7.0,VERB ADV,4.324999999999999
6738,211,P1nydF443xM,176.042,178.011,https://www.youtube.com/watch?v=P1nydF443xM&t=176,[ Both shouting playfully ],1.0,0.0,1.0,0.0,0.0,0.0,0.0,0.0,Both shouting playfully,PRON + VERB + ADV,DT + VBG + RB,6738,5,27,4.6,PRON VERB ADV,2.544
2401,212,bvkd88h1zTA,659.424,662.294,https://www.youtube.com/watch?v=bvkd88h1zTA&t=659,- (with Betsy): ♪ 17-76 ♪,1.0,1.0,0.0,1.0,0.0,0.0,0.0,0.0,with Betsy,ADP + PROPN,IN + NNP,2401,6,25,3.333333333333333,ADP PROPN,3.728333333333333
6063,213,NUAvdYNGTQU,797.2,805.14,https://www.youtube.com/watch?v=NUAvdYNGTQU&t=797,"…dishes. It is very good for health, (to cure) acidity, cholesterol.”",1.0,0.0,0.0,0.0,1.0,0.0,0.0,0.0,to cure,PART + VERB,TO + VB,6063,11,69,5.363636363636363,PART VERB,5.580909090909091
3341,214,G3AWIWJPwxE,595.561,597.129,https://www.youtube.com/watch?v=G3AWIWJPwxE&t=595,[ Gavel gently bangs ],1.0,0.0,1.0,0.0,0.0,0.0,0.0,0.0,Gavel gently bangs,NOUN + ADV + VERB,NN + RB + VBZ,3341,5,22,3.6,NOUN ADV VERB,2.0380000000000003
5211,215,M_zhvfBbvaA,174.0,176.04,https://www.youtube.com/watch?v=M_zhvfBbvaA&t=174,[adorable little battle grunts],1.0,0.0,1.0,0.0,0.0,0.0,0.0,0.0,adorable little battle grunts,VERB + ADJ + NOUN + NOUN,VB + JJ + NN + NNS,5211,4,31,7.0,VERB ADJ NOUN NOUN,4.4175
438,216,2lR7s1Y6Zig,576.609,579.44,https://www.youtube.com/watch?v=2lR7s1Y6Zig&t=576,[ON THE PHONE:],1.0,0.0,0.0,1.0,0.0,0.0,0.0,0.0,ON THE PHONE:,ADP + DET + NOUN,IN + DT + NN,438,3,15,4.333333333333333,ADP DET NOUN,6.646666666666667
213,217,0oTBOQ5rp58,207.806,211.21,https://www.youtube.com/watch?v=0oTBOQ5rp58&t=207,[flashy big band music],1.0,1.0,0.0,0.0,0.0,0.0,0.0,0.0,flashy big band music,ADJ + ADJ + NOUN + NOUN,JJ + JJ + NN + NN,213,4,23,5.0,ADJ ADJ NOUN NOUN,4.84
6291,218,O0SOK-_5owA,3505.266,3506.533,https://www.youtube.com/watch?v=O0SOK-_5owA&t=3505,[Since they watched them practice],1.0,0.0,0.0,0.0,1.0,0.0,0.0,0.0,Since they watched them practice,SCONJ + PRON + VERB + PRON + VERB,IN + PRP + VBD + PRP + VB,6291,5,34,6.0,SCONJ PRON VERB PRON VERB,5.644
6530,219,Oie4gg-oQ6g,862.154,863.585,https://www.youtube.com/watch?v=Oie4gg-oQ6g&t=862,(Andrew blows on caramel),1.0,0.0,1.0,0.0,0.0,0.0,0.0,0.0,Andrew blows on caramel,PROPN + VERB + ADP + PROPN,NNP + VBZ + IN + NNP,6530,4,25,5.5,PROPN VERB ADP PROPN,4.75
1695,220,8934qhVjaoA,3506.0,3508.5,https://www.youtube.com/watch?v=8934qhVjaoA&t=3506,[HIKARU also looks surprised],1.0,0.0,0.0,0.0,1.0,0.0,0.0,0.0,HIKARU also looks surprised,PROPN + ADV + VERB + ADJ,NNP + RB + VBZ + JJ,1695,4,29,6.5,PROPN ADV VERB ADJ,4.715
4634,221,ju1FEjTOZy4,129.429,133.166,https://www.youtube.com/watch?v=ju1FEjTOZy4&t=129,-[ Singing in Swedish ],1.0,1.0,0.0,1.0,0.0,0.0,0.0,0.0,Singing in Swedish,VERB + ADP + ADJ,VBG + IN + JJ,4634,5,23,3.8,VERB ADP ADJ,3.214
8652,222,WVPQfBuxcmU,21.521,25.291,https://www.youtube.com/watch?v=WVPQfBuxcmU&t=21,(swelling suspenseful synth),1.0,1.0,0.0,0.0,0.0,0.0,0.0,0.0,swelling suspenseful synth,VERB + ADJ + ADJ,VBG + JJ + JJ,8652,3,28,8.666666666666666,VERB ADJ ADJ,3.26
806,223,3XkjoLgZr60,29.565,31.67,https://www.youtube.com/watch?v=3XkjoLgZr60&t=29,[Signaling for someone to come?!],1.0,0.0,0.0,0.0,1.0,0.0,0.0,0.0,Signaling for someone to come?!,VERB + ADP + PRON + PART + VERB,VBG + IN + NN + TO + VB,806,5,33,5.8,VERB ADP PRON PART VERB,5.9
459,224,2pxO0chvtC8,25.3,28.3,https://www.youtube.com/watch?v=2pxO0chvtC8&t=25,(Announcer 2 reading:),1.0,0.0,0.0,1.0,0.0,0.0,0.0,0.0,Announcer 2 reading:,NOUN + NUM + NOUN,NN + CD + NN,459,3,22,6.666666666666667,NOUN NUM NOUN,4.906666666666666
6246,225,O0SOK-_5owA,2292.233,2293.933,https://www.youtube.com/watch?v=O0SOK-_5owA&t=2292,[What are these lockers for?],1.0,0.0,0.0,0.0,1.0,0.0,0.0,0.0,What are these lockers for?,PRON + AUX + DET + NOUN + ADP,WP + VBP + DT + NNS + IN,6246,5,29,5.0,PRON AUX DET NOUN ADP,5.848000000000001
5369,226,mHjhgeyhuKk,1971.516,1973.576,https://www.youtube.com/watch?v=mHjhgeyhuKk&t=1971,[ Laughter &amp; Inaudible Remarks ],1.0,0.0,1.0,0.0,0.0,0.0,0.0,0.0,Laughter &amp; Inaudible Remarks,PROPN + PROPN + ADJ + NOUN,NNP + NNP + JJ + NNS,5369,6,36,5.166666666666667,PROPN PROPN ADJ NOUN,2.475
6209,227,O0SOK-_5owA,1628.566,1629.933,https://www.youtube.com/watch?v=O0SOK-_5owA&t=1628,"[Upon release, BTS's ""Crystal Snow""]",1.0,0.0,0.0,0.0,1.0,0.0,0.0,0.0,"Upon release, BTS's ""Crystal Snow""",SCONJ + NOUN + PROPN + PART + NOUN + NOUN,IN + NN + NNP + POS + NN + NN,6209,5,36,6.4,SCONJ NOUN PROPN PART NOUN NOUN,4.17
6205,228,O0SOK-_5owA,1566.833,1568.466,https://www.youtube.com/watch?v=O0SOK-_5owA&t=1566,[Help me out],1.0,0.0,0.0,0.0,1.0,0.0,0.0,0.0,Help me out,VERB + PRON + ADP,VB + PRP + RP,6205,3,13,3.6666666666666665,VERB PRON ADP,6.203333333333333
5451,229,mWnIosFFYP4,720.7,723.7,https://www.youtube.com/watch?v=mWnIosFFYP4&t=720,"So, they said, we will add thums up (a soft drink) to the recipe.",1.0,0.0,0.0,0.0,1.0,0.0,0.0,0.0,a soft drink,DET + ADJ + NOUN,DT + JJ + NN,5451,14,65,3.7142857142857135,DET ADJ NOUN,5.796428571428572
6164,230,O0SOK-_5owA,1061.6,1065.2,https://www.youtube.com/watch?v=O0SOK-_5owA&t=1061,[Double under crossover],1.0,0.0,0.0,0.0,1.0,0.0,0.0,0.0,Double under crossover,ADJ + ADP + NOUN,JJ + IN + NN,6164,3,24,7.333333333333333,ADJ ADP NOUN,4.8
8663,231,wWXadNojNec,17.091,20.161,https://www.youtube.com/watch?v=wWXadNojNec&t=17,(Delta Blues Crooner) Jeeeelllllyyy Hrrrmmmm Jaaaaaam!,1.0,0.0,0.0,1.0,0.0,0.0,0.0,0.0,Delta Blues Crooner,NOUN + NOUN + ADV,NN + NNS + RBR,8663,6,54,8.166666666666666,NOUN NOUN ADV,1.8050000000000004
8779,232,xGI1qOpQJkM,0.867,3.77,https://www.youtube.com/watch?v=xGI1qOpQJkM&t=0,(upbeat guitar strumming),1.0,1.0,1.0,0.0,0.0,0.0,0.0,0.0,upbeat guitar strumming,PROPN + PROPN + NOUN,NNP + NNP + NN,8779,3,25,7.666666666666667,PROPN PROPN NOUN,3.54
6748,233,P1nydF443xM,291.457,295.495,https://www.youtube.com/watch?v=P1nydF443xM&t=291,"[ Both grunting, screeching ]",1.0,0.0,1.0,0.0,0.0,0.0,0.0,0.0,"Both grunting, screeching",PRON + VERB + VERB,DT + VBG + VBG,6748,5,29,5.0,PRON VERB VERB,2.322
4658,234,jwKeLsTG12A,2435.533,2437.681,https://www.youtube.com/watch?v=jwKeLsTG12A&t=2435,[Captain's footsteps fade],1.0,0.0,1.0,0.0,0.0,0.0,0.0,0.0,Captain's footsteps fade,NOUN + PART + NOUN + NOUN,NN + POS + NNS + NN,4658,3,26,8.0,NOUN PART NOUN NOUN,3.5866666666666664
3580,235,gpIRIOCPtKE,25.81,31.136,https://www.youtube.com/watch?v=gpIRIOCPtKE&t=25,"Elaichi (cardamom) powder, Jaiphal (nutmeg) powder and chopped almonds as required.",1.0,0.0,0.0,0.0,1.0,0.0,0.0,0.0,cardamom nutmeg,PROPN + PROPN,NNP + NNP,3580,11,83,6.636363636363637,PROPN PROPN,3.682727272727273
10002,236,ZYjLvyhxGls,1.001,2.336,https://www.youtube.com/watch?v=ZYjLvyhxGls&t=1,[ door creaks open ],1.0,0.0,1.0,0.0,0.0,0.0,0.0,0.0,door creaks open,NOUN + NOUN + VERB,NN + NNS + VBP,10002,5,20,3.2,NOUN NOUN VERB,2.5420000000000003
473,237,2qkuGq_IKBw,113.734,114.868,https://www.youtube.com/watch?v=2qkuGq_IKBw&t=113,[ Cash register dings ],1.0,0.0,1.0,0.0,0.0,0.0,0.0,0.0,Cash register dings,NOUN + NOUN + NOUN,NN + NN + NNS,473,5,23,3.8,NOUN NOUN NOUN,2.43
6690,238,OWoPY9TJN1k,1097.005,1098.548,https://www.youtube.com/watch?v=OWoPY9TJN1k&t=1097,[Wing popping up],1.0,0.0,1.0,0.0,0.0,0.0,0.0,0.0,Wing popping up,NOUN + NOUN + ADP,NN + NN + RP,6690,3,17,5.0,NOUN NOUN ADP,4.943333333333334
9612,239,zdjT5VRQzwM,1277.496,1279.452,https://www.youtube.com/watch?v=zdjT5VRQzwM&t=1277,(he blows a raspberry),1.0,0.0,1.0,0.0,0.0,0.0,0.0,0.0,he blows a raspberry,PRON + VERB + DET + NOUN,PRP + VBZ + DT + NN,9612,4,22,4.75,PRON VERB DET NOUN,5.3975
9389,240,Z-x6u88ICW0,286.501,288.067,https://www.youtube.com/watch?v=Z-x6u88ICW0&t=286,"[ Sad trombone, rimshot ]",1.0,1.0,1.0,0.0,0.0,0.0,0.0,0.0,"Sad trombone, rimshot",ADJ + NOUN + ADJ,JJ + NN + JJ,9389,5,25,4.2,ADJ NOUN ADJ,1.94
7622,241,rzG2N3jjFqg,20.252,24.29,https://www.youtube.com/watch?v=rzG2N3jjFqg&t=20,♪ (INTENSE MUSIC PLAYS) ♪,1.0,1.0,0.0,1.0,0.0,0.0,0.0,0.0,INTENSE MUSIC PLAYS,ADJ + NOUN + VERB,JJ + NN + VBZ,7622,5,25,4.2,ADJ NOUN VERB,4.465999999999999
4115,242,J7nGbnHRwNA,172.686,173.761,https://www.youtube.com/watch?v=J7nGbnHRwNA&t=172,"SAM: (""Hail to the Chief"")",1.0,1.0,0.0,1.0,0.0,0.0,0.0,0.0,"""Hail to the Chief""",NOUN + ADP + DET + NOUN,NN + IN + DT + NN,4115,5,26,4.4,NOUN ADP DET NOUN,5.766
8400,243,vLhMJflzdyA,758.991,761.994,https://www.youtube.com/watch?v=vLhMJflzdyA&t=758,(audience applauds and cheers),1.0,0.0,1.0,1.0,0.0,0.0,0.0,0.0,audience applauds and cheers,NOUN + NOUN + CCONJ + NOUN,NN + NNS + CC + NNS,8400,4,30,6.75,NOUN NOUN CCONJ NOUN,4.7525
8105,244,TwLzFl4MvQQ,436.536,437.77,https://www.youtube.com/watch?v=TwLzFl4MvQQ&t=436,(Lil Kim chuckles),1.0,0.0,1.0,1.0,0.0,0.0,0.0,0.0,Lil Kim chuckles,PROPN + PROPN + VERB,NNP + NNP + VBZ,8105,3,18,5.333333333333333,PROPN PROPN VERB,3.853333333333333
6154,245,O0SOK-_5owA,935.2,938.533,https://www.youtube.com/watch?v=O0SOK-_5owA&t=935,"[Just then, another trainee arrives]",1.0,0.0,0.0,0.0,1.0,0.0,0.0,0.0,"Just then, another trainee arrives",ADV + ADV + DET + NOUN + VERB,RB + RB + DT + NN + VBZ,6154,5,36,6.4,ADV ADV DET NOUN VERB,5.156000000000001
331,246,1AR-vtcDY-8,484.317,485.15,https://www.youtube.com/watch?v=1AR-vtcDY-8&t=484,(Melissa and Eric laughs),1.0,0.0,1.0,0.0,0.0,0.0,0.0,0.0,Melissa and Eric laughs,ADJ + CCONJ + PROPN + PROPN,JJ + CC + NNP + NNPS,331,4,25,5.5,ADJ CCONJ PROPN PROPN,4.955
6119,247,O0SOK-_5owA,544.766,546.466,https://www.youtube.com/watch?v=O0SOK-_5owA&t=544,[Bursts into applause and laughter],1.0,0.0,1.0,0.0,0.0,0.0,0.0,0.0,Bursts into applause and laughter,NOUN + ADP + NOUN + CCONJ + NOUN,NNS + IN + NN + CC + NN,6119,5,35,6.2,NOUN ADP NOUN CCONJ NOUN,4.99
6202,248,O0SOK-_5owA,1488.333,1490.466,https://www.youtube.com/watch?v=O0SOK-_5owA&t=1488,[A very important part],1.0,0.0,0.0,0.0,1.0,0.0,0.0,0.0,A very important part,DET + ADV + ADJ + NOUN,DT + RB + JJ + NN,6202,4,23,5.0,DET ADV ADJ NOUN,6.1450000000000005
814,249,3XkjoLgZr60,54.899,56.232,https://www.youtube.com/watch?v=3XkjoLgZr60&t=54,[leave comments and like the video],1.0,0.0,0.0,0.0,1.0,0.0,0.0,0.0,leave comments and like the video,VERB + NOUN + CCONJ + ADP + DET + NOUN,VB + NNS + CC + IN + DT + NN,814,6,35,5.0,VERB NOUN CCONJ ADP DET NOUN,6.198333333333333
3344,250,g3YToF3CFKs,23.521,28.274,https://www.youtube.com/watch?v=g3YToF3CFKs&t=23,[CHANTING WE THE PEOPLE],1.0,0.0,1.0,0.0,0.0,0.0,0.0,0.0,CHANTING WE THE PEOPLE,VERB + PRON + DET + NOUN,VBG + PRP + DT + NNS,3344,4,24,5.25,VERB PRON DET NOUN,6.035
9121,251,YMP3SxTlOy8,368.16,371.163,https://www.youtube.com/watch?v=YMP3SxTlOy8&t=368,[sander whirring loudly],1.0,0.0,1.0,0.0,0.0,0.0,0.0,0.0,sander whirring loudly,VERB + VERB + ADV,VB + VBG + RB,9121,3,24,7.333333333333333,VERB VERB ADV,3.06
3588,252,gPttEzhI_K4,77.025,78.025,https://www.youtube.com/watch?v=gPttEzhI_K4&t=77,(by Robert Cristobal),1.0,0.0,0.0,0.0,1.0,0.0,0.0,0.0,by Robert Cristobal,ADP + PROPN + PROPN,IN + NNP + NNP,3588,3,21,6.333333333333333,ADP PROPN PROPN,4.723333333333334
6212,253,O0SOK-_5owA,1758.6,1759.6,https://www.youtube.com/watch?v=O0SOK-_5owA&t=1758,[My bangs?],1.0,0.0,0.0,0.0,1.0,0.0,0.0,0.0,My bangs?,PRON + NOUN,PRP$ + NNS,6212,2,11,5.0,PRON NOUN,5.01
763,254,3wkM4l6vGjU,220.297,221.13,https://www.youtube.com/watch?v=3wkM4l6vGjU&t=220,[oil continues to sizzle],1.0,0.0,1.0,0.0,0.0,0.0,0.0,0.0,oil continues to sizzle,NOUN + VERB + PART + VERB,NN + VBZ + TO + VB,763,4,25,5.5,NOUN VERB PART VERB,5.03
7661,255,Sb_hCbZ80aQ,812.878,814.413,https://www.youtube.com/watch?v=Sb_hCbZ80aQ&t=812,<i> ( musical chime )</i>,1.0,1.0,1.0,1.0,0.0,0.0,0.0,0.0,musical chime,ADJ + NOUN,JJ + NN,7661,5,25,4.2,ADJ NOUN,4.366
1325,256,73vV8VDSQ9o,203.801,207.1,https://www.youtube.com/watch?v=73vV8VDSQ9o&t=203,(Man singing),1.0,0.0,0.0,0.0,0.0,1.0,0.0,0.0,Man singing,NOUN + VERB,NN + VBG,1325,2,13,6.0,NOUN VERB,5.205
582,257,3fDwBcUpJPg,112.07,113.822,https://www.youtube.com/watch?v=3fDwBcUpJPg&t=112,&lt;i&gt;&lt;b&gt;[upbeat bass music]&lt;/b&gt;&lt;/i&gt;,1.0,1.0,0.0,0.0,0.0,0.0,0.0,0.0,upbeat bass music,ADJ + NOUN + NOUN,JJ + NN + NN,582,3,57,18.33333333333333,ADJ NOUN NOUN,3.5733333333333337
3587,258,gPttEzhI_K4,75.385,77.025,https://www.youtube.com/watch?v=gPttEzhI_K4&t=75,(an Our Better World story),1.0,0.0,0.0,0.0,1.0,0.0,0.0,0.0,an Our Better World story,DET + PRON + ADJ + NOUN + NOUN,DT + PRP$ + JJR + NN + NN,3587,5,27,4.6,DET PRON ADJ NOUN NOUN,5.954
7190,259,qvamzKvNG0w,101.443,102.6,https://www.youtube.com/watch?v=qvamzKvNG0w&t=101,(Mike and Jamie laughing),1.0,0.0,1.0,0.0,0.0,0.0,0.0,0.0,Mike and Jamie laughing,PROPN + CCONJ + PROPN + VERB,NNP + CC + NNP + VBG,7190,4,25,5.5,PROPN CCONJ PROPN VERB,5.2475000000000005
6166,260,O0SOK-_5owA,1067.768,1070.333,https://www.youtube.com/watch?v=O0SOK-_5owA&t=1067,[only two days ago],1.0,0.0,0.0,0.0,1.0,0.0,0.0,0.0,only two days ago,ADV + NUM + NOUN + ADV,RB + CD + NNS + RB,6166,4,19,4.0,ADV NUM NOUN ADV,5.8125
6067,261,NUAvdYNGTQU,1282.72,1284.62,https://www.youtube.com/watch?v=NUAvdYNGTQU&t=1282,No Urad dal (split black gram) was used.,1.0,0.0,0.0,0.0,1.0,0.0,0.0,0.0,split black gram,VERB + ADJ + NOUN,VB + JJ + NN,6067,8,40,4.125,VERB ADJ NOUN,4.7075
4781,262,ksp0MayCMYs,112.735,113.962,https://www.youtube.com/watch?v=ksp0MayCMYs&t=112,[WORK OUT],1.0,0.0,0.0,0.0,1.0,0.0,0.0,0.0,WORK OUT,VERB + ADP,VB + RP,4781,2,10,4.5,VERB ADP,6.17
6297,263,O0SOK-_5owA,3629.866,3632.2,https://www.youtube.com/watch?v=O0SOK-_5owA&t=3629,[Shaking like a leaf],1.0,0.0,0.0,0.0,1.0,0.0,0.0,0.0,Shaking like a leaf,VERB + ADP + DET + NOUN,VBG + IN + DT + NN,6297,4,21,4.5,VERB ADP DET NOUN,5.5175
803,264,3XkjoLgZr60,16.91,18.341,https://www.youtube.com/watch?v=3XkjoLgZr60&t=16,[Feeling dazed],1.0,0.0,0.0,0.0,1.0,0.0,0.0,0.0,Feeling dazed,VERB + VERB,VBG + VBN,803,2,15,7.0,VERB VERB,4.13
1691,265,8934qhVjaoA,3218.033,3219.333,https://www.youtube.com/watch?v=8934qhVjaoA&t=3218,[Checking thoroughly],1.0,0.0,0.0,0.0,1.0,0.0,0.0,0.0,Checking thoroughly,VERB + ADV,VBG + RB,1691,2,21,10.0,VERB ADV,4.26
1656,266,8934qhVjaoA,671.933,674.133,https://www.youtube.com/watch?v=8934qhVjaoA&t=671,[The clock is ticking],1.0,0.0,0.0,0.0,1.0,0.0,0.0,0.0,The clock is ticking,DET + NOUN + AUX + VERB,DT + NN + VBZ + VBG,1656,4,22,4.75,DET NOUN AUX VERB,5.6725
1647,267,8934qhVjaoA,290.9,294.966,https://www.youtube.com/watch?v=8934qhVjaoA&t=290,[A whopping... 68%!],1.0,0.0,0.0,0.0,1.0,0.0,0.0,0.0,A whopping... 68%!,DET + ADJ + NUM,DT + JJ + CD,1647,3,20,6.0,DET ADJ NUM,5.08
1079,268,5eIt2hsIyhM,65.732,66.733,https://www.youtube.com/watch?v=5eIt2hsIyhM&t=65,[glasses whir and beep],1.0,0.0,1.0,0.0,0.0,0.0,0.0,0.0,glasses whir and beep,NOUN + ADJ + CCONJ + NOUN,NNS + JJ + CC + NN,1079,4,23,5.0,NOUN ADJ CCONJ NOUN,4.31
3931,269,iELaejVvc7A,87.291,90.294,https://www.youtube.com/watch?v=iELaejVvc7A&t=87,(Liang Yumei / Miao),1.0,0.0,0.0,0.0,1.0,0.0,0.0,0.0,Liang Yumei / Miao,PROPN + PROPN + PROPN,NNP + NNP + NNP,3931,4,20,4.25,PROPN PROPN PROPN,1.4175
3171,270,FKLIIueTSJI,245.17,253.342,https://www.youtube.com/watch?v=FKLIIueTSJI&t=245,[RAPPING NONSENSE LANGUAGE],1.0,1.0,0.0,1.0,0.0,0.0,0.0,0.0,RAPPING NONSENSE LANGUAGE,VERB + NOUN + NOUN,VBG + NN + NN,3171,3,27,8.333333333333334,VERB NOUN NOUN,4.1866666666666665
3599,271,GQjeYrx_-Cs,44.68,47.6,https://www.youtube.com/watch?v=GQjeYrx_-Cs&t=44,"to the exodus from Egypt. [subtle: ""How bout that""]",1.0,0.0,0.0,1.0,1.0,1.0,0.0,0.0,"subtle: ""How bout that""",ADJ + SCONJ + ADJ + SCONJ,JJ + WRB + JJ + IN,3599,9,51,4.777777777777778,ADJ SCONJ ADJ SCONJ,5.701111111111111
2393,272,bvkd88h1zTA,20.653,22.956,https://www.youtube.com/watch?v=bvkd88h1zTA&t=20,(playing a few chords),1.0,1.0,0.0,0.0,0.0,0.0,0.0,0.0,playing a few chords,VERB + DET + ADJ + NOUN,VBG + DT + JJ + NNS,2393,4,22,4.75,VERB DET ADJ NOUN,5.4575
6127,273,O0SOK-_5owA,648.828,654.099,https://www.youtube.com/watch?v=O0SOK-_5owA&t=648,[Followed by a quick scan],1.0,0.0,0.0,0.0,1.0,0.0,0.0,0.0,Followed by a quick scan,VERB + ADP + DET + ADJ + NOUN,VBN + IN + DT + JJ + NN,6127,5,26,4.4,VERB ADP DET ADJ NOUN,5.6240000000000006
3591,274,gPttEzhI_K4,111.05,114.02,https://www.youtube.com/watch?v=gPttEzhI_K4&t=111,The hardest climb I've experienced is probably [to] Sitio Inuman.,1.0,0.0,0.0,0.0,0.0,0.0,1.0,0.0,to,PART,TO,3591,10,65,5.6,PART,4.819
8308,275,uSwIYhg0sl0,36.536,39.538,https://www.youtube.com/watch?v=uSwIYhg0sl0&t=36,"[Oona, high-pitched] Hey, Owen.",1.0,0.0,0.0,1.0,0.0,0.0,0.0,0.0,"Oona, high-pitched",PROPN + ADJ + VERB,NNP + JJ + VBN,8308,4,31,7.0,PROPN ADJ VERB,3.8050000000000006
6498,276,Oie4gg-oQ6g,504.069,504.902,https://www.youtube.com/watch?v=Oie4gg-oQ6g&t=504,(Andrew blows raspberry).,1.0,0.0,1.0,0.0,0.0,0.0,0.0,0.0,Andrew blows raspberry,PROPN + VERB + NOUN,NNP + VBZ + NN,6498,3,25,7.666666666666667,PROPN VERB NOUN,4.036666666666666
8040,277,tQrCl4cESfQ,222.767,224.874,https://www.youtube.com/watch?v=tQrCl4cESfQ&t=222,(fast-paced music),1.0,1.0,0.0,0.0,0.0,0.0,0.0,0.0,fast-paced music,ADV + VERB + NOUN,RB + VBN + NN,8040,2,18,8.5,ADV VERB NOUN,4.535
6279,278,O0SOK-_5owA,3365.133,3367.066,https://www.youtube.com/watch?v=O0SOK-_5owA&t=3365,[He has],1.0,0.0,0.0,0.0,1.0,0.0,0.0,0.0,He has,PRON + VERB,PRP + VBZ,6279,2,8,3.5,PRON VERB,6.53
6138,279,O0SOK-_5owA,815.333,816.433,https://www.youtube.com/watch?v=O0SOK-_5owA&t=815,[Let me see],1.0,0.0,0.0,0.0,1.0,0.0,0.0,0.0,Let me see,VERB + PRON + VERB,VB + PRP + VB,6138,3,12,3.333333333333333,VERB PRON VERB,6.06
6238,280,O0SOK-_5owA,2168.2,2170.266,https://www.youtube.com/watch?v=O0SOK-_5owA&t=2168,[Sakura keeps a poker face],1.0,0.0,0.0,0.0,1.0,0.0,0.0,0.0,Sakura keeps a poker face,PROPN + VERB + DET + NOUN + NOUN,NNP + VBZ + DT + NN + NN,6238,5,27,4.6,PROPN VERB DET NOUN NOUN,4.952
2443,281,bvkd88h1zTA,1301.799,1304.168,https://www.youtube.com/watch?v=bvkd88h1zTA&t=1301,- (in slow motion):,1.0,0.0,0.0,1.0,0.0,0.0,0.0,0.0,in slow motion,ADP + ADJ + NOUN,IN + JJ + NN,2443,4,19,4.0,ADP ADJ NOUN,4.1775
9165,282,YvbEODnJVTc,125.526,131.375,https://www.youtube.com/watch?v=YvbEODnJVTc&t=125,"Next time you're listening to the tele (TV) or watching a film (movie),",1.0,0.0,0.0,0.0,1.0,0.0,0.0,0.0,TV movie,NOUN + NOUN,NN + NN,9165,13,71,4.538461538461538,NOUN NOUN,5.791538461538462
7045,283,QAGIjIIM91Y,4887.48,4893.04,https://www.youtube.com/watch?v=QAGIjIIM91Y&t=4887,"(A song from the movie, ""VEDHALAM"")",1.0,1.0,0.0,0.0,0.0,1.0,0.0,0.0,"A song from the movie, ""VEDHALAM""",DET + NOUN + ADP + DET + NOUN + NOUN,DT + NN + IN + DT + NN + NNS,7045,6,35,5.0,DET NOUN ADP DET NOUN NOUN,5.3566666666666665
6719,284,P1nydF443xM,27.761,29.596,https://www.youtube.com/watch?v=P1nydF443xM&t=27,[ Dad clears throat ],1.0,0.0,1.0,0.0,0.0,0.0,0.0,0.0,Dad clears throat,NOUN + VERB + NOUN,NN + VBZ + NN,6719,5,21,3.4,NOUN VERB NOUN,2.562
1650,285,8934qhVjaoA,381.4,384.7,https://www.youtube.com/watch?v=8934qhVjaoA&t=381,[Announcement for Round 4's mission],1.0,0.0,0.0,0.0,1.0,0.0,0.0,0.0,Announcement for Round 4's mission,NOUN + ADP + ADJ + NUM + PART + NOUN,NN + IN + JJ + CD + POS + NN,1650,5,36,6.4,NOUN ADP ADJ NUM PART NOUN,5.37
2530,286,CMc8l4aTZRQ,132.766,136.366,https://www.youtube.com/watch?v=CMc8l4aTZRQ&t=132,(Bomb craters from war),1.0,0.0,0.0,0.0,1.0,0.0,0.0,0.0,Bomb craters from war,NOUN + NOUN + ADP + NOUN,NN + NNS + IN + NN,2530,4,23,5.0,NOUN NOUN ADP NOUN,4.93
1816,287,9PTr8dnHbtM,1035.833,1038.167,https://www.youtube.com/watch?v=9PTr8dnHbtM&t=1035,-[Eagle Dancer beatboxes],1.0,1.0,0.0,1.0,0.0,0.0,0.0,0.0,Eagle Dancer beatboxes,PROPN + NOUN + NOUN,NNP + NN + NNS,1816,3,25,7.666666666666667,PROPN NOUN NOUN,2.706666666666667
6386,288,ohJrpHUoZ10,165.831,168.935,https://www.youtube.com/watch?v=ohJrpHUoZ10&t=165,[music quickly picks up],1.0,1.0,0.0,0.0,0.0,0.0,0.0,0.0,music quickly picks up,NOUN + ADV + VERB + ADP,NN + RB + VBZ + RP,6386,4,24,5.25,NOUN ADV VERB ADP,5.2875
1663,289,8934qhVjaoA,1404.366,1407.8,https://www.youtube.com/watch?v=8934qhVjaoA&t=1404,[Both vocal and performance],1.0,0.0,0.0,0.0,1.0,0.0,0.0,0.0,Both vocal and performance,CCONJ + ADJ + CCONJ + NOUN,CC + JJ + CC + NN,1663,4,28,6.25,CCONJ ADJ CCONJ NOUN,5.63
3292,290,G0oOta9Lfts,72.104,75.074,https://www.youtube.com/watch?v=G0oOta9Lfts&t=72,<i> [The Sundown Kid],1.0,0.0,0.0,1.0,0.0,0.0,0.0,0.0,The Sundown Kid,DET + ADJ + NOUN,DT + JJ + NN,3292,4,21,4.5,DET ADJ NOUN,5.692500000000001
674,291,3ul8D2QxfaM,580.512,582.915,https://www.youtube.com/watch?v=3ul8D2QxfaM&t=580,"- [as the Other] If it's twins,",1.0,0.0,0.0,1.0,0.0,0.0,0.0,0.0,as the Other,ADP + DET + ADJ,IN + DT + JJ,674,7,31,3.571428571428572,ADP DET ADJ,5.372857142857143
4728,292,KIa6S-L_xV4,278.683,279.683,https://www.youtube.com/watch?v=KIa6S-L_xV4&t=278,-Students: (Children respond “no”),1.0,0.0,0.0,1.0,1.0,0.0,0.0,0.0,Children respond “no”,NOUN + VERB + INTJ,NNS + VBP + UH,4728,4,34,7.75,NOUN VERB INTJ,5.4
4117,293,J7nGbnHRwNA,594.117,596.739,https://www.youtube.com/watch?v=J7nGbnHRwNA&t=594,"♪ Oh, get ready (get ready) ♪",1.0,1.0,0.0,1.0,0.0,0.0,0.0,0.0,get ready,VERB + ADJ,VB + JJ,4117,7,29,3.2857142857142856,VERB ADJ,5.161428571428572
5227,294,M_zhvfBbvaA,765.579,771.279,https://www.youtube.com/watch?v=M_zhvfBbvaA&t=765,there it is. He's gonna do the bull charge. [teapot whistling] Look out. He's coming. He's coming. Look out. Look out here he comes boom!,1.0,0.0,1.0,0.0,0.0,0.0,0.0,0.0,teapot whistling,NOUN + VERB,NN + VBG,5227,25,137,4.52,NOUN VERB,5.668000000000001
4851,295,kU8dLtl1KNM,810.429,812.34,https://www.youtube.com/watch?v=kU8dLtl1KNM&t=810,- [Barry] Is it a pan flip or is it a?,1.0,0.0,0.0,1.0,0.0,0.0,0.0,0.0,Barry,PROPN,NNP,4851,11,38,2.5454545454545454,PROPN,5.65
9383,296,Z_srq-Ifbls,17.247,21.414,https://www.youtube.com/watch?v=Z_srq-Ifbls&t=17,(celebratory cheers and applause),1.0,0.0,1.0,0.0,0.0,0.0,0.0,0.0,celebratory cheers and applause,VERB + NOUN + CCONJ + NOUN,VB + NNS + CC + NN,9383,4,33,7.5,VERB NOUN CCONJ NOUN,4.6075
1630,297,7z4yGH07Pos,44.411,45.979,https://www.youtube.com/watch?v=7z4yGH07Pos&t=44,- [drops tray on table],1.0,0.0,1.0,0.0,0.0,0.0,0.0,0.0,drops tray on table,VERB + NOUN + ADP + NOUN,VBZ + NN + IN + NN,1630,5,23,3.8,VERB NOUN ADP NOUN,4.008
63,298,-CWJYxIvoFQ,1326.091,1327.459,https://www.youtube.com/watch?v=-CWJYxIvoFQ&t=1326,- [Woman Red Top],1.0,0.0,0.0,1.0,0.0,0.0,0.0,0.0,Woman Red Top,NOUN + ADJ + NOUN,NN + JJ + NN,63,4,17,3.5,NOUN ADJ NOUN,4.0600000000000005
3197,299,fM8MmBCN-gA,152.485,154.587,https://www.youtube.com/watch?v=fM8MmBCN-gA&t=152,you'll face a 50-100 m (164-328 ft) swim,1.0,0.0,0.0,0.0,1.0,0.0,0.0,0.0,164-328 ft,NUM + NUM + NOUN,CD + CD + NN,3197,8,40,4.125,NUM NUM NOUN,4.88125
1673,300,8934qhVjaoA,1786.1,1788.466,https://www.youtube.com/watch?v=8934qhVjaoA&t=1786,[All they can do is clap],1.0,0.0,0.0,0.0,1.0,0.0,0.0,0.0,All they can do is clap,PRON + PRON + AUX + VERB + AUX + NOUN,DT + PRP + MD + VB + VBZ + NN,1673,6,25,3.333333333333333,PRON PRON AUX VERB AUX NOUN,6.073333333333333
1183,301,5hYi350ap_M,111.791,114.791,https://www.youtube.com/watch?v=5hYi350ap_M&t=111,( off-key ),1.0,1.0,0.0,0.0,0.0,0.0,0.0,0.0,off-key,ADP + NOUN,IN + NN,1183,3,11,3.0,ADP NOUN,1.6866666666666663
7874,302,st21dIMaGMs,180.412,182.281,https://www.youtube.com/watch?v=st21dIMaGMs&t=180,[woman singing angelically],1.0,1.0,0.0,1.0,0.0,0.0,0.0,0.0,woman singing angelically,NOUN + VERB + ADV,NN + VBG + RB,7874,3,27,8.333333333333334,NOUN VERB ADV,3.77
6749,303,P1nydF443xM,296.596,298.064,https://www.youtube.com/watch?v=P1nydF443xM&t=296,"[ Thud, kids scream ]",1.0,0.0,1.0,0.0,0.0,0.0,0.0,0.0,"Thud, kids scream",PROPN + NOUN + VERB,NNP + NNS + VBP,6749,5,21,3.4,PROPN NOUN VERB,2.464
6563,304,OJ4WBjV5o1I,145.95,149.53,https://www.youtube.com/watch?v=OJ4WBjV5o1I&t=145,"""Set Working Directory"" and ""Choose (working) Directory...""",1.0,0.0,0.0,0.0,0.0,1.0,0.0,0.0,working,VERB,VBG,6563,7,59,7.571428571428571,VERB,5.238571428571428
1684,305,8934qhVjaoA,2683.9,2685.966,https://www.youtube.com/watch?v=8934qhVjaoA&t=2683,[During the stable performance],1.0,0.0,0.0,0.0,1.0,0.0,0.0,0.0,During the stable performance,ADP + DET + ADJ + NOUN,IN + DT + JJ + NN,1684,4,31,7.0,ADP DET ADJ NOUN,5.7725
7524,306,RvHA0xfJ0Mg,1008.739,1010.388,https://www.youtube.com/watch?v=RvHA0xfJ0Mg&t=1008,<c.colorAAFF7C>[PIX laughs]</c>,1.0,0.0,1.0,1.0,0.0,0.0,0.0,0.0,PIX laughs,PROPN + NOUN,NNP + NNS,7524,2,31,15.0,PROPN NOUN,2.03
7970,307,TA-0GQlkudM,256.233,263.233,https://www.youtube.com/watch?v=TA-0GQlkudM&t=256,1 teaspoon of salt (8 g).,1.0,0.0,0.0,0.0,1.0,0.0,0.0,0.0,8 g,NUM + NUM,CD + CD,7970,6,25,3.333333333333333,NUM NUM,5.296666666666668
4805,308,kU8dLtl1KNM,768.805,769.638,https://www.youtube.com/watch?v=kU8dLtl1KNM&t=768,"(""The Nutcracker Suite"")",1.0,1.0,0.0,0.0,0.0,0.0,0.0,0.0,"""The Nutcracker Suite""",DET + NOUN + NOUN,DT + NN + NN,4805,3,24,7.333333333333333,DET NOUN NOUN,4.923333333333333
6252,309,O0SOK-_5owA,2393.466,2396.233,https://www.youtube.com/watch?v=O0SOK-_5owA&t=2393,[What is this?],1.0,0.0,0.0,0.0,1.0,0.0,0.0,0.0,What is this?,PRON + AUX + PRON,WP + VBZ + DT,6252,3,15,4.333333333333333,PRON AUX PRON,6.756666666666667
1676,310,8934qhVjaoA,1943.366,1945.733,https://www.youtube.com/watch?v=8934qhVjaoA&t=1943,[HUENINGKAI warms up his voice],1.0,0.0,0.0,0.0,1.0,0.0,0.0,0.0,HUENINGKAI warms up his voice,NOUN + VERB + ADP + PRON + NOUN,NN + VBZ + RP + PRP$ + NN,1676,5,31,5.4,NOUN VERB ADP PRON NOUN,4.232
8036,311,TO3IfCD_tn8,215.19,216.95,https://www.youtube.com/watch?v=TO3IfCD_tn8&t=215,"- [gasps, chuckles softly]",1.0,0.0,1.0,0.0,0.0,0.0,0.0,0.0,"gasps, chuckles softly",PROPN + NOUN + ADV,NNP + NNS + RB,8036,4,26,5.75,PROPN NOUN ADV,2.445
6206,312,O0SOK-_5owA,1574.2,1577.3,https://www.youtube.com/watch?v=O0SOK-_5owA&t=1574,[Introducing our producers!],1.0,0.0,0.0,0.0,1.0,0.0,0.0,0.0,Introducing our producers!,VERB + PRON + NOUN,VBG + PRP$ + NNS,6206,3,28,8.666666666666666,VERB PRON NOUN,4.88
2659,313,dEE7OjXeNqQ,465.03,467.52,https://www.youtube.com/watch?v=dEE7OjXeNqQ&t=465,"- [David Lynch] Let's tap on ""auto-delete""",1.0,0.0,0.0,1.0,0.0,1.0,0.0,0.0,David Lynch,PROPN + PROPN,NNP + NNP,2659,7,42,5.142857142857143,PROPN PROPN,4.207142857142857
9416,314,Z-x6u88ICW0,311.2,313.167,https://www.youtube.com/watch?v=Z-x6u88ICW0&t=311,[ Ohs and cheering ],1.0,0.0,1.0,0.0,0.0,0.0,0.0,0.0,Ohs and cheering,ADJ + CCONJ + VERB,JJ + CC + VBG,9416,5,20,3.2,ADJ CCONJ VERB,2.726
6075,315,NvjtzKUaq-s,864.15,876.12,https://www.youtube.com/watch?v=NvjtzKUaq-s&t=864,The interior length of St. Peter's is 693.8 ft (211 m). The interior width at transept is 451 ft (137 m).,1.0,0.0,0.0,0.0,1.0,0.0,0.0,0.0,211 m 137 m,NUM + VERB + NUM + NOUN,CD + VBP + CD + NN,6075,21,105,4.047619047619048,NUM VERB NUM NOUN,4.90095238095238
6188,316,O0SOK-_5owA,1277.2,1279.366,https://www.youtube.com/watch?v=O0SOK-_5owA&t=1277,[While I'm at it],1.0,0.0,0.0,0.0,1.0,0.0,0.0,0.0,While I'm at it,SCONJ + PRON + AUX + ADP + PRON,IN + PRP + VBP + IN + PRP,6188,4,17,3.5,SCONJ PRON AUX ADP PRON,6.415
9894,317,Zk0esR2s_P8,70.982,73.682,https://www.youtube.com/watch?v=Zk0esR2s_P8&t=70,( yelling in Chinese ),1.0,0.0,0.0,1.0,0.0,0.0,0.0,0.0,yelling in Chinese,VERB + ADP + PROPN,VBG + IN + NNP,9894,5,22,3.6,VERB ADP PROPN,3.264
6754,318,P1nydF443xM,305.672,307.473,https://www.youtube.com/watch?v=P1nydF443xM&t=305,"[ Ding, ding, ding ]",1.0,0.0,1.0,0.0,0.0,0.0,0.0,0.0,"Ding, ding, ding",ADJ + ADJ + VERB,JJ + JJ + VBG,6754,5,20,3.2,ADJ ADJ VERB,2.178
76,319,-F8-auGIUpk,390.863,396.808,https://www.youtube.com/watch?v=-F8-auGIUpk&t=390,[Laughter/Applause],1.0,0.0,1.0,0.0,0.0,0.0,0.0,0.0,Laughter/Applause,NOUN + NOUN,NN + NN,76,1,19,19.0,NOUN NOUN,3.64
2526,320,CMc8l4aTZRQ,0.0,3.166,https://www.youtube.com/watch?v=CMc8l4aTZRQ&t=0,(Picked Documentary),1.0,0.0,0.0,0.0,1.0,0.0,0.0,0.0,Picked Documentary,VERB + NOUN,VBN + NN,2526,2,20,9.5,VERB NOUN,4.515
1024,321,4JNRy-30ujQ,15.015,18.018,https://www.youtube.com/watch?v=4JNRy-30ujQ&t=15,&lt;i&gt;[quiet suspenseful music]&lt;/i&gt;,1.0,1.0,0.0,0.0,0.0,0.0,0.0,0.0,quiet suspenseful music,ADJ + ADJ + NOUN,JJ + JJ + NN,1024,3,44,14.0,ADJ ADJ NOUN,3.323333333333333
4332,322,J7nGbnHRwNA,8793.559,8794.968,https://www.youtube.com/watch?v=J7nGbnHRwNA&t=8793,(everyone laughs),1.0,0.0,1.0,1.0,0.0,0.0,0.0,0.0,everyone laughs,PRON + VERB,NN + VBZ,4332,2,17,8.0,PRON VERB,4.775
3600,323,GQjeYrx_-Cs,116.15,120.23,https://www.youtube.com/watch?v=GQjeYrx_-Cs&t=116,[serious voice] and don't forget to consult the candle safety manual for proper candle care,1.0,0.0,0.0,1.0,0.0,0.0,0.0,0.0,serious voice,ADJ + NOUN,JJ + NN,3600,15,91,5.133333333333334,ADJ NOUN,5.480666666666667
1688,324,8934qhVjaoA,2905.966,2909.5,https://www.youtube.com/watch?v=8934qhVjaoA&t=2905,[Lips are tightly shut],1.0,0.0,0.0,0.0,1.0,0.0,0.0,0.0,Lips are tightly shut,NOUN + AUX + ADV + VERB,NNS + VBP + RB + VBN,1688,4,23,5.0,NOUN AUX ADV VERB,4.9075
6141,325,O0SOK-_5owA,835.533,837.283,https://www.youtube.com/watch?v=O0SOK-_5owA&t=835,[&amp;AUDITION's sixth trainee],1.0,0.0,0.0,0.0,1.0,0.0,0.0,0.0,&amp;AUDITION's sixth trainee,PROPN + PART + ADJ + NOUN,NNP + POS + JJ + NN,6141,3,31,9.666666666666666,PROPN PART ADJ NOUN,2.603333333333333
1674,326,8934qhVjaoA,1794.066,1796.333,https://www.youtube.com/watch?v=8934qhVjaoA&t=1794,[Deeply touched],1.0,0.0,0.0,0.0,1.0,0.0,0.0,0.0,Deeply touched,ADV + VERB,RB + VBN,1674,2,16,7.5,ADV VERB,4.37
8055,327,tQrCl4cESfQ,259.168,260.088,https://www.youtube.com/watch?v=tQrCl4cESfQ&t=259,"- [Clifford] Oh, (beep).",1.0,0.0,1.0,1.0,0.0,0.0,0.0,0.0,Clifford beep,PROPN + PROPN,NNP + NNP,8055,4,24,5.25,PROPN PROPN,3.1625
5335,328,MgUBCU3Dx9M,983.367,986.634,https://www.youtube.com/watch?v=MgUBCU3Dx9M&t=983,[ SINGING IN WELSH ],1.0,1.0,0.0,1.0,0.0,0.0,0.0,0.0,SINGING IN WELSH,VERB + ADP + NOUN,VBG + IN + NN,5335,5,20,3.2,VERB ADP NOUN,3.2019999999999995
6345,329,O7_Yd3_M8iQ,1111.536,1117.87,https://www.youtube.com/watch?v=O7_Yd3_M8iQ&t=1111,[SCREAMING STILL AUDIBLE],1.0,0.0,1.0,0.0,0.0,0.0,0.0,0.0,SCREAMING STILL AUDIBLE,VERB + ADV + ADJ,VBG + RB + JJ,6345,3,25,7.666666666666667,VERB ADV ADJ,4.573333333333333
6783,330,P7k2MkVYLDE,48.74,50.08,https://www.youtube.com/watch?v=P7k2MkVYLDE&t=48,(piccolos and flutes playing),1.0,1.0,0.0,0.0,0.0,0.0,0.0,0.0,piccolos and flutes playing,NOUN + CCONJ + NOUN + VERB,NNS + CC + NNS + VBG,6783,4,29,6.5,NOUN CCONJ NOUN VERB,4.2775
3009,331,eZCiJihCPUE,605.379,608.546,https://www.youtube.com/watch?v=eZCiJihCPUE&t=605,(Fang spits on spoon),1.0,0.0,1.0,0.0,0.0,0.0,0.0,0.0,Fang spits on spoon,PROPN + NOUN + ADP + NOUN,NNP + NNS + IN + NN,3009,4,21,4.5,PROPN NOUN ADP NOUN,4.3025
6225,332,O0SOK-_5owA,2009.833,2011.8,https://www.youtube.com/watch?v=O0SOK-_5owA&t=2009,[The stage suddenly darkens],1.0,0.0,0.0,0.0,1.0,0.0,0.0,0.0,The stage suddenly darkens,DET + NOUN + ADV + VERB,DT + NN + RB + VBZ,6225,4,28,6.25,DET NOUN ADV VERB,4.97
4933,333,L50sMy1EFKU,5.32,21.64,https://www.youtube.com/watch?v=L50sMy1EFKU&t=5,[♪ music ♪],1.0,1.0,0.0,0.0,0.0,0.0,0.0,0.0,♪ music ♪,X + NOUN + ADJ,LS + NN + JJS,4933,3,11,3.0,X NOUN ADJ,4.366666666666666
6256,334,O0SOK-_5owA,2489.366,2493.0,https://www.youtube.com/watch?v=O0SOK-_5owA&t=2489,[Feeling unwell],1.0,0.0,0.0,0.0,1.0,0.0,0.0,0.0,Feeling unwell,VERB + ADJ,VBG + JJ,6256,2,16,7.5,VERB ADJ,4.135
188,335,0imbM1PHlxM,120.231,123.548,https://www.youtube.com/watch?v=0imbM1PHlxM&t=120,(applauding and heartfelt music),1.0,1.0,1.0,0.0,0.0,0.0,0.0,0.0,applauding and heartfelt music,NOUN + CCONJ + ADJ + NOUN,NN + CC + JJ + NN,188,4,32,7.25,NOUN CCONJ ADJ NOUN,4.8100000000000005
693,336,3ul8D2QxfaM,759.057,760.859,https://www.youtube.com/watch?v=3ul8D2QxfaM&t=759,- [as Two-Face] What is this?,1.0,0.0,0.0,1.0,0.0,0.0,0.0,0.0,as Two-Face,ADP + NUM + NOUN,IN + CD + NN,693,6,29,4.0,ADP NUM NOUN,5.4
3930,337,iELaejVvc7A,1.636,4.587,https://www.youtube.com/watch?v=iELaejVvc7A&t=1,(Central Miao Village),1.0,0.0,0.0,0.0,1.0,0.0,0.0,0.0,Central Miao Village,ADJ + PROPN + NOUN,JJ + NNP + NN,3930,3,22,6.666666666666667,ADJ PROPN NOUN,4.16
670,338,3ul8D2QxfaM,537.302,538.771,https://www.youtube.com/watch?v=3ul8D2QxfaM&t=537,- [growls as the Other],1.0,0.0,1.0,0.0,0.0,0.0,0.0,0.0,growls as the Other,NOUN + ADP + DET + ADJ,NNS + IN + DT + JJ,670,5,23,3.8,NOUN ADP DET ADJ,4.678
745,339,3wkM4l6vGjU,17.453,18.68,https://www.youtube.com/watch?v=3wkM4l6vGjU&t=17,[note swooshes twice],1.0,0.0,1.0,0.0,0.0,0.0,0.0,0.0,note swooshes twice,VERB + NOUN + ADV,VB + NNS + RB,745,3,21,6.333333333333333,VERB NOUN ADV,3.823333333333333
1400,340,7o7Zxkr9jE0,532.298,533.199,https://www.youtube.com/watch?v=7o7Zxkr9jE0&t=532,[ As Billy Idol ],1.0,0.0,0.0,1.0,0.0,0.0,0.0,0.0,As Billy Idol,ADP + PROPN + NOUN,IN + NNP + NN,1400,5,17,2.6,ADP PROPN NOUN,3.008
3589,341,gPttEzhI_K4,78.025,80.035,https://www.youtube.com/watch?v=gPttEzhI_K4&t=78,(POWERED BY SINGAPORE INTERNATIONAL FOUNDATION),1.0,0.0,0.0,0.0,1.0,0.0,0.0,0.0,POWERED BY SINGAPORE INTERNATIONAL FOUNDATION,VERB + ADP + PROPN + PROPN + NOUN,VBN + IN + NNP + NNP + NN,3589,5,47,8.6,VERB ADP PROPN PROPN NOUN,5.086
9069,342,YGM9mDRd0Cs,102.479,105.099,https://www.youtube.com/watch?v=YGM9mDRd0Cs&t=102,[Shandi Finnessey],1.0,0.0,0.0,1.0,0.0,0.0,0.0,0.0,Shandi Finnessey,PROPN + VERB,NNP + VB,9069,2,18,8.5,PROPN VERB,0.595
6186,343,O0SOK-_5owA,1254.833,1257.5,https://www.youtube.com/watch?v=O0SOK-_5owA&t=1254,[Impersonation of whom?],1.0,0.0,0.0,0.0,1.0,0.0,0.0,0.0,Impersonation of whom?,NOUN + ADP + PRON,NN + IN + WP,6186,3,24,7.333333333333333,NOUN ADP PRON,5.04
1645,344,8934qhVjaoA,2507.866,2511.2,https://www.youtube.com/watch?v=8934qhVjaoA&t=2507,[Cue the music],1.0,1.0,0.0,0.0,0.0,0.0,0.0,0.0,Cue the music,VERB + DET + NOUN,VB + DT + NN,1645,3,15,4.333333333333333,VERB DET NOUN,5.666666666666667
268,345,11YHWoRAD6s,65.465,67.534,https://www.youtube.com/watch?v=11YHWoRAD6s&t=65,- [Guy Green Shirt] I have a,1.0,0.0,0.0,1.0,0.0,0.0,0.0,0.0,Guy Green Shirt,PROPN + PROPN + NOUN,NNP + NNP + NN,268,7,28,3.142857142857143,PROPN PROPN NOUN,5.188571428571429
7540,346,RvHA0xfJ0Mg,1430.68,1432.498,https://www.youtube.com/watch?v=RvHA0xfJ0Mg&t=1430,<c.colorFFC0CB>[LIZZIE] Grian?</c>,1.0,0.0,0.0,1.0,0.0,0.0,0.0,0.0,LIZZIE,NOUN,NN,7540,2,34,16.5,NOUN,0.535
663,347,3ul8D2QxfaM,294.093,295.928,https://www.youtube.com/watch?v=3ul8D2QxfaM&t=294,<i> [blows landing],1.0,0.0,1.0,1.0,0.0,0.0,0.0,0.0,blows landing,VERB + VERB,VBZ + VBG,663,3,19,5.666666666666667,VERB VERB,5.176666666666667
4474,348,jc_-Y9rDN2g,516.602,518.614,https://www.youtube.com/watch?v=jc_-Y9rDN2g&t=516,[New scientific institutions],1.0,0.0,0.0,0.0,1.0,0.0,0.0,0.0,New scientific institutions,ADJ + ADJ + NOUN,JJ + JJ + NNS,4474,3,29,9.0,ADJ ADJ NOUN,5.166666666666667
1655,349,8934qhVjaoA,572.6,575.9,https://www.youtube.com/watch?v=8934qhVjaoA&t=572,[Round 4's special mission!],1.0,0.0,0.0,0.0,1.0,0.0,0.0,0.0,Round 4's special mission!,ADV + NUM + PART + ADJ + NOUN,RB + CD + POS + JJ + NN,1655,4,28,6.25,ADV NUM PART ADJ NOUN,5.2175
6082,350,NvjtzKUaq-s,4195.959,4207.347,https://www.youtube.com/watch?v=NvjtzKUaq-s&t=4195,There are thirteen statues: Christ flanked by eleven of the Apostles (except Saint Peter) and John the Baptist.,1.0,0.0,0.0,0.0,1.0,0.0,0.0,0.0,except Saint Peter,SCONJ + ADJ + PROPN,IN + JJ + NNP,6082,18,111,5.222222222222222,SCONJ ADJ PROPN,5.373333333333333
16,351,_FydAuj2_Ow,43.56,44.52,https://www.youtube.com/watch?v=_FydAuj2_Ow&t=43,(both),1.0,0.0,0.0,0.0,0.0,0.0,1.0,0.0,both,PRON,DT,16,1,6,6.0,PRON,5.79
7520,352,RvHA0xfJ0Mg,983.766,986.344,https://www.youtube.com/watch?v=RvHA0xfJ0Mg&t=983,[GRIAN &amp; PIX laugh],1.0,0.0,1.0,0.0,0.0,0.0,0.0,0.0,GRIAN &amp; PIX laugh,PROPN + PROPN + PROPN + NOUN,NNP + NNP + NNP + NN,7520,4,23,5.0,PROPN PROPN PROPN NOUN,3.0700000000000003
3950,353,Im0QITpU0FU,239.5,244.68,https://www.youtube.com/watch?v=Im0QITpU0FU&t=239,Aaa ha ha AAA  [Fake crying of joy],1.0,0.0,1.0,0.0,0.0,0.0,0.0,0.0,Fake crying of joy,ADJ + NOUN + ADP + NOUN,JJ + NN + IN + NN,3950,8,35,3.375,ADJ NOUN ADP NOUN,4.7325
6028,354,nQuO0LZl-zo,162.885,163.945,https://www.youtube.com/watch?v=nQuO0LZl-zo&t=162,"(Irish accent) ""you seem kind of girly"".",1.0,0.0,0.0,1.0,0.0,1.0,0.0,0.0,Irish accent,PROPN + NOUN,NNP + NN,6028,7,40,4.857142857142857,PROPN NOUN,5.26
272,355,11YHWoRAD6s,79.279,80.814,https://www.youtube.com/watch?v=11YHWoRAD6s&t=79,- [Guy Red Shirt] I,1.0,0.0,0.0,1.0,0.0,0.0,0.0,0.0,Guy Red Shirt,NOUN + PROPN + NOUN,NN + NNP + NN,272,5,19,3.0,NOUN PROPN NOUN,4.488
7566,356,RvHA0xfJ0Mg,1502.633,1505.782,https://www.youtube.com/watch?v=RvHA0xfJ0Mg&t=1502,<c.colorFFC0CB>[LIZZIE] Oh no! [laughs]</c>,1.0,0.0,1.0,1.0,0.0,0.0,0.0,0.0,LIZZIE laughs,NOUN + NOUN,NN + NNS,7566,4,43,10.0,NOUN NOUN,3.96
6607,357,opnIxywBZlM,24.119,26.119,https://www.youtube.com/watch?v=opnIxywBZlM&t=24,(Marshmello-Alone Playing),1.0,1.0,0.0,0.0,0.0,0.0,0.0,0.0,Marshmello-Alone Playing,NOUN + ADV + NOUN,NN + RB + NN,6607,2,26,12.5,NOUN ADV NOUN,3.73
5224,358,M_zhvfBbvaA,730.9,732.24,https://www.youtube.com/watch?v=M_zhvfBbvaA&t=730,[back-and-forth hop pings],1.0,0.0,1.0,0.0,0.0,0.0,0.0,0.0,back-and-forth hop pings,ADJ + CCONJ + ADV + NOUN + NOUN,JJ + CC + RB + NN + NNS,5224,3,26,8.0,ADJ CCONJ ADV NOUN NOUN,3.9066666666666654
6867,359,PoQJKW4jLl0,569.4,571.534,https://www.youtube.com/watch?v=PoQJKW4jLl0&t=569,[ Drum roll ],1.0,1.0,1.0,0.0,0.0,0.0,0.0,0.0,Drum roll,NOUN + NOUN,NN + NN,6867,4,13,2.5,NOUN NOUN,2.215
7339,360,Rj9LXnVkHlg,1198.115,1201.61,https://www.youtube.com/watch?v=Rj9LXnVkHlg&t=1198,(singing in foreign language),1.0,1.0,0.0,0.0,0.0,0.0,0.0,0.0,singing in foreign language,VERB + ADP + ADJ + NOUN,VBG + IN + JJ + NN,7339,4,29,6.5,VERB ADP ADJ NOUN,5.51
13,361,_2X5dMD6rMU,940.84,947.16,https://www.youtube.com/watch?v=_2X5dMD6rMU&t=940,If we start off with... (incomprehensible noise),1.0,0.0,1.0,0.0,0.0,0.0,0.0,0.0,incomprehensible noise,PROPN + NOUN,NNP + NN,13,7,48,6.0,PROPN NOUN,5.581428571428572
6017,362,noTdca1TuOA,0.682,4.599,https://www.youtube.com/watch?v=noTdca1TuOA&t=0,(uplifting instrumental music),1.0,1.0,0.0,0.0,0.0,0.0,0.0,0.0,uplifting instrumental music,VERB + ADJ + NOUN,VBG + JJ + NN,6017,3,30,9.333333333333334,VERB ADJ NOUN,4.276666666666666
293,363,1AR-vtcDY-8,168.348,169.181,https://www.youtube.com/watch?v=1AR-vtcDY-8&t=168,(Eric and Melissa laughs),1.0,0.0,1.0,0.0,0.0,0.0,0.0,0.0,Eric and Melissa laughs,PROPN + CCONJ + ADJ + NOUN,NNP + CC + JJ + NNS,293,4,25,5.5,PROPN CCONJ ADJ NOUN,4.955
6285,364,O0SOK-_5owA,3430.3,3436.766,https://www.youtube.com/watch?v=O0SOK-_5owA&t=3430,"[Round 1, close-up camera evaluation]",1.0,0.0,0.0,0.0,1.0,0.0,0.0,0.0,"Round 1, close-up camera evaluation",ADV + NUM + ADJ + ADP + NOUN + NOUN,RB + CD + JJ + RP + NN + NN,6285,5,37,6.6,ADV NUM ADJ ADP NOUN NOUN,5.1080000000000005
3571,365,GigpxLNbgeg,365.567,369.133,https://www.youtube.com/watch?v=GigpxLNbgeg&t=365,(opening and pouring feed),1.0,0.0,1.0,0.0,0.0,0.0,0.0,0.0,opening and pouring feed,VERB + CCONJ + VERB + NOUN,VBG + CC + VBG + NN,3571,4,26,5.75,VERB CCONJ VERB NOUN,5.220000000000001
6147,366,O0SOK-_5owA,865.0,866.5,https://www.youtube.com/watch?v=O0SOK-_5owA&t=865,[Slides by],1.0,0.0,0.0,0.0,1.0,0.0,0.0,0.0,Slides by,NOUN + ADP,NNS + IN,6147,2,11,5.0,NOUN ADP,5.22
2233,367,bGz6i3qgJNI,54.387,55.655,https://www.youtube.com/watch?v=bGz6i3qgJNI&t=54,- [Man In Gray Jacket] Yeah,1.0,0.0,0.0,1.0,0.0,0.0,0.0,0.0,Man In Gray Jacket,NOUN + ADP + ADJ + NOUN,NN + IN + JJ + NN,2233,6,27,3.6666666666666665,NOUN ADP ADJ NOUN,4.538333333333333
6885,368,PoQJKW4jLl0,223.1,224.133,https://www.youtube.com/watch?v=PoQJKW4jLl0&t=223,"[ Audience ""Awws"" ]",1.0,0.0,0.0,1.0,0.0,1.0,0.0,0.0,"Audience ""Awws""",NOUN + NOUN,NN + NN,6885,4,19,4.0,NOUN NOUN,1.5
8226,369,uhSkKWC6p9o,237.103,238.404,https://www.youtube.com/watch?v=uhSkKWC6p9o&t=237,(Lala angelically harmonizing),1.0,1.0,0.0,0.0,0.0,0.0,0.0,0.0,Lala angelically harmonizing,PROPN + ADV + VERB,NNP + RB + VBG,8226,3,30,9.333333333333334,PROPN ADV VERB,2.313333333333333
6565,370,OJ4WBjV5o1I,337.25,342.97,https://www.youtube.com/watch?v=OJ4WBjV5o1I&t=337,"using the following command:(""rm(list=ls()"")",1.0,0.0,0.0,0.0,1.0,0.0,0.0,0.0,"""rm(list=ls(",NOUN + SYM + NOUN,NN + SYM + NNS,6565,4,44,10.25,NOUN SYM NOUN,5.515
6773,371,p2HzZkd2A40,1547.24,1548.09,https://www.youtube.com/watch?v=p2HzZkd2A40&t=1547,[PHONE DIALING AND RINGING],1.0,0.0,1.0,0.0,0.0,0.0,0.0,0.0,PHONE DIALING AND RINGING,NOUN + NOUN + CCONJ + VERB,NN + NN + CC + VBG,6773,4,27,6.0,NOUN NOUN CCONJ VERB,4.8625
583,372,3fDwBcUpJPg,87.42,89.214,https://www.youtube.com/watch?v=3fDwBcUpJPg&t=87,&lt;b&gt;[forced laughter]&lt;/b&gt;,1.0,0.0,1.0,0.0,0.0,0.0,0.0,0.0,forced laughter,VERB + NOUN,VBN + NN,583,2,36,17.5,VERB NOUN,3.55
6314,373,O3Yn95prMas,817.971,821.304,https://www.youtube.com/watch?v=O3Yn95prMas&t=817,"(""Key and Peele Theme"")",1.0,1.0,0.0,0.0,0.0,0.0,0.0,0.0,"""Key and Peele Theme""",ADJ + CCONJ + NOUN + NOUN,JJ + CC + NN + NN,6314,4,23,5.0,ADJ CCONJ NOUN NOUN,4.945
652,374,3ul8D2QxfaM,1245.443,1248.313,https://www.youtube.com/watch?v=3ul8D2QxfaM&t=1245,[upbeat electric music],1.0,1.0,0.0,0.0,0.0,0.0,0.0,0.0,upbeat electric music,PROPN + ADJ + NOUN,NNP + JJ + NN,652,3,23,7.0,PROPN ADJ NOUN,4.59
6436,375,Oie4gg-oQ6g,19.906,20.739,https://www.youtube.com/watch?v=Oie4gg-oQ6g&t=19,(tires screech),1.0,0.0,1.0,0.0,0.0,0.0,0.0,0.0,tires screech,NOUN + PROPN,NNS + NNP,6436,2,15,7.0,NOUN PROPN,3.455
586,376,3fDwBcUpJPg,113.863,114.948,https://www.youtube.com/watch?v=3fDwBcUpJPg&t=113,&lt;b&gt;[gasps excitedly]&lt;/b&gt;,1.0,0.0,1.0,0.0,0.0,0.0,0.0,0.0,gasps excitedly,VERB + ADV,VBZ + RB,586,2,36,17.5,VERB ADV,2.9
3076,377,fbPiDlhM0C8,149.08,150.57,https://www.youtube.com/watch?v=fbPiDlhM0C8&t=149,"- [Ken and Matt] No, neither of us were.",1.0,0.0,0.0,1.0,0.0,0.0,0.0,0.0,Ken and Matt,PROPN + CCONJ + PROPN,NNP + CC + NNP,3076,9,40,3.555555555555556,PROPN CCONJ PROPN,5.23
4703,378,kagT4109TTU,11.567,13.0,https://www.youtube.com/watch?v=kagT4109TTU&t=11,[ Maraca shaking ],1.0,1.0,1.0,0.0,0.0,0.0,0.0,0.0,Maraca shaking,PROPN + VERB,NNP + VBG,4703,4,18,3.75,PROPN VERB,1.4325
2529,379,CMc8l4aTZRQ,107.6,110.366,https://www.youtube.com/watch?v=CMc8l4aTZRQ&t=107,(Bounphu / Plain of Jars Guide),1.0,0.0,0.0,0.0,1.0,0.0,0.0,0.0,Bounphu / Plain of Jars Guide,VERB + NOUN + ADP + NOUN + NOUN,VB + NN + IN + NNS + NN,2529,6,31,4.333333333333333,VERB NOUN ADP NOUN NOUN,3.3383333333333334
6133,380,O0SOK-_5owA,711.216,713.3,https://www.youtube.com/watch?v=O0SOK-_5owA&t=711,[MINHYUNG],1.0,0.0,0.0,0.0,1.0,0.0,0.0,0.0,MINHYUNG,PROPN,NNP,6133,1,10,10.0,PROPN,0.0
2366,381,bu2vEKOEfgQ,134.0,138.234,https://www.youtube.com/watch?v=bu2vEKOEfgQ&t=134,[ Dog barks softly ],1.0,0.0,1.0,0.0,0.0,0.0,0.0,0.0,Dog barks softly,NOUN + VERB + ADV,NN + VBZ + RB,2366,5,20,3.2,NOUN VERB ADV,2.376
581,382,3fDwBcUpJPg,103.269,103.853,https://www.youtube.com/watch?v=3fDwBcUpJPg&t=103,&lt;i&gt;&lt;b&gt;[flamenco music]&lt;/b&gt;&lt;/i&gt;,1.0,1.0,0.0,0.0,0.0,0.0,0.0,0.0,flamenco music,NOUN + NOUN,NN + NN,581,2,54,26.5,NOUN NOUN,3.05
6567,383,ojJupoAyT58,18.268,22.518,https://www.youtube.com/watch?v=ojJupoAyT58&t=18,(military trumpet and drum music),1.0,1.0,0.0,0.0,0.0,0.0,0.0,0.0,military trumpet and drum music,ADJ + NOUN + CCONJ + NOUN + NOUN,JJ + NN + CC + NN + NN,6567,5,33,5.8,ADJ NOUN CCONJ NOUN NOUN,5.164
6388,384,ohJrpHUoZ10,175.674,177.476,https://www.youtube.com/watch?v=ohJrpHUoZ10&t=175,[orchestral music returns],1.0,1.0,0.0,0.0,0.0,0.0,0.0,0.0,orchestral music returns,ADJ + NOUN + NOUN,JJ + NN + NNS,6388,3,26,8.0,ADJ NOUN NOUN,4.46
6115,385,O0SOK-_5owA,376.233,379.333,https://www.youtube.com/watch?v=O0SOK-_5owA&t=376,[Haha! They're finally here],1.0,0.0,0.0,0.0,1.0,0.0,0.0,0.0,Haha! They're finally here,PROPN + PRON + AUX + ADV + ADV,NNP + PRP + VBP + RB + RB,6115,4,28,6.25,PROPN PRON AUX ADV ADV,5.285
8370,386,V7qtEJ4-uqo,166.035,169.52,https://www.youtube.com/watch?v=V7qtEJ4-uqo&t=166,Add a handful of roasted chana dal (Pottu Kadalai),1.0,0.0,0.0,0.0,1.0,0.0,0.0,0.0,Pottu Kadalai,PROPN + PROPN,NNP + NNP,8370,9,50,4.666666666666667,PROPN PROPN,3.82
6053,387,ntJouJhLM48,1255.04,1260.04,https://www.youtube.com/watch?v=ntJouJhLM48&t=1255,"that, you know, we add the compost and we (laughs) thought we'd be good to go, the entire",1.0,0.0,1.0,0.0,0.0,0.0,0.0,0.0,laughs,NOUN,NNS,6053,18,89,4.0,NOUN,6.106111111111112
2537,388,cNqM6M1Dbg4,124.23,125.38,https://www.youtube.com/watch?v=cNqM6M1Dbg4&t=124,"- See, tea-bit. (chiming bells)",1.0,1.0,1.0,0.0,0.0,0.0,0.0,0.0,chiming bells,VERB + NOUN,VBG + NNS,2537,5,31,5.4,VERB NOUN,3.4739999999999998
5100,389,LmxgWiL_4rc,35.25,40.25,https://www.youtube.com/watch?v=LmxgWiL_4rc&t=35,"Get ready, in (counting down in German)",1.0,0.0,0.0,1.0,0.0,0.0,0.0,0.0,counting down in German,VERB + ADP + ADP + NOUN,VBG + RP + IN + NN,5100,7,39,4.714285714285714,VERB ADP ADP NOUN,5.885714285714286
7871,390,st21dIMaGMs,28.16,30.596,https://www.youtube.com/watch?v=st21dIMaGMs&t=28,[Muzak in background],1.0,1.0,0.0,0.0,0.0,0.0,0.0,0.0,Muzak in background,NOUN + ADP + NOUN,NN + IN + NN,7871,3,21,6.333333333333333,NOUN ADP NOUN,4.7
3450,391,GC5Gmkn92Bg,398.63,400.065,https://www.youtube.com/watch?v=GC5Gmkn92Bg&t=398,[CALL END TONE],1.0,0.0,1.0,0.0,0.0,0.0,0.0,0.0,CALL END TONE,VERB + NOUN + NOUN,VB + NN + NN,3450,3,15,4.333333333333333,VERB NOUN NOUN,5.226666666666667
6839,392,P7k2MkVYLDE,203.5,204.84,https://www.youtube.com/watch?v=P7k2MkVYLDE&t=203,(door clicks open),1.0,0.0,1.0,0.0,0.0,0.0,0.0,0.0,door clicks open,NOUN + VERB + ADJ,NN + VBZ + JJ,6839,3,18,5.333333333333333,NOUN VERB ADJ,4.760000000000001
1657,393,8934qhVjaoA,898.966,901.1,https://www.youtube.com/watch?v=8934qhVjaoA&t=898,[Team A?],1.0,0.0,0.0,0.0,1.0,0.0,0.0,0.0,Team A?,NOUN + NOUN,NN + NN,1657,2,9,4.0,NOUN NOUN,6.515000000000001
6240,394,O0SOK-_5owA,2173.266,2175.733,https://www.youtube.com/watch?v=O0SOK-_5owA&t=2173,[Sakura checks every little detail],1.0,0.0,0.0,0.0,1.0,0.0,0.0,0.0,Sakura checks every little detail,NOUN + NOUN + DET + ADJ + NOUN,NN + NNS + DT + JJ + NN,6240,5,35,6.2,NOUN NOUN DET ADJ NOUN,4.746
5301,395,mcsklItRHww,238.407,240.98,https://www.youtube.com/watch?v=mcsklItRHww&t=238,(loud motor sound),1.0,0.0,1.0,0.0,0.0,0.0,0.0,0.0,loud motor sound,PROPN + NOUN + NOUN,NNP + NN + NN,5301,3,18,5.333333333333333,PROPN NOUN NOUN,4.736666666666667
5329,396,MEdEcjrlw_g,1511.409,1511.443,https://www.youtube.com/watch?v=MEdEcjrlw_g&t=1511,[ NO AUDIO ],1.0,0.0,1.0,0.0,0.0,0.0,0.0,0.0,NO AUDIO,DET + NOUN,DT + NN,5329,4,12,2.25,DET NOUN,2.705
2835,397,edwvY6xBo4Y,1.468,2.969,https://www.youtube.com/watch?v=edwvY6xBo4Y&t=1,(increasingly loud music),1.0,1.0,0.0,0.0,0.0,0.0,0.0,0.0,increasingly loud music,ADV + ADJ + NOUN,RB + JJ + NN,2835,3,25,7.666666666666667,ADV ADJ NOUN,4.81
6120,398,O0SOK-_5owA,546.966,549.483,https://www.youtube.com/watch?v=O0SOK-_5owA&t=546,[EJ's cuteness],1.0,0.0,0.0,0.0,1.0,0.0,0.0,0.0,EJ's cuteness,PROPN + PART + NOUN,NNP + POS + NN,6120,2,15,7.0,PROPN PART NOUN,2.1
3364,399,G8hv6MOYjGM,307.044,309.961,https://www.youtube.com/watch?v=G8hv6MOYjGM&t=307,(upbeat xylophone),1.0,1.0,0.0,0.0,0.0,0.0,0.0,0.0,upbeat xylophone,PROPN + PROPN,NNP + NNP,3364,2,18,8.5,PROPN PROPN,2.95
6062,400,NUAvdYNGTQU,718.04,720.34,https://www.youtube.com/watch?v=NUAvdYNGTQU&t=718,Host: “Combinations are very important (in food).”,1.0,0.0,0.0,1.0,0.0,0.0,0.0,0.0,in food,ADP + NOUN,IN + NN,6062,7,50,6.285714285714286,ADP NOUN,5.635714285714285
3098,401,fbPiDlhM0C8,321.673,324.28,https://www.youtube.com/watch?v=fbPiDlhM0C8&t=321,"- [Ken] (gasps) Oh, I know what that is!",1.0,0.0,0.0,1.0,0.0,0.0,0.0,0.0,Ken gasps,PROPN + VERB,NNP + VBZ,3098,9,40,3.555555555555556,PROPN VERB,5.134444444444444
6180,402,O0SOK-_5owA,1201.033,1203.666,https://www.youtube.com/watch?v=O0SOK-_5owA&t=1201,[Graceful like a swan],1.0,0.0,0.0,0.0,1.0,0.0,0.0,0.0,Graceful like a swan,ADJ + ADP + DET + NOUN,JJ + IN + DT + NN,6180,4,22,4.75,ADJ ADP DET NOUN,5.25
9490,403,zdjT5VRQzwM,28.737,29.57,https://www.youtube.com/watch?v=zdjT5VRQzwM&t=28,(Charlie beatboxes),1.0,1.0,0.0,0.0,0.0,0.0,0.0,0.0,Charlie beatboxes,PROPN + NOUN,NNP + NNS,9490,2,19,9.0,PROPN NOUN,2.215
7723,404,skPUmFZ-WqA,1190.388,1193.258,https://www.youtube.com/watch?v=skPUmFZ-WqA&t=1190,(All screaming),1.0,1.0,0.0,0.0,0.0,0.0,0.0,0.0,All screaming,PRON + VERB,DT + VBG,7723,2,15,7.0,PRON VERB,5.435
3172,405,FKLIIueTSJI,272.72,273.16,https://www.youtube.com/watch?v=FKLIIueTSJI&t=272,BEARDYMAN: [SINGING],1.0,1.0,0.0,1.0,0.0,0.0,0.0,0.0,SINGING,VERB,VBG,3172,2,20,9.5,VERB,2.295
9372,406,yzbBAkbgfW4,505.805,507.07,https://www.youtube.com/watch?v=yzbBAkbgfW4&t=505,"(ring clinks on floor) Seriously, Peter?",1.0,0.0,1.0,0.0,0.0,0.0,0.0,0.0,ring clinks on floor,NOUN + NOUN + ADP + NOUN,NN + NNS + IN + NN,9372,6,40,5.833333333333333,NOUN NOUN ADP NOUN,4.67
7308,407,R4pFYjHQcck,74.67,79.9,https://www.youtube.com/watch?v=R4pFYjHQcck&t=74,and feedback from... gamers... like you... (laughs) Thanks for supporting PBS.,1.0,0.0,1.0,0.0,0.0,0.0,0.0,0.0,laughs,NOUN,NNS,7308,11,78,6.181818181818182,NOUN,5.467272727272728
7489,408,RvHA0xfJ0Mg,185.101,191.859,https://www.youtube.com/watch?v=RvHA0xfJ0Mg&t=185,<c.green>[MUSIC]</c>,1.0,1.0,0.0,0.0,0.0,0.0,0.0,0.0,MUSIC,NOUN,NN,7489,1,20,20.0,NOUN,0.0
4684,409,Jx1C-S466tk,73.734,75.075,https://www.youtube.com/watch?v=Jx1C-S466tk&t=73,(Amy grunts angrily),1.0,0.0,1.0,0.0,0.0,0.0,0.0,0.0,Amy grunts angrily,ADJ + NOUN + ADV,JJ + NNS + RB,4684,3,20,6.0,ADJ NOUN ADV,3.486666666666667
7683,410,Sb_hCbZ80aQ,808.306,810.242,https://www.youtube.com/watch?v=Sb_hCbZ80aQ&t=808,<i> ( heart beating )</i>,1.0,0.0,1.0,1.0,0.0,0.0,0.0,0.0,heart beating,NOUN + VERB,NN + VBG,7683,5,25,4.2,NOUN VERB,4.784
1078,411,5eIt2hsIyhM,48.548,50.05,https://www.youtube.com/watch?v=5eIt2hsIyhM&t=48,"[glasses beeping, whirring]",1.0,0.0,1.0,0.0,0.0,0.0,0.0,0.0,"glasses beeping, whirring",NOUN + VERB + VERB,NNS + VBG + VBG,1078,3,27,8.333333333333334,NOUN VERB VERB,3.16
8438,412,vVLEL77JXV8,34.1,45.04,https://www.youtube.com/watch?v=vVLEL77JXV8&t=34,(upbeat guitar song continues),1.0,1.0,0.0,0.0,0.0,0.0,0.0,0.0,upbeat guitar song continues,PROPN + PROPN + NOUN + VERB,NNP + NNP + NN + VBZ,8438,4,30,6.75,PROPN PROPN NOUN VERB,4.515
5021,413,LKqMeSft37o,30.362,34.447,https://www.youtube.com/watch?v=LKqMeSft37o&t=30,"300 grams (2 cups) bread flour, or all-purpose flour, wheat flour",1.0,0.0,0.0,0.0,1.0,0.0,0.0,0.0,2 cups,NUM + NOUN,CD + NNS,5021,11,65,5.0,NUM NOUN,4.472727272727273
9749,414,zdjT5VRQzwM,1882.054,1883.563,https://www.youtube.com/watch?v=zdjT5VRQzwM&t=1882,- [Dennis Audio] We need to set a trap.,1.0,0.0,0.0,1.0,0.0,0.0,0.0,0.0,Dennis Audio,PROPN + PROPN,NNP + NNP,9749,9,39,3.4444444444444446,PROPN PROPN,5.087777777777777
6843,415,p7uTvCtcbXA,154.106,156.286,https://www.youtube.com/watch?v=p7uTvCtcbXA&t=154,[2 hours],1.0,0.0,0.0,0.0,1.0,0.0,0.0,0.0,2 hours,NUM + NOUN,CD + NNS,6843,2,9,4.0,NUM NOUN,5.7
8730,416,X1AMQ7DJkQc,91.157,92.926,https://www.youtube.com/watch?v=X1AMQ7DJkQc&t=91,[ As Ron Burgundy ],1.0,0.0,0.0,1.0,0.0,0.0,0.0,0.0,As Ron Burgundy,ADP + PROPN + PROPN,IN + NNP + NNP,8730,5,19,3.0,ADP PROPN PROPN,2.89
3941,417,ile6FWIScck,625.11,627.11,https://www.youtube.com/watch?v=ile6FWIScck&t=625,I think or reptile poop bags (ss:30% more expensive),1.0,0.0,0.0,0.0,1.0,0.0,0.0,0.0,ss:30% more expensive,PROPN + ADV + ADJ,NNP + RBR + JJ,3941,9,52,4.888888888888889,PROPN ADV ADJ,5.126666666666667
4520,418,jkmNH94YBCA,31.398,33.534,https://www.youtube.com/watch?v=jkmNH94YBCA&t=31,"FOR ALL THE (BLEEP)""",1.0,0.0,1.0,0.0,0.0,1.0,0.0,0.0,BLEEP,ADJ,JJ,4520,4,20,4.25,ADJ,6.084999999999999
6355,419,O8N_mRPo2gc,234.241,243.486,https://www.youtube.com/watch?v=O8N_mRPo2gc&t=234,It doesn't matter we hit a Depressive Episode. All that matters is that we touch here (Mania) and we have at least 1 Manic Episode. Okay?,1.0,0.0,0.0,0.0,1.0,0.0,0.0,0.0,Mania,NOUN,NN,6355,26,137,4.307692307692308,NOUN,5.797692307692307
655,420,3ul8D2QxfaM,73.272,75.341,https://www.youtube.com/watch?v=3ul8D2QxfaM&t=73,<i> [answering machine beeps],1.0,0.0,1.0,1.0,0.0,0.0,0.0,0.0,answering machine beeps,VERB + NOUN + VERB,VBG + NN + VBZ,655,4,29,6.5,VERB NOUN VERB,4.697500000000001
8135,421,U6d_KrLOep0,286.901,289.801,https://www.youtube.com/watch?v=U6d_KrLOep0&t=286,"[ Laughter ] -And you're like, ""I don't know.",1.0,0.0,1.0,0.0,0.0,0.0,0.0,0.0,Laughter,NOUN,NN,8135,9,45,4.111111111111111,NOUN,4.797777777777778
8948,422,xzkSbSh-OYo,231.934,232.501,https://www.youtube.com/watch?v=xzkSbSh-OYo&t=231,I DON’T KNOW. [ CHEERS AND APPLAUSE ],1.0,0.0,1.0,0.0,0.0,0.0,0.0,0.0,CHEERS AND APPLAUSE,NOUN + CCONJ + NOUN,NNS + CC + NN,8948,8,37,3.75,NOUN CCONJ NOUN,4.345
6121,423,O0SOK-_5owA,549.483,552.0,https://www.youtube.com/watch?v=O0SOK-_5owA&t=549,[The End],1.0,0.0,0.0,0.0,1.0,0.0,0.0,0.0,The End,DET + NOUN,DT + NN,6121,2,9,4.0,DET NOUN,6.705
3215,424,fsQVfQt0HOk,146.521,150.231,https://www.youtube.com/watch?v=fsQVfQt0HOk&t=146,(bright children's music ending),1.0,1.0,0.0,0.0,0.0,0.0,0.0,0.0,bright children's music ending,ADJ + NOUN + PART + NOUN + VERB,JJ + NNS + POS + NN + VBG,3215,4,32,7.25,ADJ NOUN PART NOUN VERB,4.82
6074,425,NvjtzKUaq-s,745.813,758.343,https://www.youtube.com/watch?v=NvjtzKUaq-s&t=745,The letters written on the gold band around the nave are six feet (1.8m) tall.,1.0,0.0,0.0,0.0,1.0,0.0,0.0,0.0,1.8m,NUM + NUM,CD + CD,6074,15,78,4.266666666666667,NUM NUM,5.486666666666666
2646,426,DdxH5rRFRbg,464.399,469.422,https://www.youtube.com/watch?v=DdxH5rRFRbg&t=464,"Can I say ""[unk] show""? There's too many players here.",1.0,0.0,0.0,0.0,0.0,1.0,0.0,0.0,unk,ADV,RB,2646,10,54,4.5,ADV,5.598999999999999
7348,427,Rj9LXnVkHlg,323.606,327.606,https://www.youtube.com/watch?v=Rj9LXnVkHlg&t=323,(men speaking foreign language),1.0,0.0,0.0,1.0,0.0,0.0,0.0,0.0,men speaking foreign language,NOUN + VERB + ADJ + NOUN,NNS + VBG + JJ + NN,7348,4,31,7.0,NOUN VERB ADJ NOUN,5.15
6629,428,ouGirTdLR-0,378.711,379.545,https://www.youtube.com/watch?v=ouGirTdLR-0&t=378,(woman caws playfully),1.0,0.0,1.0,0.0,0.0,0.0,0.0,0.0,woman caws playfully,NOUN + NOUN + ADV,NN + NNS + RB,6629,3,22,6.666666666666667,NOUN NOUN ADV,3.4333333333333336
796,429,3XkjoLgZr60,8.237,9.61,https://www.youtube.com/watch?v=3XkjoLgZr60&t=8,[(Front row 100% satisfied)],1.0,0.0,0.0,0.0,1.0,0.0,0.0,0.0,(Front row 100% satisfied),ADJ + NOUN + NUM + ADJ,JJ + NN + CD + JJ,796,4,28,6.25,ADJ NOUN NUM ADJ,4.475
1889,430,a-kPIwQsDN4,188.701,191.767,https://www.youtube.com/watch?v=a-kPIwQsDN4&t=188,[ Singing native language ],1.0,1.0,0.0,1.0,0.0,0.0,0.0,0.0,Singing native language,VERB + ADJ + NOUN,VBG + JJ + NN,1889,5,27,4.6,VERB ADJ NOUN,2.8760000000000003
8902,431,XtQn80E9NIg,111.144,113.513,https://www.youtube.com/watch?v=XtQn80E9NIg&t=111,(men in car laughing),1.0,0.0,1.0,0.0,0.0,0.0,0.0,0.0,men in car laughing,NOUN + ADP + NOUN + VERB,NNS + IN + NN + VBG,8902,4,21,4.5,NOUN ADP NOUN VERB,5.71
3765,432,hMOCumxpdvU,860.727,864.31,https://www.youtube.com/watch?v=hMOCumxpdvU&t=860,(instrument panel beeping),1.0,0.0,1.0,0.0,0.0,0.0,0.0,0.0,instrument panel beeping,ADJ + NOUN + VERB,JJ + NN + VBG,3765,3,26,8.0,ADJ NOUN VERB,3.8333333333333326
7628,433,S2_-ZssvisE,102.434,103.903,https://www.youtube.com/watch?v=S2_-ZssvisE&t=102,[ Imitating Trump ],1.0,0.0,0.0,1.0,0.0,0.0,0.0,0.0,Imitating Trump,NOUN + NOUN,NN + NN,7628,4,19,4.0,NOUN NOUN,2.0325
5341,434,mHjhgeyhuKk,1.246,4.216,https://www.youtube.com/watch?v=mHjhgeyhuKk&t=1,&gt;&gt; [Background Music] Learning,1.0,1.0,0.0,0.0,0.0,0.0,0.0,0.0,Background Music,NOUN + NOUN,NN + NN,5341,4,36,8.25,NOUN NOUN,4.675
8561,435,WAU6dtQ9yS0,1563.261,1564.863,https://www.youtube.com/watch?v=WAU6dtQ9yS0&t=1563,( audibly reacting ),1.0,0.0,1.0,0.0,0.0,0.0,0.0,0.0,audibly reacting,ADV + VERB,RB + VBG,8561,4,20,4.25,ADV VERB,1.55
5884,436,nBYhHDpkUgM,291.053,294.09,https://www.youtube.com/watch?v=nBYhHDpkUgM&t=291,"- [Alex] (laughs) Oh, I",1.0,0.0,1.0,1.0,0.0,0.0,0.0,0.0,Alex laughs,PROPN + NOUN,NNP + NNS,5884,5,23,3.8,PROPN NOUN,4.244
9934,437,zQ8tvCBavKk,844.53,847.21,https://www.youtube.com/watch?v=zQ8tvCBavKk&t=844,Rock paper scissors (in Korean).,1.0,0.0,0.0,1.0,0.0,0.0,0.0,0.0,in Korean,ADP + ADJ,IN + JJ,9934,5,32,5.6,ADP ADJ,5.088000000000001
8536,438,WAU6dtQ9yS0,605.137,607.807,https://www.youtube.com/watch?v=WAU6dtQ9yS0&t=605,- ( sharp gasp ),1.0,0.0,1.0,0.0,0.0,0.0,0.0,0.0,sharp gasp,ADJ + NOUN,JJ + NN,8536,5,16,2.4,ADJ NOUN,1.586
5222,439,M_zhvfBbvaA,652.6,654.6,https://www.youtube.com/watch?v=M_zhvfBbvaA&t=652,[big impact sound effect],1.0,0.0,1.0,0.0,0.0,0.0,0.0,0.0,big impact sound effect,ADJ + NOUN + NOUN + NOUN,JJ + NN + NN + NN,5222,4,25,5.5,ADJ NOUN NOUN NOUN,5.19
8305,440,UShTfs42UuI,0.235,3.85,https://www.youtube.com/watch?v=UShTfs42UuI&t=0,(high pitched tone),1.0,0.0,1.0,0.0,0.0,0.0,0.0,0.0,high pitched tone,ADJ + VERB + NOUN,JJ + VBN + NN,8305,3,19,5.666666666666667,ADJ VERB NOUN,4.693333333333333
8181,441,UDzZ2n3QQHc,0.049,2.716,https://www.youtube.com/watch?v=UDzZ2n3QQHc&t=0,(bassy hip hop),1.0,1.0,0.0,0.0,0.0,0.0,0.0,0.0,bassy hip hop,PROPN + PROPN + PROPN,NNP + NNP + NNP,8181,3,15,4.333333333333333,PROPN PROPN PROPN,3.5933333333333337
7483,442,rTstp92gIa4,143.566,148.3,https://www.youtube.com/watch?v=rTstp92gIa4&t=143,- [drawn out],1.0,0.0,0.0,1.0,0.0,0.0,0.0,0.0,drawn out,VERB + ADP,VBN + RP,7483,3,13,3.6666666666666665,VERB ADP,3.6366666666666663
4213,443,J7nGbnHRwNA,3282.523,3283.356,https://www.youtube.com/watch?v=J7nGbnHRwNA&t=3282,LAURA: (one clap),1.0,0.0,1.0,1.0,0.0,0.0,0.0,0.0,one clap,NUM + NOUN,CD + NN,4213,3,17,5.0,NUM NOUN,4.75
1813,444,9PTr8dnHbtM,743.542,745.625,https://www.youtube.com/watch?v=9PTr8dnHbtM&t=743,[uplifting music crescendos],1.0,1.0,0.0,0.0,0.0,0.0,0.0,0.0,uplifting music crescendos,VERB + NOUN + VERB,VBG + NN + VBZ,1813,3,28,8.666666666666666,VERB NOUN VERB,3.5966666666666662
8340,445,UWKvpFZJwcE,196.468,198.889,https://www.youtube.com/watch?v=UWKvpFZJwcE&t=196,In fact it's -- (Mumbling) -- exactly. (Laughter),1.0,0.0,1.0,1.0,0.0,0.0,0.0,0.0,Mumbling Laughter,ADJ + NOUN,JJ + NN,8340,8,49,5.25,ADJ NOUN,3.89125
7471,446,Ro_nYcdGVgM,11.274,15.08,https://www.youtube.com/watch?v=Ro_nYcdGVgM&t=11,(soft upbeat music),1.0,1.0,0.0,0.0,0.0,0.0,0.0,0.0,soft upbeat music,ADJ + ADJ + NOUN,JJ + JJ + NN,7471,3,19,5.666666666666667,ADJ ADJ NOUN,4.576666666666666
9321,447,Yyeouz4L5NQ,2252.54,2253.813,https://www.youtube.com/watch?v=Yyeouz4L5NQ&t=2252,- [Judge 3] You have,1.0,0.0,0.0,1.0,0.0,0.0,0.0,0.0,Judge 3,VERB + NUM,VB + CD,9321,5,20,3.2,VERB NUM,4.91
8208,448,uFLWL3i0STA,46.943,48.452,https://www.youtube.com/watch?v=uFLWL3i0STA&t=46,(Nibblonians groaning),1.0,0.0,1.0,0.0,0.0,0.0,0.0,0.0,Nibblonians groaning,NOUN + VERB,NNS + VBG,8208,2,22,10.5,NOUN VERB,1.45
2511,449,cfwuadOlyz0,100.01,102.66,https://www.youtube.com/watch?v=cfwuadOlyz0&t=100,"In Korean, we say [speaks in Korean],",1.0,0.0,0.0,1.0,0.0,0.0,0.0,0.0,speaks in Korean,VERB + ADP + ADJ,VBZ + IN + JJ,2511,7,37,4.428571428571429,VERB ADP ADJ,5.768571428571429
418,450,2-lpCwVWYh0,0.0,1.23,https://www.youtube.com/watch?v=2-lpCwVWYh0&t=0,- [Skip The Tutorial] Remember,1.0,0.0,0.0,0.0,1.0,0.0,0.0,0.0,Skip The Tutorial,VERB + DET + NOUN,VB + DT + NN,418,5,30,5.2,VERB DET NOUN,4.224
1606,451,7wTxJqTgRHA,829.027,830.863,https://www.youtube.com/watch?v=7wTxJqTgRHA&t=829,[Captain Man],1.0,0.0,0.0,1.0,0.0,0.0,0.0,0.0,Captain Man,PROPN + NOUN,NNP + NN,1606,2,13,6.0,PROPN NOUN,5.355
1670,452,8934qhVjaoA,1660.766,1663.4,https://www.youtube.com/watch?v=8934qhVjaoA&t=1660,[Everyone's pumped],1.0,0.0,0.0,0.0,1.0,0.0,0.0,0.0,Everyone's pumped,PRON + AUX + VERB,NN + VBZ + VBN,1670,2,19,9.0,PRON AUX VERB,4.029999999999999
6430,453,Oie4gg-oQ6g,708.467,709.38,https://www.youtube.com/watch?v=Oie4gg-oQ6g&t=708,(elevator music continues),1.0,1.0,0.0,0.0,0.0,0.0,0.0,0.0,elevator music continues,NOUN + NOUN + VERB,NN + NN + VBZ,6430,3,26,8.0,NOUN NOUN VERB,4.753333333333333
1678,454,8934qhVjaoA,2027.8,2029.233,https://www.youtube.com/watch?v=8934qhVjaoA&t=2027,"[Dribble, dribble]",1.0,0.0,0.0,0.0,1.0,0.0,0.0,0.0,"Dribble, dribble",ADJ + ADJ,JJ + JJ,1678,2,18,8.5,ADJ ADJ,3.06
797,455,3XkjoLgZr60,9.611,11.192,https://www.youtube.com/watch?v=3XkjoLgZr60&t=9,[Gaze Attack / Wink],1.0,0.0,0.0,0.0,1.0,0.0,0.0,0.0,Gaze Attack / Wink,NOUN + NOUN + NOUN,NN + NN + NN,797,4,20,4.25,NOUN NOUN NOUN,3.0725
3187,456,FKLIIueTSJI,173.45,187.07,https://www.youtube.com/watch?v=FKLIIueTSJI&t=173,[BOTH MAKING VARIOUS SOUNDS],1.0,0.0,1.0,0.0,0.0,0.0,0.0,0.0,BOTH MAKING VARIOUS SOUNDS,PRON + VERB + ADJ + NOUN,DT + VBG + JJ + NNS,3187,4,28,6.25,PRON VERB ADJ NOUN,5.355
7082,457,qJ8foA7ekdY,980.94,980.944,https://www.youtube.com/watch?v=qJ8foA7ekdY&t=980,[0:16:21] End of audio,1.0,0.0,1.0,0.0,1.0,0.0,0.0,0.0,0:16:21,NUM,CD,7082,4,22,4.75,NUM,5.567499999999999
7708,458,sF_0om--2Tw,116.817,117.818,https://www.youtube.com/watch?v=sF_0om--2Tw&t=116,[singing poorly],1.0,1.0,0.0,0.0,0.0,0.0,0.0,0.0,singing poorly,VERB + ADV,VBG + RB,7708,2,16,7.5,VERB ADV,4.345
6215,459,O0SOK-_5owA,1806.3,1807.3,https://www.youtube.com/watch?v=O0SOK-_5owA&t=1806,[As they approach the stage],1.0,0.0,0.0,0.0,1.0,0.0,0.0,0.0,As they approach the stage,SCONJ + PRON + VERB + DET + NOUN,IN + PRP + VBP + DT + NN,6215,5,28,4.8,SCONJ PRON VERB DET NOUN,6.206
1440,460,7RjfBekS2iQ,48.433,49.784,https://www.youtube.com/watch?v=7RjfBekS2iQ&t=48,(paws scratching the floor),1.0,0.0,1.0,0.0,0.0,0.0,0.0,0.0,paws scratching the floor,NOUN + VERB + DET + NOUN,NNS + VBG + DT + NN,1440,4,27,6.0,NOUN VERB DET NOUN,4.915
4475,461,jc_-Y9rDN2g,591.872,593.313,https://www.youtube.com/watch?v=jc_-Y9rDN2g&t=591,[External funding for science],1.0,0.0,0.0,0.0,1.0,0.0,0.0,0.0,External funding for science,ADJ + NOUN + ADP + NOUN,JJ + NN + IN + NN,4475,4,30,6.75,ADJ NOUN ADP NOUN,5.319999999999999
7907,462,sTfUSq8-9Jw,0.939,5.272,https://www.youtube.com/watch?v=sTfUSq8-9Jw&t=0,(smooth uptempo melodic jazz music),1.0,1.0,0.0,0.0,0.0,0.0,0.0,0.0,smooth uptempo melodic jazz music,ADJ + ADJ + ADJ + NOUN + NOUN,JJ + JJ + JJ + NN + NN,7907,5,35,6.2,ADJ ADJ ADJ NOUN NOUN,3.946
3594,463,gPttEzhI_K4,222.55,224.05,https://www.youtube.com/watch?v=gPttEzhI_K4&t=222,(ourbetterworld.org),1.0,0.0,0.0,0.0,1.0,0.0,0.0,0.0,ourbetterworld.org,X,ADD,3594,1,20,20.0,X,0.0
7617,464,RvHA0xfJ0Mg,1707.521,1708.914,https://www.youtube.com/watch?v=RvHA0xfJ0Mg&t=1707,"<c.colorFFC0CB>[LIZZIE] No, I'm definitely not.</c>",1.0,0.0,0.0,1.0,0.0,0.0,0.0,0.0,LIZZIE,NOUN,NN,7617,5,51,9.4,NOUN,4.554
7998,465,TGqqefqXzeo,37.0,40.5,https://www.youtube.com/watch?v=TGqqefqXzeo&t=37,And reach your hands out to the blue sky (Hey!),1.0,1.0,0.0,1.0,0.0,0.0,0.0,0.0,Hey!,INTJ,UH,7998,10,47,3.8,INTJ,6.055
8896,466,XtQn80E9NIg,37.737,39.139,https://www.youtube.com/watch?v=XtQn80E9NIg&t=37,(Ryan imitates stuttering),1.0,0.0,1.0,0.0,0.0,0.0,0.0,0.0,Ryan imitates stuttering,PROPN + VERB + VERB,NNP + VBZ + VBG,8896,3,26,8.0,PROPN VERB VERB,3.473333333333333
9413,467,Z-x6u88ICW0,293.434,295.2,https://www.youtube.com/watch?v=Z-x6u88ICW0&t=293,[ Smattering of laughter ],1.0,0.0,1.0,0.0,0.0,0.0,0.0,0.0,Smattering of laughter,VERB + ADP + NOUN,VBG + IN + NN,9413,5,26,4.4,VERB ADP NOUN,2.824
302,468,1AR-vtcDY-8,242.001,243.12,https://www.youtube.com/watch?v=1AR-vtcDY-8&t=242,(Kelly and crowd laughs),1.0,0.0,1.0,0.0,0.0,0.0,0.0,0.0,Kelly and crowd laughs,PROPN + CCONJ + NOUN + NOUN,NNP + CC + NN + NNS,302,4,24,5.25,PROPN CCONJ NOUN NOUN,5.157500000000001
2780,469,drv3BP0Fdi8,677.928,680.789,https://www.youtube.com/watch?v=drv3BP0Fdi8&t=677,(indistinct answers from audience),1.0,0.0,1.0,0.0,0.0,0.0,0.0,0.0,indistinct answers from audience,ADJ + NOUN + ADP + NOUN,JJ + NNS + IN + NN,2780,4,34,7.75,ADJ NOUN ADP NOUN,4.745
1369,470,7o7Zxkr9jE0,263.696,264.697,https://www.youtube.com/watch?v=7o7Zxkr9jE0&t=263,-[Whistling musically],1.0,1.0,1.0,0.0,0.0,0.0,0.0,0.0,Whistling musically,VERB + ADV,VBG + RB,1369,2,22,10.5,VERB ADV,3.24
722,471,3ul8D2QxfaM,1301.799,1304.202,https://www.youtube.com/watch?v=3ul8D2QxfaM&t=1301,"[normally] ""Earthlings""?",1.0,0.0,0.0,1.0,0.0,1.0,0.0,0.0,normally,ADV,RB,722,2,24,11.5,ADV,3.55
2527,472,CMc8l4aTZRQ,13.066,15.366,https://www.youtube.com/watch?v=CMc8l4aTZRQ&t=13,(Plain of Jars),1.0,0.0,0.0,0.0,1.0,0.0,0.0,0.0,Plain of Jars,ADV + ADP + NOUN,RB + IN + NNS,2527,3,15,4.333333333333333,ADV ADP NOUN,5.093333333333334
3199,473,fM8MmBCN-gA,203.203,205.772,https://www.youtube.com/watch?v=fM8MmBCN-gA&t=203,The plunge from the Pool is 108 m (354 ft).,1.0,0.0,0.0,0.0,1.0,0.0,0.0,0.0,354 ft,NUM + NOUN,CD + NN,3199,10,43,3.4,NUM NOUN,5.432
6248,474,O0SOK-_5owA,2346.666,2353.466,https://www.youtube.com/watch?v=O0SOK-_5owA&t=2346,"""This paper (?) is your score",1.0,0.0,0.0,0.0,1.0,1.0,0.0,0.0,?,,,6248,6,29,4.0,,5.053333333333334
8083,475,Twb47ynU4lw,244.244,245.328,https://www.youtube.com/watch?v=Twb47ynU4lw&t=244,(whispering):,1.0,0.0,0.0,1.0,0.0,0.0,0.0,0.0,whispering,NOUN,NN,8083,1,13,13.0,NOUN,3.41
8401,476,VLMo0rthnoo,184.726,186.645,https://www.youtube.com/watch?v=VLMo0rthnoo&t=184,[DOOR BANGING TO THE BEAT],1.0,1.0,1.0,0.0,0.0,0.0,0.0,0.0,DOOR BANGING TO THE BEAT,NOUN + VERB + ADP + DET + NOUN,NN + VBG + IN + DT + NN,8401,5,26,4.4,NOUN VERB ADP DET NOUN,5.786
2824,477,ecP4VOe_Kzs,928.68,929.93,https://www.youtube.com/watch?v=ecP4VOe_Kzs&t=928,HASSAN SAFADI: [SPEAKING ARABIC],1.0,0.0,0.0,1.0,0.0,0.0,0.0,0.0,SPEAKING ARABIC,VERB + ADJ,VBG + JJ,2824,4,32,7.25,VERB ADJ,3.4800000000000004
6566,478,ojJupoAyT58,6.477,10.394,https://www.youtube.com/watch?v=ojJupoAyT58&t=6,(military fife and drum music),1.0,1.0,1.0,0.0,0.0,0.0,0.0,0.0,military fife and drum music,ADJ + NOUN + CCONJ + NOUN + NOUN,JJ + NN + CC + NN + NN,6566,5,30,5.2,ADJ NOUN CCONJ NOUN NOUN,5.1240000000000006
9365,479,yzbBAkbgfW4,693.238,697.321,https://www.youtube.com/watch?v=yzbBAkbgfW4&t=693,(smooth R&amp;B style instrumental ),1.0,1.0,0.0,0.0,0.0,0.0,0.0,0.0,smooth R&amp;B style instrumental,ADJ + PROPN + NOUN + NOUN,JJ + NNP + NN + NN,9365,5,36,6.4,ADJ PROPN NOUN NOUN,3.4560000000000004
798,480,3XkjoLgZr60,11.193,11.704,https://www.youtube.com/watch?v=3XkjoLgZr60&t=11,[(So cool)],1.0,0.0,0.0,0.0,1.0,0.0,0.0,0.0,(So cool),ADV + ADJ,RB + JJ,798,2,11,5.0,ADV ADJ,5.835
8431,481,VS3cAOEVTss,503.934,505.501,https://www.youtube.com/watch?v=VS3cAOEVTss&t=503,[ As Graham ],1.0,0.0,0.0,1.0,0.0,0.0,0.0,0.0,As Graham,ADP + PROPN,IN + NNP,8431,4,13,2.5,ADP PROPN,2.7675
6790,482,P7k2MkVYLDE,165.8,169.28,https://www.youtube.com/watch?v=P7k2MkVYLDE&t=165,(oboe playing meloncholy),1.0,1.0,0.0,0.0,0.0,0.0,0.0,0.0,oboe playing meloncholy,ADJ + NOUN + ADJ,JJ + NN + JJ,6790,3,25,7.666666666666667,ADJ NOUN ADJ,2.686666666666667
8142,483,U8STgCviLe0,190.02,194.73,https://www.youtube.com/watch?v=U8STgCviLe0&t=190,[0:03:09] [Indiscernible] puts the tried and,1.0,0.0,1.0,0.0,0.0,0.0,0.0,0.0,0:03:09 Indiscernible,NUM + NOUN,CD + NN,8142,6,44,6.5,NUM NOUN,5.045000000000001
7196,484,qvamzKvNG0w,189.479,191.22,https://www.youtube.com/watch?v=qvamzKvNG0w&t=189,(Jamie laughing),1.0,0.0,1.0,1.0,0.0,0.0,0.0,0.0,Jamie laughing,PROPN + VERB,NNP + VBG,7196,2,16,7.5,PROPN VERB,4.390000000000001
122,485,-sxrE2KPeFQ,396.161,398.297,https://www.youtube.com/watch?v=-sxrE2KPeFQ&t=396,-(man speaks indistinctly),1.0,0.0,0.0,1.0,0.0,0.0,0.0,0.0,man speaks indistinctly,NOUN + VERB + ADV,NN + VBZ + RB,122,3,26,8.0,NOUN VERB ADV,4.17
6191,486,O0SOK-_5owA,1377.466,1380.133,https://www.youtube.com/watch?v=O0SOK-_5owA&t=1377,[The next day],1.0,0.0,0.0,0.0,1.0,0.0,0.0,0.0,The next day,DET + ADJ + NOUN,DT + JJ + NN,6191,3,14,4.0,DET ADJ NOUN,6.46
3940,487,ile6FWIScck,196.34,200.289,https://www.youtube.com/watch?v=ile6FWIScck&t=196,It's not like human approved I guess so I can't like suggest that you drink it (ss:its safe),1.0,0.0,0.0,0.0,1.0,0.0,0.0,0.0,ss:its safe,PROPN + PRON + ADJ,NNP + PRP$ + JJ,3940,18,92,4.166666666666667,PROPN PRON ADJ,5.731111111111111
6153,488,O0SOK-_5owA,922.7,924.8,https://www.youtube.com/watch?v=O0SOK-_5owA&t=922,[He's so cute ♥],1.0,0.0,0.0,0.0,1.0,0.0,0.0,0.0,He's so cute ♥,PRON + AUX + ADV + ADJ + PROPN,PRP + VBZ + RB + JJ + NNP,6153,4,16,3.25,PRON AUX ADV ADJ PROPN,4.9925
4946,489,L50sMy1EFKU,567.62,569.08,https://www.youtube.com/watch?v=L50sMy1EFKU&t=567,"[upset mew, Hannah laughing]",1.0,0.0,1.0,0.0,0.0,0.0,0.0,0.0,"upset mew, Hannah laughing",VERB + PROPN + PROPN + VERB,VBD + NNP + NNP + VBG,4946,4,28,6.25,VERB PROPN PROPN VERB,4.0675
3581,490,gpIRIOCPtKE,31.606,32.778,https://www.youtube.com/watch?v=gpIRIOCPtKE&t=31,Come let's start making Prasadacha sheera (Religious offering).,1.0,0.0,0.0,0.0,1.0,0.0,0.0,0.0,Religious offering,ADJ + NOUN,JJ + NN,3581,8,63,7.0,ADJ NOUN,4.0875
7080,491,qJ8foA7ekdY,745.94,749.69,https://www.youtube.com/watch?v=qJ8foA7ekdY&t=745,"Of course not, because you may be [rying]",1.0,0.0,0.0,0.0,1.0,0.0,0.0,0.0,rying,VERB,VBG,7080,8,41,4.25,VERB,5.8325000000000005
3320,492,G3AWIWJPwxE,325.525,327.526,https://www.youtube.com/watch?v=G3AWIWJPwxE&t=325,"[ As Trump ] ""So, it sounds like",1.0,0.0,0.0,1.0,0.0,1.0,0.0,0.0,As Trump,ADV + NOUN,RB + NN,3320,8,32,3.125,ADV NOUN,4.56875
1664,493,8934qhVjaoA,1428.9,1431.0,https://www.youtube.com/watch?v=8934qhVjaoA&t=1428,[10 days later],1.0,0.0,0.0,0.0,1.0,0.0,0.0,0.0,10 days later,NUM + NOUN + ADV,CD + NNS + RB,1664,3,15,4.333333333333333,NUM NOUN ADV,5.473333333333334
5209,494,M_zhvfBbvaA,3.2,5.54,https://www.youtube.com/watch?v=M_zhvfBbvaA&t=3,"[glass shatters, little pops]",1.0,0.0,1.0,0.0,0.0,0.0,0.0,0.0,"glass shatters, little pops",NOUN + NOUN + ADJ + NOUN,NN + NNS + JJ + NNS,5209,4,29,6.5,NOUN NOUN ADJ NOUN,4.335
6940,495,pQTAGGfZ_Y0,297.83,300.365,https://www.youtube.com/watch?v=pQTAGGfZ_Y0&t=297,"[objects snapping, people cry]",1.0,0.0,1.0,0.0,0.0,0.0,0.0,0.0,"objects snapping, people cry",NOUN + VERB + NOUN + VERB,NNS + VBG + NNS + VBP,6940,4,30,6.75,NOUN VERB NOUN VERB,4.705
533,496,36RspkIcPyk,182.881,186.786,https://www.youtube.com/watch?v=36RspkIcPyk&t=182,[Yasmine and Miles],1.0,0.0,0.0,1.0,0.0,0.0,0.0,0.0,Yasmine and Miles,NOUN + CCONJ + NOUN,NN + CC + NNS,533,3,19,5.666666666666667,NOUN CCONJ NOUN,4.9366666666666665
6165,497,O0SOK-_5owA,1066.033,1067.768,https://www.youtube.com/watch?v=O0SOK-_5owA&t=1066,[I found my strongest suit...],1.0,0.0,0.0,0.0,1.0,0.0,0.0,0.0,I found my strongest suit...,PRON + VERB + PRON + ADJ + NOUN,PRP + VBD + PRP$ + JJS + NN,6165,5,30,5.2,PRON VERB PRON ADJ NOUN,5.632
866,498,45u1NvX4IIw,514.48,516.282,https://www.youtube.com/watch?v=45u1NvX4IIw&t=514,"(mimics telegraph beeping)""",1.0,0.0,1.0,0.0,0.0,0.0,0.0,0.0,mimics telegraph beeping,NOUN + AUX + VERB,NNS + VBP + VBG,866,3,27,8.333333333333334,NOUN AUX VERB,3.266666666666666
750,499,3wkM4l6vGjU,31.457,35.441,https://www.youtube.com/watch?v=3wkM4l6vGjU&t=31,[notes swoosh repeatedly],1.0,0.0,1.0,0.0,0.0,0.0,0.0,0.0,notes swoosh repeatedly,PROPN + VERB + ADV,NNP + VBP + RB,750,3,25,7.666666666666667,PROPN VERB ADV,3.84
1893,500,a-kPIwQsDN4,302.601,305.767,https://www.youtube.com/watch?v=a-kPIwQsDN4&t=302,[ Singing in native language ],1.0,1.0,0.0,1.0,0.0,0.0,0.0,0.0,Singing in native language,VERB + ADP + ADJ + NOUN,VBG + IN + JJ + NN,1893,6,30,4.166666666666667,VERB ADP ADJ NOUN,3.608333333333333
