coarse_template,NOUN,VERB,PROPN,ADJ + NOUN,NOUN + VERB,NOUN + NOUN,PROPN + NOUN,PROPN + PROPN,ADJ,NOUN + CCONJ + NOUN,VERB + NOUN,PRON + VERB,PROPN + VERB,ADJ + ADJ + NOUN,ADJ + NOUN + NOUN,ADJ + NOUN + VERB,NOUN + NOUN + VERB,VERB + ADP + ADJ + NOUN,NOUN + NOUN + NOUN,VERB + VERB,PRON,VERB + ADJ + NOUN,ADV,VERB + ADV,PROPN + NOUN + NOUN,VERB + CCONJ + NOUN,NUM,NOUN + VERB + ADP + ADJ + NOUN,NUM + NOUN,PROPN + PROPN + NOUN,VERB + NOUN + VERB,NOUN + NUM,ADP + NOUN,VERB + NOUN + NOUN,NOUN + VERB + NOUN,NOUN + VERB + ADV,VERB + ADP + NOUN,VERB + ADJ,NOUN + NOUN + NOUN + VERB,DET + NOUN,PROPN + ADJ + NOUN,VERB + CCONJ + VERB,INTJ,ADP,NOUN + NOUN + ADV,NOUN + NOUN + CCONJ + NOUN,ADP + DET + ADJ,NOUN + ADV,PROPN + VERB + ADP + ADJ + NOUN,NUM + NUM,ADJ + ADJ + NOUN + NOUN,PROPN + CCONJ + PROPN + NOUN,ADP + NUM + NOUN,NOUN + NOUN + ADP + NOUN,NOUN + VERB + ADP + NOUN,VERB + ADP,PROPN + NOUN + VERB,PROPN + CCONJ + PROPN,ADJ + VERB,ADP + DET + NOUN,X + X + X,NOUN + VERB + CCONJ + VERB,VERB + NOUN + ADP + NOUN,DET + ADJ + NOUN,ADV + VERB,NOUN + CCONJ + VERB,NOUN + ADV + VERB,ADJ + NOUN + NOUN + NOUN,NOUN + ADP + NOUN,ADV + ADV,ADP + ADJ + NOUN,PROPN + PROPN + PROPN,PROPN + PROPN + VERB,PROPN + CCONJ + NOUN + NOUN,ADJ + NOUN + NOUN + VERB,PROPN + VERB + ADV,X + NOUN,NOUN + VERB + ADJ,ADJ + PROPN + NOUN,VERB + ADP + PROPN,NOUN + ADJ + NOUN,VERB + DET + NOUN,VERB + NUM,VERB + PRON + ADP,PROPN + VERB + NOUN,ADV + ADJ,NOUN + VERB + NOUN + VERB,NOUN + VERB + VERB,ADJ + ADJ + VERB,PRON + AUX + DET + NOUN,NOUN + ADP + ADJ + NOUN,ADJ + NOUN + ADP + NOUN,ADJ + VERB + NOUN,NOUN + ADJ + NOUN + NOUN,PROPN + VERB + ADJ + NOUN,ADP + ADJ,ADP + PROPN + PROPN,PROPN + VERB + VERB,ADP + NOUN + NOUN + VERB,PROPN + PART + ADJ + NOUN,ADJ + ADP + NOUN + NOUN + NOUN,PRON + VERB + VERB,ADJ + ADJ + ADJ + NOUN + NOUN,NOUN + PROPN + ADJ,NOUN + CCONJ + NOUN + NOUN,NOUN + CCONJ + ADJ + NOUN,NOUN + PROPN + NOUN,VERB + PROPN,VERB + NOUN + ADV,VERB + VERB + ADV,NOUN + AUX + VERB,ADJ + ADJ + NOUN + VERB,VERB + CCONJ + PROPN + VERB,ADP + DET + ADJ + NOUN,NOUN + ADP,ADJ + ADJ,DET + ADV + ADJ + NOUN,PROPN + VERB + DET + NOUN,NOUN + AUX + ADV + VERB,DET + NOUN + VERB,ADP + PROPN,VERB + ADP + ADJ,ADV + ADJ + NOUN,ADJ + ADJ + ADJ + NOUN,ADP + VERB + ADJ + NOUN,PRON + VERB + ADV,PRON + VERB + ADJ + NOUN,ADV + NOUN,NOUN + VERB + ADP + DET + NOUN,NOUN + VERB + ADP,VERB + ADP + PROPN + PROPN + NOUN,X,VERB + NOUN + CCONJ + VERB,DET + NOUN + VERB + INTJ,NOUN + NOUN + VERB + ADV,INTJ + NOUN + VERB,X + ADJ + ADJ + NOUN + NOUN + AUX,NOUN + CCONJ + NOUN + VERB,VERB + ADP + PROPN + NOUN,NOUN + ADP + PRON,PROPN + NOUN + ADV,ADJ + NOUN + CCONJ + NOUN + NOUN,ADJ + NOUN + ADJ,PROPN + NOUN + NOUN + VERB,VERB + AUX,PROPN + CCONJ + PROPN + VERB,PROPN + ADV + VERB,PROPN + PROPN + NOUN + VERB,NOUN + ADJ,PRON + PRON + VERB,PROPN + NOUN + NOUN + NOUN + VERB,PROPN + CCONJ + ADJ + VERB,PROPN + CCONJ + ADJ + NOUN,ADJ + CCONJ + PROPN + PROPN,PROPN + NUM,PRON + AUX + DET + NOUN + ADP + VERB + ADP + DET + NOUN,VERB + PROPN + NUM,NOUN + NUM + NOUN,VERB + VERB + ADP + NOUN,ADV + NOUN + VERB,NOUN + ADP + DET + ADJ,VERB + ADP + NUM + NOUN,NOUN + VERB + PART + VERB,ADJ + NOUN + NUM + ADJ,DET + NOUN + NOUN + AUX + ADP + DET + NOUN,VERB + PRON + ADP + DET + NOUN,PROPN + PROPN + AUX + VERB + DET + NOUN + NOUN,VERB + ADP + PRON + PART + VERB,PRON + VERB + ADP + DET + NOUN + VERB,INTJ + VERB + PRON + VERB,VERB + ADV + ADP + DET + NOUN,PRON + AUX + PRON + NOUN,SCONJ + PRON + VERB + ADP + NOUN + NOUN + PART + NOUN,VERB + NOUN + CCONJ + ADP + DET + NOUN,NOUN + ADJ + CCONJ + NOUN,PROPN + NOUN + ADJ,ADP + PROPN + NOUN,NOUN + VERB + DET + NOUN,NOUN + NOUN + AUX + VERB,DET + ADJ + NUM,NOUN + ADP + ADV,NOUN + ADP + ADJ + NUM + PART + NOUN,NOUN + PRON,ADV + NUM + PART + ADJ + NOUN,DET + NOUN + AUX + VERB,AUX + PRON + VERB,PRON + AUX + DET + NOUN + ADP + NOUN + PROPN,ADV + ADP + NOUN + ADP + PROPN + PART + NOUN,CCONJ + ADJ + CCONJ + NOUN,NUM + NOUN + ADV,NOUN + ADJ + ADP + NOUN,ADP + PRON + ADP + PRON,PRON + AUX + VERB,PRON + PRON + AUX + VERB + AUX + NOUN,NOUN + VERB + ADP + PRON + NOUN,DET + NOUN + PRON + AUX + PART + VERB + SCONJ + PART + VERB,PROPN + NOUN + VERB + DET + ADJ + NOUN,PROPN + VERB + ADP + ADP + DET + ADJ + NOUN,NOUN + PROPN + PART + NOUN + NOUN + AUX + ADV,DET + ADJ + NOUN + ADP + NOUN + VERB + ADV + ADV,SCONJ + PRON + VERB + PRON + NOUN,PROPN + ADV + VERB + ADJ,VERB + INTJ,VERB + PRON + ADP + ADP + PROPN,PART + PRON,NOUN + INTJ,PROPN + NOUN + NOUN + NOUN,VERB + DET + ADJ + NOUN,ADV + ADP + NOUN,ADV + NUM + NOUN + ADJ + CCONJ + ADV + NUM + NOUN + AUX + AUX + VERB,VERB + NOUN + ADP + NOUN + NOUN,PROPN + PROPN + PROPN + NOUN + NOUN,CCONJ + DET + ADV + VERB + NOUN + ADP + NOUN,PROPN + PROPN + PROPN + PROPN,PROPN + ADJ,PRON + AUX + ADJ,ADJ + VERB + VERB,ADV + ADJ + NOUN + NOUN,PROPN + NOUN + ADP + NOUN,PRON + VERB + VERB + ADV + NOUN,DET + NOUN + NOUN + ADV,VERB + ADV + ADV,NUM + NUM + NOUN,ADJ + NOUN + PART + NOUN,ADJ + NOUN + PART + NOUN + VERB,X + X + PROPN + PROPN,X + PROPN,VERB + PRON + DET + NOUN,VERB + CCONJ + VERB + NOUN,DET + NOUN + VERB + DET + VERB + NUM + NUM + PART + NUM + NUM + ADJ + NOUN + VERB + ADP + NUM + NOUN + ADJ + NOUN,NOUN + ADP + NOUN + ADJ + NOUN + CCONJ + NOUN + AUX + DET + NOUN + ADP + PRON + VERB + ADP + ADJ + NOUN,DET + PRON + ADJ + NOUN + NOUN,PROPN + VERB + NOUN + ADP + PROPN + ADP + NUM + SCONJ + DET + NOUN + NOUN + ADP + DET + ADJ + NOUN + VERB + PRON + NOUN + ADP + PRON + NOUN,PART,PART + VERB + DET + NOUN,X + ADP + PROPN,VERB + NOUN + VERB + NOUN,PRON + ADJ + NOUN,ADJ + SCONJ + ADJ + SCONJ,PRON + VERB + PART + VERB + DET + NOUN + ADP + VERB + ADV,CCONJ + VERB,PRON + AUX + VERB + ADP + PROPN + PROPN,NOUN + ADP + NOUN + VERB + NOUN,PROPN + PRON + VERB + DET + NOUN + NOUN,PROPN + PRON + VERB + PRON + VERB + ADJ,PROPN + PRON + ADJ,PROPN + ADV + ADJ,NOUN + VERB + SCONJ + VERB,NOUN + NOUN + VERB + PRON + NOUN,PRON + VERB + PART + AUX + PRON,NOUN + ADP + DET + NOUN,PRON + AUX + PROPN,NOUN + ADP + DET + ADJ + NOUN,NOUN + NOUN + VERB + VERB,DET + NOUN + ADP + NOUN + CCONJ + PRON + NOUN,DET + ADJ + NOUN + ADP,PART + ADV + ADJ + PROPN + PROPN + CCONJ + PRON + NOUN,ADV + ADJ + ADV + ADV + ADJ + NOUN + NOUN + CCONJ + VERB,ADJ + NOUN + VERB + ADP + DET + NOUN + NOUN,PROPN + NOUN + VERB + ADP + DET + ADJ + NOUN,PROPN + VERB + DET + ADJ + NOUN + ADP + DET + ADJ,VERB + VERB + DET + NOUN + ADP + NOUN,VERB + VERB + NOUN + PART + VERB + VERB,VERB + ADP + DET + ADJ + NOUN + ADP + PRON + ADJ + NOUN,ADJ + NOUN + CCONJ + ADP + DET + NOUN + DET + NOUN,NOUN + PART + NOUN + NOUN,ADJ + PROPN,ADJ + NOUN + ADV,NOUN + VERB + INTJ,ADJ + ADP,DET + NOUN + NOUN,X + NOUN + ADJ,VERB + PROPN + PROPN + VERB,CCONJ + NUM + NOUN,NUM + NOUN + NOUN,VERB + ADP + ADP + NOUN,NOUN + NOUN + NOUN + NOUN,NOUN + PROPN + VERB,VERB + VERB + NOUN + VERB + VERB + VERB,NOUN + NOUN + ADJ + NOUN,VERB + ADJ + NOUN + NOUN,NOUN + PROPN + NOUN + CCONJ + NOUN,NOUN + PROPN + NOUN + CCONJ + VERB + PRON + ADV,NOUN + PROPN + AUX + PART + VERB + DET + ADJ + NOUN,ADJ + CCONJ + ADV + NOUN + NOUN,ADJ + NOUN + NOUN + VERB + ADJ + NOUN,PROPN + NOUN + NOUN + CCONJ + NOUN,VERB + VERB + NOUN + PROPN + NOUN + VERB,PRON + AUX,NOUN + NOUN + NOUN + ADP + NOUN,ADJ + NUM,PROPN + PROPN + ADJ + NOUN,ADJ + NOUN + ADJ + NOUN,ADV + NOUN + NOUN,NUM + NOUN + NOUN + NOUN + NOUN,NOUN + ADP + DET + NOUN + NOUN + NOUN,PROPN + VERB + PROPN + PROPN,ADJ + ADJ + NOUN + ADP + PROPN,PROPN + PROPN + ADJ,PART + VERB,VERB + NOUN + NOUN + ADP + NOUN,NUM + VERB + NUM + VERB + NUM + NUM,NUM + VERB + NUM + NOUN,SCONJ + ADJ + ADJ + NOUN + ADV + VERB,SCONJ + ADJ + PROPN,PROPN + ADP + NOUN,PRON + AUX + DET + NOUN + NOUN + VERB + ADP,PROPN + PRON + AUX + ADV + ADV,DET + NUM + NOUN + NOUN + VERB + ADJ,NOUN + ADP + NOUN + NUM,NOUN + ADP + NOUN + CCONJ + NOUN,PROPN + PART + NOUN,CCONJ + AUX + PART + VERB + PRON + NOUN,DET + ADJ + NOUN + VERB + ADP,VERB + ADP + DET + ADJ + NOUN,AUX + PRON + VERB + PRON + DET + NOUN,AUX + DET + ADJ + NOUN + ADJ + ADV,PRON + VERB + NUM + NOUN + ADV,PRON + AUX + PART + VERB + DET + NOUN + ADP + PRON + NOUN,NOUN + PRON + NUM,VERB + PRON + VERB,PRON + PRON + ADV + VERB + ADP,ADV + PRON + VERB,SCONJ + SCONJ,PRON + AUX + PART + VERB,ADJ + PART + VERB + PRON,PRON + AUX + ADV + ADJ + PROPN,ADV + ADV + DET + NOUN + VERB,DET + ADJ + NOUN + VERB + ADV,INTJ + PRON + AUX + ADJ,NOUN + AUX + PART + VERB + ADP + PRON,PROPN + PART + ADJ + NOUN + PROPN,AUX + PRON + ADP + DET + ADJ,DET + NOUN + VERB + ADP + PRON + NOUN,VERB + ADP + PRON + NOUN,PRON + AUX + VERB + ADP + PRON + NOUN + ADV,ADJ + ADP + NOUN,PRON + VERB + PRON + ADJ + NOUN,ADV + NUM + NOUN + ADV,ADV + VERB + ADP + PRON + NOUN,ADV + ADV + AUX + DET + ADJ + NOUN,DET + NOUN + ADP + PRON + NOUN + ADV + VERB,DET + ADJ + NOUN + PART + ADJ + NOUN,PROPN + DET + ADJ + NOUN,SCONJ + AUX + DET + ADJ + NOUN + VERB,ADJ + ADP + DET + NOUN,ADV + ADP + AUX + ADJ,PROPN + PRON + NUM,SCONJ + DET + NOUN + PRON + VERB + ADV + VERB + ADV,DET + NOUN + ADP + PRON + VERB + PART + VERB + ADJ,PRON + AUX + DET + ADJ + NOUN + PROPN + PART + NOUN,SCONJ + PRON + AUX + ADP + PRON,NOUN + AUX + ADV + NOUN + ADP + ADV,PRON + AUX + AUX + VERB + ADV,NOUN + AUX + AUX + VERB + ADV,DET + NOUN + VERB + ADP + NUM,DET + NOUN + AUX + ADV + VERB,VERB + NUM + NOUN + ADP + ADJ + NOUN,PRON + VERB + ADV + ADV + ADP + NOUN + NOUN,VERB + PRON + NOUN,ADV + VERB + PROPN + NOUN + NOUN,SCONJ + NOUN + PROPN + PART + NOUN + NOUN,DET + NOUN + ADP + ADJ + NUM + PART + NOUN,PRON + NOUN,SCONJ + PRON + VERB + DET + NOUN,PRON + PART + ADJ,PRON + AUX + PRON + VERB + ADV,VERB + PRON + PART + VERB,DET + NOUN + AUX + ADJ,DET + NOUN + ADV + VERB,INTJ + NOUN,NUM + NOUN + NOUN + NOUN + CCONJ + NUM + NOUN,DET + NOUN + ADV + VERB + ADP,PROPN + VERB + DET + NOUN + NOUN,NOUN + NOUN + DET + ADJ + NOUN,DET + NOUN + AUX + VERB + ADP + NOUN,PROPN + AUX + DET + NOUN + ADJ + PART + VERB + PRON + NOUN,PRON + AUX + VERB + ADP,PRON + AUX + DET + NOUN + ADP,AUX + PRON + NOUN + VERB + ADV,PRON + AUX + PRON,PRON + ADP + DET + NOUN + AUX + PRON + ADP,PRON + VERB + PART + VERB + PRON + ADP,PRON + NOUN + AUX + AUX + VERB,AUX + PRON + AUX + ADJ + PART + VERB + ADP + PRON + PROPN,DET + NUM + NOUN + AUX + VERB,PRON + AUX + DET + NUM + NOUN + VERB + PART + VERB,PROPN + PART + VERB + ADP + NOUN + NOUN + VERB,VERB + PART + VERB + ADJ,CCONJ + ADJ + AUX,ADJ + ADP + NOUN + NOUN + ADP + NOUN,PRON + NOUN + VERB + PART + VERB + ADP + NOUN,ADP + DET + ADJ + NUM + NOUN,ADV + NUM + ADJ + ADP + NOUN + NOUN,ADV + ADJ + ADP + VERB + DET + NOUN,PRON + VERB + PRON,PRON + AUX + NOUN + VERB + PART + VERB,SCONJ + PRON + VERB + PRON + VERB,CCONJ + PROPN + VERB + PART + VERB + PRON + ADP,VERB + ADP + DET + NOUN,PRON + AUX + NOUN + PART + VERB + NOUN + ADP + DET + NOUN,PROPN + VERB + NUM + NOUN,NOUN + AUX + VERB + ADP + NUM + ADP + NUM,PRON + AUX + DET + NOUN + NOUN,ADJ + CCONJ + NOUN + NOUN,VERB + ADV + ADJ,PROPN + INTJ,PROPN + PRON + AUX + ADV + ADJ,NOUN + ADV + VERB + ADP,VERB + VERB + NOUN + CCONJ + PART + VERB + NOUN,NOUN + PROPN,PROPN + VERB + ADP + PROPN,PROPN + PROPN + NOUN + ADP + DET + NOUN,PUNCT,NOUN + SYM + NOUN,NOUN + ADV + NOUN,NOUN + NOUN + ADP,NOUN + NOUN + CCONJ + VERB,INTJ + INTJ,CCONJ,ADJ + NOUN + ADP + NOUN + NOUN,DET + NOUN + ADP + INTJ + NOUN,DET + NOUN + ADP + DET + NOUN + ADV,DET + NOUN + ADP + DET + NOUN + NOUN,DET + NOUN + ADP + DET + NOUN + PROPN,SCONJ + AUX + PRON + VERB + PRON,NOUN + AUX + VERB + PRON + NOUN,PRON + AUX + ADV + AUX + VERB + PART + VERB + NOUN,PROPN + ADJ + NOUN + VERB,NOUN + VERB + ADJ + NOUN,PROPN + PROPN + PROPN + NOUN,ADJ + VERB + ADV,ADV + VERB + NOUN,PROPN + INTJ + NOUN,NOUN + VERB + PRON + PRON,PROPN + ADJ + VERB,ADP + DET + NOUN + ADJ,VERB + INTJ + ADV,ADV + NOUN + NOUN + VERB,NOUN + VERB + PROPN + NOUN,NOUN + VERB + CCONJ + NOUN,VERB + ADJ + ADJ,INTJ + PART + SCONJ + PRON + VERB,PROPN + PROPN + ADP + PROPN,PROPN + CCONJ + VERB,NOUN + ADP + NOUN + VERB,DET + VERB,ADJ + PROPN + NOUN + NOUN,VERB + NOUN + CCONJ + NOUN,DET + NOUN + VERB + NOUN,ADJ + CCONJ + VERB,VERB + VERB + NOUN + NOUN,ADJ + NOUN + VERB + ADV + VERB,PRON + VERB + DET + NOUN,VERB + DET + ADJ + NOUN + NOUN
NOUN,0,2,2,1,1,1,1,3,2,2,1,3,3,2,2,2,2,3,2,3,2,2,2,3,2,2,2,4,1,2,2,1,1,2,2,2,2,3,3,1,2,4,2,2,2,3,4,1,4,3,3,3,2,3,3,3,2,4,3,2,4,3,3,2,3,2,2,3,2,3,2,4,4,3,3,4,1,2,2,4,2,2,3,4,2,3,3,2,4,3,3,3,2,3,3,3,4,4,3,3,4,4,4,2,3,3,2,3,2,4,2,3,5,3,1,3,3,3,3,2,3,4,2,3,3,4,3,1,4,2,4,2,3,3,3,2,5,3,3,2,2,4,2,3,3,5,4,3,1,4,4,5,3,5,3,8,4,2,3,2,3,3,3,3,6,4,6,6,5,5,4,3,7,5,3,2,2,3,3,4,2,5,1,4,3,4,6,6,3,2,3,5,4,5,4,8,5,6,6,7,4,5,3,6,3,1,3,3,2,10,4,4,6,5,3,4,4,3,3,4,3,4,2,3,4,5,3,3,3,17,15,4,20,2,3,4,3,2,5,8,3,7,4,5,7,4,4,3,4,6,3,4,4,3,6,3,7,8,6,6,7,5,5,8,7,3,3,2,2,3,2,2,5,2,2,3,3,2,5,3,3,4,6,7,4,5,4,5,3,4,3,3,3,2,4,5,5,4,4,3,4,7,3,5,4,2,6,6,5,3,4,2,5,4,4,5,5,4,8,2,4,6,4,3,5,5,6,4,4,5,5,4,6,5,3,6,2,4,3,4,5,6,5,3,5,3,5,4,7,7,7,6,5,6,4,4,4,5,6,2,4,5,6,1,4,4,6,5,3,3,1,6,4,4,4,5,8,5,4,4,4,6,7,4,10,4,7,6,5,4,5,6,4,5,5,4,5,6,8,3,8,3,6,4,3,4,3,6,3,6,1,5,5,2,2,2,2,3,3,2,4,4,5,5,5,6,4,7,3,3,3,4,2,2,3,4,3,4,3,3,3,4,6,5,4,3,3,3,3,3,4,3,4,3,4
VERB,2,0,2,3,1,3,3,3,2,4,1,1,1,4,4,2,2,3,4,1,2,2,2,1,4,2,2,4,3,4,2,3,3,2,2,2,2,1,3,3,4,2,2,2,4,5,4,3,4,3,5,5,4,5,3,1,2,4,1,4,4,3,3,4,1,2,2,5,4,3,4,4,2,5,3,2,3,2,4,2,4,2,1,2,2,3,3,2,2,5,5,5,2,5,3,3,4,2,3,5,6,2,6,4,5,5,4,1,2,2,2,3,3,5,3,3,5,3,3,2,3,2,4,5,3,2,3,3,4,2,4,2,3,3,3,2,7,3,3,4,4,6,4,3,1,3,2,3,3,2,4,3,5,5,3,8,2,4,3,2,5,3,3,5,8,4,6,4,5,3,4,5,7,5,5,4,4,3,3,4,4,7,3,6,3,2,8,8,5,4,5,5,2,5,4,8,5,6,8,7,4,3,1,4,3,3,5,3,4,10,4,6,6,5,3,4,2,5,5,4,5,2,4,5,4,5,3,3,3,17,15,6,20,2,3,4,3,4,5,8,1,5,4,5,5,4,4,3,4,4,5,4,6,3,8,5,9,8,6,6,7,5,5,8,9,5,3,4,2,3,4,4,3,4,4,3,5,2,5,5,3,6,6,7,6,5,6,5,3,6,3,5,5,4,6,7,3,6,4,1,4,5,3,5,4,4,6,6,5,5,6,4,5,4,4,5,7,4,8,4,2,4,2,3,3,3,6,4,4,5,5,6,6,5,3,6,4,4,5,4,7,6,7,5,5,5,5,4,7,7,9,6,7,4,4,4,4,5,6,2,4,7,8,3,4,4,4,3,5,3,3,8,4,4,6,5,8,3,6,4,4,8,5,4,8,4,7,6,3,4,7,6,6,7,5,2,5,4,6,3,8,3,6,6,5,2,3,6,3,6,3,3,7,2,4,4,4,3,3,2,6,6,7,7,7,4,4,7,3,3,5,2,2,4,3,2,5,2,3,3,3,2,4,5,2,3,1,5,3,3,2,3,4,3,4
PROPN,2,2,0,3,3,3,1,1,2,4,3,3,1,4,4,4,4,5,4,3,2,4,2,3,2,4,2,6,3,2,4,3,3,4,4,4,4,3,5,3,2,4,2,2,4,5,4,3,4,3,5,3,4,5,5,3,2,2,3,4,4,5,5,4,3,4,4,5,4,3,4,2,2,3,5,2,3,4,2,2,4,4,3,4,2,3,5,4,4,5,5,5,4,5,3,3,2,2,5,3,6,4,6,2,5,5,2,1,4,4,4,5,3,5,3,3,5,3,5,4,1,4,4,5,5,4,5,3,6,4,4,2,5,5,5,4,7,5,3,4,2,6,4,3,3,3,2,3,3,4,4,3,3,3,1,10,2,4,5,4,5,5,5,5,8,6,6,6,7,5,6,5,9,7,5,2,2,5,5,4,4,7,3,6,5,4,6,6,5,4,5,5,4,7,6,10,5,6,6,9,6,3,3,4,3,3,3,5,4,12,6,4,8,3,1,4,4,5,3,6,5,4,4,5,6,3,1,5,5,19,17,6,20,2,5,2,5,4,5,10,3,5,6,5,5,2,2,5,6,6,5,2,6,5,8,5,7,10,8,6,7,7,7,10,9,5,1,4,4,3,4,4,3,4,4,5,5,2,7,5,5,4,6,7,6,7,4,5,3,6,3,3,5,4,6,7,3,4,2,3,6,7,5,7,2,2,8,4,7,5,6,2,7,6,6,7,7,6,10,4,4,6,4,3,5,5,4,6,6,5,7,4,6,7,5,8,4,6,5,6,7,8,7,3,7,5,5,2,9,9,7,6,7,6,6,6,6,7,8,4,4,5,8,3,6,4,6,5,5,5,3,8,6,4,6,7,8,5,6,6,4,8,7,6,8,6,9,6,5,4,7,8,6,7,7,4,7,6,6,5,10,3,8,6,5,4,1,4,5,8,1,3,5,2,4,4,4,5,3,2,6,6,7,7,5,6,6,9,3,5,3,4,4,2,5,2,5,4,5,3,5,4,6,3,2,5,3,3,5,5,4,5,6,5,6
ADJ + NOUN,1,3,3,0,2,2,2,4,1,3,2,4,4,1,1,1,3,2,3,4,3,1,3,4,3,3,3,3,2,3,3,2,2,3,3,3,3,2,4,2,1,5,3,3,3,4,3,2,3,4,2,4,3,4,4,4,3,5,2,3,5,4,4,1,4,3,3,2,3,4,1,5,5,4,2,5,2,3,1,5,1,3,4,5,3,2,4,3,3,4,2,2,1,2,2,2,5,5,4,2,3,5,3,3,4,2,3,4,3,5,3,2,6,2,2,2,2,4,4,3,4,3,1,2,2,5,2,2,5,3,5,3,4,4,4,3,4,4,4,3,3,3,1,4,4,6,5,4,2,5,5,4,2,4,4,9,5,3,4,3,4,4,4,2,7,5,7,7,6,6,5,4,8,6,2,3,3,4,4,3,3,4,2,3,4,5,7,7,2,3,2,6,5,6,5,9,4,5,7,6,5,4,4,7,4,2,4,2,3,9,5,5,7,6,2,3,3,2,4,5,4,5,3,2,3,6,4,4,4,16,14,3,19,3,4,5,4,1,4,9,4,8,5,6,6,3,3,4,5,7,4,5,3,4,7,2,6,7,5,5,6,6,6,7,6,4,2,1,3,2,3,3,6,3,3,4,4,3,6,2,2,5,7,6,3,4,5,6,4,5,2,2,2,3,5,6,6,3,3,4,5,8,4,4,3,3,7,7,6,4,5,3,6,3,3,6,4,5,9,3,5,7,5,4,6,4,5,5,3,4,6,3,5,6,4,7,1,3,4,5,4,7,4,2,4,2,4,5,8,8,6,7,6,7,5,5,5,4,7,3,5,6,5,2,5,3,7,6,4,4,2,7,5,5,3,6,7,6,5,5,5,7,8,5,9,5,8,7,4,3,4,7,3,4,4,5,6,7,9,4,9,4,7,5,2,3,4,5,4,7,2,6,6,3,3,3,3,4,4,3,3,5,6,6,6,7,5,8,2,2,4,3,3,3,4,3,4,5,4,4,4,3,7,6,5,4,4,2,4,4,3,4,3,4,3
NOUN + VERB,1,1,3,2,0,2,2,4,3,3,2,2,2,3,3,1,1,4,3,2,3,3,3,2,3,3,3,3,2,3,1,2,2,3,1,1,3,2,2,2,3,3,3,3,3,4,5,2,5,4,4,4,3,4,2,2,1,5,2,3,5,2,4,3,2,1,1,4,3,4,3,5,3,4,2,3,2,1,3,3,3,3,2,3,3,4,2,1,3,4,4,4,3,4,4,4,5,3,2,4,5,3,5,3,4,4,3,2,3,3,1,2,4,4,2,4,4,4,2,1,4,3,3,4,4,3,4,2,3,1,5,3,2,2,2,1,6,2,4,3,3,5,3,2,2,4,3,2,2,3,3,4,4,6,4,7,3,3,4,1,4,4,2,4,7,5,7,5,4,4,5,4,8,6,4,3,3,2,2,5,3,6,2,5,2,3,7,7,4,3,4,6,3,6,3,7,4,7,7,6,5,4,2,5,4,2,4,4,3,9,5,5,7,6,4,5,3,4,4,5,4,3,3,4,3,6,4,4,4,16,14,5,19,3,4,5,2,3,6,7,2,6,3,6,6,5,5,2,3,5,4,5,5,2,7,4,8,7,5,5,8,6,4,9,8,4,4,3,1,4,3,3,4,3,3,4,4,1,4,4,4,5,5,6,5,4,5,4,4,5,4,4,4,3,5,6,4,5,5,2,5,6,4,4,5,3,5,7,4,4,5,3,6,3,5,6,6,5,9,3,3,5,3,4,4,4,7,3,3,6,4,5,7,4,4,7,3,5,4,5,6,5,6,4,4,4,6,5,6,6,8,7,6,5,3,3,3,6,7,3,5,6,7,2,5,5,5,4,4,2,2,7,3,5,5,4,7,4,5,3,5,7,6,3,9,3,6,5,4,5,6,5,5,6,6,3,4,5,7,4,7,4,5,5,4,3,4,7,2,5,2,4,6,3,3,3,3,2,4,3,5,5,6,6,6,5,3,8,2,2,4,3,3,3,2,3,4,3,2,2,2,3,5,6,3,2,2,4,4,2,3,4,3,4,5
NOUN + NOUN,1,3,3,2,2,0,2,4,3,1,2,4,4,3,1,3,1,4,1,4,3,3,3,4,1,3,3,3,2,3,3,2,2,1,1,3,3,4,2,2,3,5,3,3,1,2,5,2,5,4,2,4,3,2,2,4,3,5,4,3,5,4,2,3,4,3,3,2,1,4,3,5,5,2,2,5,2,3,3,5,1,3,4,5,3,4,2,3,5,4,2,2,3,2,4,4,5,5,2,4,3,5,3,3,2,2,1,4,3,5,3,4,6,4,2,4,4,4,4,3,4,5,3,4,4,5,4,2,3,3,5,3,4,4,2,3,4,2,4,3,3,3,3,2,4,6,5,4,2,5,3,6,4,6,4,7,5,1,4,3,4,4,4,4,5,5,5,7,6,6,5,4,6,4,2,3,3,2,2,5,3,4,2,5,4,5,5,5,4,3,2,6,5,6,3,9,4,7,5,6,5,6,4,7,4,2,2,4,3,9,3,3,5,6,4,5,5,2,2,5,2,5,3,2,3,6,4,4,4,16,14,3,19,3,4,5,2,3,6,9,4,8,3,4,8,5,5,4,3,7,2,5,3,2,5,4,8,7,5,5,8,4,6,7,6,2,4,3,3,4,1,3,6,3,1,4,2,3,6,2,2,3,5,6,3,4,3,4,4,3,4,4,2,1,3,4,6,5,5,4,3,8,4,6,5,3,5,7,4,2,3,3,6,5,5,6,6,5,7,3,5,7,5,4,6,6,7,5,5,6,6,5,7,4,4,7,3,5,4,5,6,5,4,4,6,4,6,5,8,8,6,7,4,7,5,5,5,4,5,3,3,4,5,2,5,5,7,6,4,4,2,5,5,3,3,4,7,6,5,5,5,7,8,5,11,5,8,5,6,5,4,5,5,4,6,5,6,7,9,4,7,4,7,3,2,5,4,7,4,5,2,6,4,3,1,1,1,2,4,3,3,3,4,4,4,7,3,8,4,2,4,5,3,3,4,5,4,5,2,2,2,5,7,6,5,2,4,2,2,2,5,2,5,4,3
PROPN + NOUN,1,3,1,2,2,2,0,2,3,3,2,4,2,3,3,3,3,4,3,4,3,3,3,4,1,3,3,5,2,1,3,2,2,3,3,3,3,4,4,2,1,5,3,3,3,4,5,2,3,4,4,2,3,4,4,4,1,3,4,3,5,4,4,3,4,3,3,4,3,4,3,3,3,2,4,3,2,3,1,3,3,3,4,5,1,4,4,3,5,4,4,4,3,4,2,4,3,3,4,2,5,5,5,3,4,4,1,2,3,5,3,4,4,4,2,4,4,2,4,3,2,5,3,4,4,5,4,2,5,3,3,3,4,4,4,3,6,4,2,3,1,5,3,2,4,4,3,2,2,5,3,4,2,4,2,9,3,3,4,3,4,4,4,4,7,5,5,7,6,6,5,4,8,6,4,1,1,4,4,5,3,6,2,5,4,5,7,5,4,3,4,6,5,6,5,9,4,5,5,8,5,4,4,5,4,2,2,4,3,11,5,3,7,4,2,5,5,4,2,5,4,5,3,4,5,4,2,4,4,18,16,5,19,3,4,3,4,3,6,9,4,6,5,4,6,3,3,4,5,7,4,3,5,4,7,4,6,9,7,5,6,6,6,9,8,4,2,3,3,4,3,3,4,3,3,4,4,3,6,4,4,3,5,6,5,6,3,4,4,5,4,2,4,3,5,6,4,5,3,4,5,8,4,6,3,1,7,5,6,4,5,1,6,5,5,6,6,5,9,3,5,7,5,4,6,6,5,5,5,6,6,3,7,6,4,7,3,5,4,5,6,7,6,2,6,4,6,3,8,8,6,7,6,7,5,5,5,6,7,3,3,4,7,2,5,5,7,6,4,4,2,7,5,3,5,6,7,6,5,5,5,7,8,5,9,5,8,5,6,5,6,7,5,6,6,5,6,7,7,4,9,2,7,5,4,5,2,5,4,7,2,4,4,3,3,3,3,4,4,3,5,5,6,6,6,7,5,8,2,4,2,5,3,1,4,3,4,5,4,2,4,5,7,4,3,4,4,2,4,4,5,4,5,4,5
PROPN + PROPN,3,3,1,4,4,4,2,0,3,5,4,4,2,5,5,5,5,6,5,4,3,5,3,4,3,5,3,7,4,1,5,4,4,5,5,5,5,4,6,4,3,5,3,3,5,6,5,4,5,4,6,2,5,6,6,4,3,1,4,5,5,6,6,5,4,5,5,6,5,4,5,1,1,4,6,3,4,5,3,3,5,5,4,5,3,4,6,5,5,6,6,6,5,6,4,4,1,3,6,4,7,5,7,3,6,6,3,2,5,5,5,6,4,6,4,4,6,4,6,5,2,5,5,6,6,5,6,4,7,5,3,3,6,6,6,5,8,6,4,5,3,7,5,4,4,2,3,2,4,5,5,4,4,2,2,11,3,5,6,5,6,6,6,6,9,7,5,7,8,6,7,6,10,8,6,3,3,6,6,5,5,8,4,7,6,5,7,7,6,5,6,6,5,8,7,11,6,7,7,10,7,4,4,5,4,4,4,6,5,13,7,3,9,2,2,5,5,6,4,7,6,5,5,6,7,2,2,6,6,20,18,7,19,3,6,3,6,5,6,11,4,4,7,6,6,3,3,6,7,7,6,3,7,6,9,6,6,11,9,7,8,8,8,11,10,6,2,5,5,4,5,5,2,5,5,6,6,3,8,6,6,5,7,8,7,8,5,6,4,7,4,2,6,5,7,8,2,5,1,4,7,8,6,8,3,3,9,5,8,6,7,3,8,7,7,8,8,7,11,5,5,7,5,4,6,6,5,7,7,6,8,3,7,8,6,9,5,7,6,7,8,9,8,4,8,6,6,3,10,10,8,7,8,7,7,7,7,8,9,5,5,6,9,4,7,5,7,6,6,6,4,9,7,5,7,8,9,6,7,7,5,9,8,7,9,7,10,7,6,5,8,9,7,8,8,5,8,7,7,6,11,4,9,7,6,5,2,5,6,9,2,2,4,3,5,5,5,6,4,3,7,7,8,8,6,7,7,10,4,6,2,5,5,3,6,3,6,5,6,4,6,5,7,2,3,6,4,4,6,6,5,6,7,6,7
ADJ,2,2,2,1,3,3,3,3,0,4,3,3,3,2,2,2,4,3,4,3,2,2,2,3,4,4,2,4,3,4,4,3,3,4,4,4,4,1,5,3,2,4,2,2,4,5,2,3,4,3,3,5,4,5,5,3,4,4,1,4,4,5,5,2,3,4,4,3,4,3,2,4,4,5,3,4,3,2,2,4,2,4,3,4,4,1,5,4,2,5,3,3,2,3,3,1,4,4,5,3,4,4,4,2,5,3,4,3,4,4,4,3,5,3,3,1,3,5,5,4,3,2,2,3,3,4,3,3,6,4,6,2,5,5,5,4,5,5,5,4,4,4,2,5,3,5,4,5,1,4,6,3,3,3,3,10,4,4,5,4,3,5,5,3,8,6,8,6,7,5,6,5,9,7,3,2,4,5,5,2,4,5,3,4,5,4,8,8,3,4,3,5,4,7,6,10,5,6,8,7,6,3,3,6,3,3,5,3,4,10,6,6,8,5,1,2,2,3,5,6,5,4,4,3,4,5,3,5,5,17,15,4,20,2,5,4,5,2,3,10,3,7,6,7,5,2,2,5,6,6,5,4,4,5,8,3,7,8,6,6,7,7,7,8,7,5,1,2,4,1,4,2,5,4,4,5,5,4,7,3,3,6,8,7,4,5,6,7,3,6,1,3,3,4,6,7,5,4,2,3,6,7,5,5,2,4,8,6,5,5,6,4,7,4,4,7,5,6,10,4,4,6,4,3,5,3,4,6,4,3,7,4,4,7,5,8,2,4,5,6,5,8,5,3,5,3,3,4,9,7,7,6,7,6,6,6,6,5,8,4,6,7,6,3,6,2,6,5,3,5,3,8,6,6,4,7,8,5,6,6,4,8,7,6,8,6,9,8,3,2,5,8,4,5,5,4,7,6,8,5,10,5,8,6,3,2,3,4,5,8,3,5,7,2,4,4,4,5,3,2,4,6,7,7,7,6,6,9,3,3,5,2,4,4,5,2,3,4,5,5,5,2,6,5,4,5,3,3,5,5,2,5,4,5,4
NOUN + CCONJ + NOUN,2,4,4,3,3,1,3,5,4,0,3,5,5,4,2,4,2,5,2,5,4,4,4,5,2,2,4,4,3,4,4,3,3,2,2,4,4,5,3,3,4,4,4,4,2,1,6,3,6,5,3,3,4,3,3,5,4,4,5,4,6,3,3,4,5,2,4,3,2,5,4,6,6,3,3,6,3,4,4,6,2,4,5,6,4,5,3,4,6,5,3,3,4,3,5,5,6,6,3,5,4,6,4,4,1,1,2,5,4,6,4,5,5,5,3,5,5,5,5,4,5,6,4,5,5,6,5,3,4,4,6,4,3,5,3,4,5,1,5,4,4,2,4,3,5,5,6,5,3,6,4,5,3,5,5,8,6,2,5,4,5,5,5,5,6,6,6,8,7,7,6,5,7,3,1,4,4,3,3,6,4,5,3,6,5,6,6,6,3,4,3,7,6,7,4,10,5,8,6,7,6,7,5,8,5,3,3,5,4,8,4,4,6,7,5,6,6,3,3,6,3,6,4,3,4,7,5,5,3,17,13,4,20,4,5,6,3,4,7,10,3,9,4,5,9,6,6,5,4,8,3,6,4,3,4,5,7,8,6,6,9,5,7,8,5,3,5,4,4,5,2,4,7,2,2,5,3,4,7,3,3,2,6,7,4,5,2,5,5,4,5,5,3,2,4,5,7,6,6,5,4,9,5,7,6,4,6,8,5,3,2,4,5,6,6,7,7,6,8,4,6,8,6,5,7,7,8,6,6,7,7,6,8,5,5,8,4,6,5,6,7,6,5,5,7,5,7,6,9,9,7,8,5,8,6,6,6,5,6,4,4,5,6,3,6,6,8,7,5,5,3,4,6,4,4,5,8,7,6,6,6,8,9,6,12,6,9,6,7,4,5,6,6,5,7,6,7,8,8,5,8,5,8,4,3,6,5,8,5,4,3,7,5,4,2,2,2,3,5,2,4,4,5,5,5,8,4,9,5,3,5,6,4,4,5,6,5,6,3,3,1,6,8,7,4,3,5,3,1,3,4,3,6,5,4
VERB + NOUN,1,1,3,2,2,2,2,4,3,3,0,2,2,3,3,3,3,2,3,2,3,1,3,2,3,1,3,3,2,3,1,2,2,1,1,3,1,2,4,2,3,3,3,3,3,4,5,2,3,4,4,4,3,4,2,2,3,5,2,3,5,4,2,3,2,3,3,4,3,4,3,5,3,4,4,3,2,3,3,3,3,1,2,3,1,4,2,3,3,4,4,4,1,4,2,4,5,3,4,4,5,3,5,3,4,4,3,2,1,3,3,4,4,4,2,4,4,2,4,3,4,3,3,4,2,3,2,2,3,3,3,3,2,4,4,3,6,4,2,3,3,5,3,4,2,4,3,4,2,3,5,4,4,6,4,7,3,3,2,3,4,2,4,4,7,3,5,5,4,4,3,4,6,4,4,3,3,2,4,5,3,6,2,5,4,3,7,7,4,3,4,6,3,4,3,9,4,5,7,8,3,4,2,5,4,2,4,2,3,11,3,5,5,6,4,5,3,4,4,3,4,3,3,4,5,6,4,2,2,16,14,5,19,3,2,5,2,3,6,7,2,6,3,4,6,5,5,4,3,5,4,5,5,4,7,4,8,9,5,5,6,4,4,7,8,4,4,3,3,4,3,3,4,3,3,2,4,3,4,4,2,5,7,6,5,4,5,4,4,5,4,4,4,3,5,6,4,5,5,2,3,6,2,6,5,3,7,7,6,4,5,3,4,5,3,4,6,3,7,3,3,5,3,4,4,4,7,5,5,6,6,5,7,4,2,5,3,3,4,3,6,7,6,4,6,4,6,5,8,8,8,7,6,5,5,5,5,4,5,1,3,6,7,2,3,5,5,4,4,4,2,7,5,3,5,4,7,4,5,5,5,7,6,5,9,5,8,5,4,5,6,5,5,6,4,3,6,5,7,2,7,2,7,5,4,3,4,7,4,5,2,4,6,3,3,3,3,4,4,3,5,5,6,6,6,5,3,6,4,2,4,3,1,3,4,3,4,3,4,2,2,3,5,6,3,4,2,4,2,2,3,2,5,2,3
PRON + VERB,3,1,3,4,2,4,4,4,3,5,2,0,2,5,5,3,3,4,5,2,1,3,3,2,5,3,3,5,4,5,3,4,4,3,3,3,3,2,4,4,5,3,3,3,5,6,5,4,5,4,6,6,5,6,4,2,3,5,2,5,5,4,4,5,2,3,3,6,5,4,5,5,3,6,4,3,4,3,5,3,5,3,2,3,3,4,4,3,3,4,6,6,3,6,4,4,5,3,4,6,7,1,7,5,6,6,5,2,3,3,3,4,4,6,4,4,6,4,4,3,4,3,5,6,4,1,2,4,5,3,5,3,4,4,4,3,8,4,4,3,5,7,5,4,2,4,3,4,4,1,5,4,6,6,4,7,3,5,4,3,6,4,4,6,9,5,7,3,4,2,5,4,6,6,6,5,5,4,4,5,5,8,2,7,4,1,7,9,6,5,6,4,1,4,5,7,6,7,9,8,3,4,2,5,2,4,6,4,5,11,5,7,7,6,4,3,3,6,6,3,6,3,5,6,5,6,4,4,4,18,14,5,21,3,4,5,4,3,6,7,2,4,5,4,4,3,5,4,5,3,6,3,7,4,7,6,8,9,7,7,8,6,6,9,10,6,4,5,3,4,5,5,4,5,5,4,6,3,6,6,4,7,7,8,7,6,7,6,2,7,4,6,6,5,7,8,4,7,5,2,5,6,4,6,5,5,5,5,6,6,7,5,6,5,5,4,8,3,7,3,1,3,1,4,2,4,5,5,5,4,6,7,5,6,4,5,5,3,6,5,8,5,8,6,6,6,6,3,6,6,8,5,8,3,5,5,5,6,5,3,5,8,9,2,3,3,3,2,6,4,4,9,5,5,7,6,9,2,5,3,3,7,4,3,7,5,6,7,4,5,8,5,7,8,6,1,4,3,7,4,7,4,7,5,6,3,4,5,4,7,4,4,8,3,5,5,5,4,4,3,7,7,8,8,8,3,5,6,4,4,6,3,3,5,4,3,6,3,4,4,4,3,3,6,3,4,2,6,4,4,3,4,5,2,5
PROPN + VERB,3,1,1,4,2,4,2,2,3,5,2,2,0,5,5,3,3,4,5,2,3,3,3,2,3,3,3,5,4,3,3,4,4,3,3,3,3,2,4,4,3,3,3,3,5,6,5,4,3,4,6,4,5,6,4,2,1,3,2,5,5,4,4,5,2,3,3,6,5,4,5,3,1,4,4,1,4,3,3,3,5,3,2,3,1,4,4,3,3,6,6,6,3,6,2,4,3,1,4,4,7,3,7,3,6,6,3,2,3,3,3,4,2,6,4,4,6,2,4,3,2,3,5,6,4,3,4,4,5,3,5,3,4,4,4,3,8,4,4,5,3,7,5,2,2,2,1,2,4,3,3,2,4,4,2,9,3,5,4,3,6,4,4,6,9,5,5,5,6,4,5,6,8,6,6,3,3,4,4,5,5,8,4,7,4,3,7,7,6,5,6,6,3,6,5,9,4,5,7,8,5,2,2,5,4,4,4,4,5,11,5,5,7,4,2,5,3,6,4,5,6,3,5,6,5,4,2,4,4,18,16,7,19,3,4,3,4,5,6,9,2,6,5,4,4,3,3,4,5,5,6,3,7,4,9,6,8,9,7,5,6,6,6,9,10,6,2,5,3,4,5,5,2,5,5,4,6,1,6,6,4,5,5,6,7,6,5,4,4,7,4,4,6,5,7,8,2,5,3,2,5,6,4,6,3,3,7,5,6,6,7,3,6,5,5,6,8,5,9,5,3,5,3,4,4,4,5,5,5,6,6,5,7,6,4,7,5,5,6,5,8,7,8,4,6,6,6,3,8,8,8,7,8,5,5,5,5,6,7,3,5,6,9,4,5,5,5,4,6,4,4,9,5,3,7,6,7,4,7,5,5,9,6,5,9,5,8,5,4,5,8,7,7,8,6,3,6,5,5,4,9,2,7,7,6,3,2,5,4,7,2,2,6,3,5,5,5,4,4,3,7,7,8,8,6,5,5,8,2,4,4,3,3,3,4,1,6,3,4,4,4,3,5,4,1,4,2,4,4,4,3,4,5,4,5
ADJ + ADJ + NOUN,2,4,4,1,3,3,3,5,2,4,3,5,5,0,2,2,4,3,4,5,4,2,4,5,4,4,4,4,3,4,4,3,3,4,4,4,4,3,5,3,2,6,4,4,4,5,4,3,4,5,1,5,4,5,5,5,4,6,3,4,6,5,5,2,5,4,4,3,4,5,2,6,6,5,3,6,3,4,2,6,2,4,5,6,4,3,5,4,2,5,3,3,2,3,3,3,6,6,5,3,4,6,2,4,5,3,4,5,4,6,4,1,7,3,3,1,3,5,5,4,5,4,2,1,3,6,3,3,6,4,6,4,5,5,5,4,3,5,5,4,4,4,2,5,5,7,6,5,3,6,6,5,3,5,5,10,6,4,5,4,5,5,5,3,8,6,8,8,7,7,6,5,9,7,3,4,4,5,5,4,4,5,3,4,5,6,8,8,3,4,3,7,6,7,6,10,5,6,8,7,6,5,5,8,5,3,5,3,4,10,6,6,8,7,3,4,4,3,5,6,5,6,4,3,4,7,5,5,5,15,13,4,20,4,5,6,5,2,3,10,5,9,6,7,7,4,4,5,6,8,5,6,4,5,8,3,7,6,6,6,7,7,7,6,7,5,3,2,4,3,4,4,7,4,4,5,5,4,7,3,3,6,8,7,4,3,6,7,5,6,3,3,1,4,6,7,7,2,4,5,6,9,5,3,4,4,8,8,7,5,6,4,7,4,4,7,5,6,10,4,6,8,6,5,7,5,6,6,4,5,7,4,6,7,5,8,2,4,5,6,5,8,3,3,5,3,5,6,9,9,7,8,7,8,6,6,6,5,8,4,6,7,6,3,6,4,8,7,5,5,3,8,6,6,4,7,8,7,6,6,6,8,9,6,10,6,9,8,5,4,5,8,4,5,5,6,7,8,10,5,10,5,8,6,3,4,5,6,5,8,3,7,7,4,4,4,4,5,5,4,4,6,7,7,7,8,6,9,3,3,5,4,4,4,5,4,5,6,5,5,5,2,8,7,6,5,5,3,5,5,4,5,4,5,4
ADJ + NOUN + NOUN,2,4,4,1,3,1,3,5,2,2,3,5,5,2,0,2,2,3,2,5,4,2,4,5,2,4,4,4,3,4,4,3,3,2,2,4,4,3,3,3,2,6,4,4,2,3,4,3,4,5,1,5,4,3,3,5,4,6,3,4,6,5,3,2,5,4,4,1,2,5,2,6,6,3,1,6,3,4,2,6,2,4,5,6,4,3,3,4,4,5,3,1,2,1,3,3,6,6,3,3,2,6,2,4,3,3,2,5,4,6,4,3,7,3,3,3,3,5,5,4,5,4,2,3,3,6,3,3,4,4,6,4,5,5,3,4,3,3,5,4,4,2,2,3,5,7,6,5,3,6,4,5,3,5,5,8,6,2,5,4,5,5,5,3,6,6,6,8,7,7,6,5,7,5,3,4,4,3,3,4,4,5,3,4,5,6,6,6,3,4,3,7,6,7,4,10,5,6,6,5,6,5,5,8,5,3,3,3,4,10,4,4,6,7,3,4,4,1,3,6,3,6,4,1,2,7,5,5,5,15,13,2,18,4,5,6,3,2,5,10,5,9,4,5,7,4,4,5,4,8,3,6,4,3,6,3,7,6,4,6,7,5,7,6,5,3,3,2,4,3,2,4,7,4,2,5,3,4,7,3,1,4,6,7,2,3,4,5,5,4,3,3,1,2,4,5,7,4,4,5,4,9,5,5,4,4,6,8,5,3,4,4,7,4,4,7,5,6,8,4,6,8,6,5,7,5,6,6,4,5,7,4,6,5,5,8,2,4,5,6,5,6,3,3,5,3,5,6,9,9,5,8,5,8,6,6,6,5,6,4,4,5,6,3,6,4,8,7,5,5,3,6,6,4,4,5,8,7,6,6,6,8,9,6,10,6,9,6,5,4,3,6,4,3,5,6,7,8,10,5,8,5,8,4,1,4,5,6,5,6,3,7,5,4,2,2,2,3,5,4,2,4,5,5,5,8,4,9,3,3,5,4,4,4,5,4,5,6,3,3,3,4,8,7,6,3,5,1,3,3,4,3,4,5,2
ADJ + NOUN + VERB,2,2,4,1,1,3,3,5,2,4,3,3,3,2,2,0,2,3,4,3,4,2,4,3,4,4,4,4,3,4,2,3,3,4,2,2,4,3,3,3,2,4,4,4,4,5,4,3,4,5,3,5,4,5,3,3,2,6,1,4,6,3,5,2,3,2,2,3,4,5,2,6,4,5,1,4,3,2,2,4,2,4,3,4,4,3,3,2,2,5,3,3,2,3,3,3,6,4,3,3,4,4,4,4,5,3,4,3,4,4,2,1,5,3,3,3,3,5,3,2,5,4,2,3,3,4,3,3,4,2,6,4,3,3,3,2,5,3,5,4,4,4,2,3,3,5,4,3,3,4,4,3,3,5,5,8,4,4,5,2,5,5,3,3,8,6,8,6,5,5,6,5,9,7,3,4,4,3,3,4,4,5,3,4,3,4,8,8,3,4,3,7,4,7,4,8,5,6,8,5,6,5,3,6,5,3,5,3,4,8,6,6,8,7,3,4,2,3,5,6,5,4,4,3,2,7,5,5,5,15,13,4,18,4,5,6,3,2,5,8,3,7,4,7,7,4,4,3,4,6,5,6,4,3,8,3,7,6,4,6,7,7,5,8,7,5,3,2,2,3,4,4,5,4,4,5,5,2,5,3,3,6,6,7,4,3,6,5,5,6,3,3,3,4,6,7,5,4,4,3,6,7,5,3,4,4,6,8,5,5,6,4,7,2,4,7,5,6,10,4,4,6,4,5,5,3,6,4,2,5,5,4,6,5,5,8,2,4,5,6,5,6,5,3,3,3,5,6,7,7,7,8,7,6,4,4,4,5,8,4,6,7,6,3,6,4,6,5,5,3,3,8,4,6,4,5,8,5,6,4,6,8,7,4,8,4,7,6,5,4,5,6,4,5,5,4,5,6,8,5,8,5,6,6,3,4,5,6,3,6,3,5,7,4,4,4,4,3,5,4,4,6,7,7,7,6,4,9,1,3,5,2,4,4,3,2,5,4,3,3,3,4,6,7,4,3,3,3,5,3,2,5,2,5,4
NOUN + NOUN + VERB,2,2,4,3,1,1,3,5,4,2,3,3,3,4,2,2,0,5,2,3,4,4,4,3,2,4,4,4,3,4,2,3,3,2,2,2,4,3,1,3,4,4,4,4,2,3,6,3,6,5,3,5,4,3,3,3,2,6,3,4,6,3,3,4,3,2,2,3,2,5,4,6,4,3,1,4,3,2,4,4,2,4,3,4,4,5,1,2,4,5,3,3,4,3,5,5,6,4,1,5,4,4,4,4,3,3,2,3,4,4,2,3,5,5,3,5,5,5,3,2,5,4,4,5,5,4,5,3,4,2,6,4,3,3,1,2,5,1,5,4,4,4,4,1,3,5,4,3,3,4,2,5,5,7,5,8,4,2,5,2,5,5,3,5,6,6,6,6,5,5,6,5,7,5,3,4,4,3,1,6,4,5,3,6,3,4,6,6,5,4,3,7,4,7,4,8,5,8,6,5,6,5,3,6,5,3,3,5,4,8,4,4,6,7,5,6,4,3,3,6,3,4,4,3,2,7,5,5,5,15,13,4,18,4,5,6,3,4,7,8,3,7,2,5,7,6,6,3,2,6,3,6,4,1,6,5,9,6,6,6,9,5,5,8,7,3,5,4,2,5,2,4,5,4,2,5,3,2,5,3,3,4,4,7,4,3,4,3,5,4,5,5,3,2,4,5,5,6,6,3,4,7,5,5,6,4,4,8,3,3,4,4,7,4,6,7,7,6,8,4,4,6,4,5,5,5,8,4,4,7,5,6,8,5,5,8,4,6,5,6,7,4,5,5,5,5,7,6,7,7,7,8,5,6,4,4,4,5,6,4,4,5,6,3,6,6,6,5,5,3,3,6,4,4,4,5,8,5,6,4,6,8,7,4,10,4,7,4,5,6,5,6,6,5,7,4,5,6,8,5,8,5,6,4,3,4,5,8,3,6,3,5,5,4,2,2,2,1,5,4,4,4,5,5,5,6,4,9,3,3,5,4,4,4,3,4,5,4,1,3,3,4,6,7,4,1,3,3,3,3,4,3,4,5,4
VERB + ADP + ADJ + NOUN,3,3,5,2,4,4,4,6,3,5,2,4,4,3,3,3,5,0,5,4,5,1,5,4,5,3,5,1,4,5,3,4,2,3,3,5,1,2,6,4,3,5,5,3,5,6,3,4,1,6,4,6,3,4,2,2,5,7,4,3,7,6,2,3,4,5,5,4,3,6,1,7,5,6,4,5,4,3,3,3,3,3,4,3,3,4,4,5,5,6,2,4,3,4,2,2,5,5,4,4,5,5,5,5,6,4,5,4,3,5,5,4,6,2,4,4,4,4,6,5,4,1,3,4,2,5,2,4,3,3,3,5,4,6,6,5,6,6,2,5,5,5,3,6,4,6,5,6,4,5,7,6,4,6,6,7,5,5,2,5,4,2,6,4,7,3,7,5,4,6,3,6,6,4,4,5,3,4,6,5,5,4,4,5,6,5,7,7,4,5,4,6,5,6,3,11,4,3,9,8,5,4,4,5,6,4,6,2,3,11,3,7,5,8,4,5,5,4,4,5,6,5,5,4,5,8,6,4,4,14,12,5,17,5,4,5,4,3,6,9,4,6,5,6,6,5,5,6,5,7,4,7,3,6,7,4,8,9,5,3,6,4,6,5,8,6,4,3,5,4,5,5,6,5,5,2,6,5,6,4,2,7,9,6,5,4,7,6,6,5,4,4,4,5,7,6,6,5,5,4,3,8,4,6,5,3,7,9,6,4,5,5,6,5,1,6,6,5,7,5,5,5,5,6,6,6,7,7,5,6,6,5,5,4,2,5,3,3,6,3,6,7,6,4,6,4,4,7,10,8,8,7,8,7,7,5,7,2,5,3,5,8,5,4,5,5,7,6,6,6,4,9,5,5,5,4,9,4,7,7,7,7,6,7,9,7,10,5,4,5,6,5,3,6,6,5,8,7,7,2,7,4,7,7,4,3,6,7,4,7,4,4,6,5,5,5,5,6,6,5,5,5,6,6,6,7,5,8,4,2,6,5,3,5,6,5,4,5,6,4,4,3,7,6,5,4,4,4,4,4,5,4,5,4,3
NOUN + NOUN + NOUN,2,4,4,3,3,1,3,5,4,2,3,5,5,4,2,4,2,5,0,5,4,4,4,5,2,4,4,4,3,4,4,3,3,2,2,4,4,5,1,3,4,6,4,4,2,1,6,3,6,5,3,5,4,1,3,5,4,6,5,4,6,5,3,4,5,4,4,1,2,5,4,6,6,3,3,6,3,4,4,6,2,4,5,6,4,5,3,4,6,5,3,3,4,1,5,5,6,6,3,5,2,6,4,4,1,3,2,5,4,6,4,5,7,5,3,5,5,5,5,4,5,6,4,5,5,6,5,3,4,4,6,4,5,5,3,4,5,3,5,4,4,2,4,3,5,7,6,5,3,6,2,7,5,7,5,8,6,2,5,4,5,5,5,5,4,6,6,8,7,7,6,5,5,5,3,4,4,3,3,6,4,5,3,6,5,6,6,6,5,4,3,7,6,7,4,10,5,8,4,7,6,7,5,8,5,3,1,5,4,10,2,4,6,7,5,6,6,3,3,6,3,6,4,3,4,7,5,5,5,15,13,4,18,4,5,6,3,4,7,10,5,9,2,5,9,6,6,5,2,8,3,6,4,3,4,5,9,8,4,6,9,5,7,8,5,1,5,4,4,5,2,4,7,4,2,5,1,4,7,1,3,2,6,7,4,3,2,5,5,2,5,5,3,2,2,3,7,6,6,5,2,9,5,7,6,4,6,8,5,3,2,4,7,6,6,7,7,6,8,4,6,8,6,5,7,7,8,6,6,7,7,6,8,5,5,8,4,6,5,6,7,6,5,5,7,5,7,6,9,9,7,8,5,8,6,6,6,5,6,4,4,3,6,3,6,6,8,7,5,5,3,4,6,4,2,5,8,7,6,6,6,8,9,6,12,6,9,6,7,6,3,6,6,5,7,6,7,8,10,5,6,5,8,4,3,6,5,8,5,6,3,7,5,4,2,2,2,3,5,4,2,4,5,3,5,8,4,9,5,3,5,6,4,4,5,6,5,6,3,3,3,6,8,7,6,3,5,3,3,3,6,3,6,5,4
VERB + VERB,3,1,3,4,2,4,4,4,3,5,2,2,2,5,5,3,3,4,5,0,3,3,3,2,5,3,3,5,4,5,1,4,4,3,3,3,3,2,4,4,5,1,3,3,5,6,5,4,5,4,6,6,5,6,4,2,3,5,2,5,5,2,4,5,2,3,3,6,5,4,5,5,3,6,4,3,4,3,5,3,5,3,2,3,3,4,2,1,3,6,6,6,3,6,4,4,5,1,4,6,7,1,7,5,6,6,5,2,3,1,3,4,2,6,4,4,6,4,4,3,4,3,5,6,4,3,4,4,5,3,5,3,2,4,4,3,8,4,4,5,5,7,5,4,2,4,3,4,4,3,5,4,6,6,4,9,3,5,2,3,6,4,2,6,9,5,7,3,4,2,5,6,8,6,6,5,5,4,4,5,5,8,4,7,4,3,9,9,6,5,6,6,3,6,5,7,6,7,9,8,5,4,2,5,4,4,6,4,5,11,5,7,7,6,4,5,1,6,6,3,6,3,5,6,5,6,4,4,2,16,16,7,19,3,4,5,2,5,6,7,2,6,5,6,4,5,5,2,5,5,6,5,7,2,9,6,10,9,7,7,8,4,4,9,10,6,4,5,3,4,5,5,2,5,5,4,6,3,4,6,4,7,7,8,7,6,7,4,4,7,4,6,6,5,7,8,4,7,5,2,5,4,4,6,5,5,7,7,6,6,7,5,6,5,5,6,8,5,9,5,1,5,3,4,4,4,7,5,5,6,6,7,7,6,4,7,5,5,6,5,8,7,8,6,6,6,6,5,6,6,10,7,8,5,5,5,5,6,7,3,5,8,9,4,5,5,5,2,6,4,4,9,5,5,7,6,9,4,7,5,5,9,4,5,9,5,6,5,2,5,8,5,7,8,6,3,4,3,5,4,9,4,7,7,6,3,4,7,4,5,4,4,8,3,5,5,5,4,4,3,7,7,8,8,8,5,5,6,4,4,6,3,3,5,4,3,6,3,4,4,4,3,5,6,3,4,2,6,4,4,3,2,3,4,5
PRON,2,2,2,3,3,3,3,3,2,4,3,1,3,4,4,4,4,5,4,3,0,4,2,3,4,4,2,6,3,4,4,3,3,4,4,4,4,3,5,3,4,4,2,2,4,5,4,3,6,3,5,5,4,5,5,3,4,4,3,4,4,5,5,4,3,4,4,5,4,3,4,4,4,5,5,4,3,4,4,4,4,4,3,2,4,3,5,4,4,3,5,5,4,5,5,3,4,4,5,5,6,2,6,4,5,5,4,3,4,4,4,5,5,5,3,3,5,5,5,4,3,4,4,5,5,2,3,3,6,4,6,2,5,5,5,4,7,5,5,2,4,6,4,5,3,5,4,5,3,2,6,5,5,5,3,8,4,4,5,4,5,5,5,5,8,4,8,4,5,3,6,3,7,7,5,4,4,5,5,4,4,7,1,6,5,2,6,8,5,4,5,3,2,5,4,8,7,8,8,9,4,5,3,4,1,3,5,5,4,12,6,6,8,5,3,2,4,5,5,4,5,4,4,5,6,5,3,3,5,19,15,4,20,2,5,4,5,2,5,8,3,5,6,5,5,2,4,5,4,4,5,2,6,5,6,5,7,10,8,8,9,7,7,8,9,5,3,4,4,3,4,4,5,4,4,5,5,4,7,5,5,6,6,9,6,7,6,7,1,6,3,5,5,4,6,7,5,6,4,3,6,7,5,7,4,4,6,4,7,5,6,4,5,6,6,5,7,4,8,2,2,4,2,3,3,3,4,6,6,3,5,6,4,5,3,6,4,4,5,4,7,6,7,5,7,5,5,2,7,7,7,4,7,4,6,6,6,7,6,2,6,7,8,1,4,2,4,3,5,5,3,8,6,6,6,7,8,3,4,4,2,6,5,4,8,6,7,8,5,4,7,6,6,7,7,2,5,4,6,5,8,5,8,4,5,4,3,4,5,8,3,5,7,2,4,4,4,5,3,2,6,6,7,7,7,4,4,7,5,5,5,4,4,4,3,4,5,4,5,5,5,4,4,5,4,5,3,5,5,5,4,5,6,3,6
VERB + ADJ + NOUN,2,2,4,1,3,3,3,5,2,4,1,3,3,2,2,2,4,1,4,3,4,0,4,3,4,2,4,2,3,4,2,3,3,2,2,4,2,1,5,3,2,4,4,4,4,5,4,3,2,5,3,5,4,5,3,3,4,6,3,4,6,5,3,2,3,4,4,3,4,5,2,6,4,5,3,4,3,2,2,4,2,2,3,4,2,3,3,4,4,5,3,3,2,3,1,3,6,4,5,3,4,4,4,4,5,3,4,3,2,4,4,3,5,3,3,3,3,3,5,4,5,2,2,3,1,4,1,3,4,4,4,4,3,5,5,4,5,5,3,4,4,4,2,5,3,5,4,5,3,4,6,5,3,5,5,8,4,4,3,4,5,3,5,3,8,4,6,6,5,5,4,5,7,5,3,4,4,3,5,4,4,5,3,4,5,4,8,8,3,4,3,7,4,5,4,10,3,4,8,7,4,3,3,6,5,3,5,1,4,10,4,6,6,7,3,4,4,3,5,4,5,4,4,3,4,7,5,3,3,15,13,4,18,4,3,6,3,2,5,8,3,7,4,5,5,4,4,5,4,6,5,6,4,5,8,3,7,8,6,4,5,5,5,6,7,5,3,2,4,3,4,4,5,4,4,3,5,4,5,3,1,6,8,5,4,3,6,5,5,6,3,3,3,4,6,7,5,4,4,3,4,7,3,5,4,4,8,8,5,5,6,4,5,4,2,5,5,4,8,4,4,6,4,5,5,5,6,6,4,5,7,4,6,5,3,6,2,2,5,4,5,8,5,3,5,3,5,6,9,7,7,8,7,6,6,6,6,3,6,2,4,7,6,3,4,4,6,5,5,5,3,8,6,4,4,5,8,5,6,6,6,8,7,6,10,6,9,6,3,4,5,6,4,5,5,4,7,6,8,3,8,3,8,6,3,2,5,6,5,6,3,5,7,4,4,4,4,5,5,4,4,6,7,7,7,6,4,7,3,1,5,4,2,4,5,4,5,4,5,3,3,2,6,7,4,5,3,3,3,3,4,3,4,3,2
ADV,2,2,2,3,3,3,3,3,2,4,3,3,3,4,4,4,4,5,4,3,2,4,0,1,4,4,2,6,3,4,4,3,3,4,4,2,4,3,5,3,4,4,2,2,2,5,4,1,6,3,5,5,4,5,5,3,4,4,3,4,4,5,5,4,1,4,2,5,4,1,4,4,4,5,5,2,3,4,4,4,4,4,3,4,4,1,5,4,4,5,5,5,4,5,5,3,4,4,5,5,6,4,6,4,5,5,4,3,2,2,4,5,5,5,3,3,3,5,3,4,3,4,2,5,5,2,5,1,6,4,6,2,5,5,3,4,7,5,5,4,2,6,4,5,3,5,2,5,3,4,6,5,5,5,3,10,4,4,5,2,5,5,5,5,8,6,8,6,7,5,4,5,9,7,5,4,4,5,5,4,2,7,3,4,5,4,8,6,5,2,5,5,4,7,6,10,7,8,6,7,6,3,3,6,3,3,5,5,2,10,6,6,6,5,3,4,4,3,5,4,3,2,4,5,6,5,3,5,5,19,17,6,22,2,5,4,5,4,5,8,3,7,6,7,7,4,2,5,6,6,5,4,6,5,8,5,7,8,8,8,9,7,7,10,9,5,3,2,4,3,4,4,5,4,4,5,5,4,7,5,5,6,6,9,4,7,6,7,3,6,3,5,5,2,6,7,5,6,4,3,6,7,5,5,4,4,8,4,7,5,6,4,7,6,6,7,5,4,10,4,4,4,2,3,5,5,4,4,4,5,7,6,6,7,5,6,4,6,3,4,5,6,7,5,7,5,3,4,7,9,9,6,5,4,4,6,4,7,6,4,4,7,8,3,6,4,4,5,5,3,3,8,4,6,6,7,10,5,6,4,4,8,7,6,10,6,9,8,5,4,7,8,6,5,5,4,7,6,8,5,10,5,8,6,5,2,3,4,3,8,3,5,7,2,4,2,4,5,3,2,6,6,5,7,7,6,6,7,5,5,5,2,2,4,5,4,5,2,3,5,5,4,6,5,4,5,3,5,5,5,4,5,4,5,6
VERB + ADV,3,1,3,4,2,4,4,4,3,5,2,2,2,5,5,3,3,4,5,2,3,3,1,0,5,3,3,5,4,5,3,4,4,3,3,1,3,2,4,4,5,3,3,3,3,6,5,2,5,4,6,6,5,6,4,2,3,5,2,5,5,4,4,5,2,3,3,6,5,2,5,5,3,6,4,1,4,3,5,3,5,3,2,3,3,2,4,3,3,6,6,6,3,6,4,4,5,3,4,6,7,3,7,5,6,6,5,2,1,1,3,4,4,6,4,4,4,4,4,3,4,3,3,6,4,1,4,2,5,3,5,3,4,4,2,3,8,4,4,5,3,7,5,4,2,4,3,4,4,3,5,4,6,6,4,9,3,5,4,3,6,4,4,6,9,5,7,5,6,4,3,6,8,6,6,5,5,4,4,5,3,8,4,5,4,3,9,7,6,3,6,6,3,6,5,9,6,7,7,6,5,4,2,5,4,4,6,4,3,11,5,7,7,6,4,5,3,4,6,3,4,1,5,6,5,6,4,4,4,18,16,7,21,3,4,5,4,5,6,7,2,6,5,6,6,5,3,4,5,5,6,5,7,4,9,6,8,9,7,7,8,6,6,9,10,6,4,3,3,4,5,5,4,5,5,4,6,3,6,6,4,7,5,8,5,6,7,6,4,7,4,6,6,3,7,8,4,7,5,2,5,6,4,6,5,5,7,5,6,6,7,5,6,5,5,6,6,3,9,5,3,5,3,4,4,4,5,5,3,6,6,7,7,6,4,5,5,5,4,5,6,7,8,6,6,6,4,5,6,8,10,7,6,3,3,5,5,6,5,3,5,8,9,4,5,5,3,4,6,4,4,9,5,5,7,6,9,4,7,3,5,9,6,5,9,5,8,7,4,5,8,7,7,6,6,3,6,5,7,4,9,4,7,7,6,1,4,5,4,7,4,4,8,3,5,3,5,4,4,3,7,7,6,8,8,5,5,8,4,4,6,1,3,5,4,3,6,1,4,4,4,3,5,6,3,4,2,6,4,4,3,4,3,4,5
PROPN + NOUN + NOUN,2,4,2,3,3,1,1,3,4,2,3,5,3,4,2,4,2,5,2,5,4,4,4,5,0,4,4,4,3,2,4,3,3,2,2,4,4,5,3,3,2,6,4,4,2,3,6,3,4,5,3,3,4,3,3,5,2,4,5,4,6,5,3,4,5,4,4,3,2,5,4,4,4,1,3,4,3,4,2,4,2,4,5,6,2,5,3,4,6,5,3,3,4,3,3,5,4,4,3,3,4,6,4,4,3,3,2,3,4,6,4,5,5,5,3,5,5,3,5,4,3,6,4,5,5,6,5,3,4,4,4,4,5,5,3,4,5,3,3,4,2,4,4,1,5,5,4,3,3,6,2,5,3,5,3,8,4,2,5,4,5,5,5,5,6,6,4,8,7,7,6,5,7,5,3,2,2,3,3,6,4,5,3,6,5,6,6,6,5,4,3,7,6,7,4,10,3,6,4,7,6,5,5,6,5,3,1,5,4,10,4,2,6,5,3,6,6,3,1,6,3,6,4,3,4,5,3,5,5,17,15,4,18,4,5,4,3,4,7,10,5,7,4,3,7,4,4,5,4,8,3,4,4,3,6,5,7,8,6,4,7,5,7,8,7,3,3,4,4,5,2,4,5,4,2,5,3,4,7,3,3,2,6,7,4,5,2,5,5,4,5,3,3,2,4,5,5,6,4,5,4,9,5,7,4,2,6,6,5,3,4,2,7,6,6,7,7,6,8,4,6,8,6,5,7,7,6,6,6,7,7,4,8,5,5,8,4,6,5,6,7,6,5,3,7,5,7,4,9,9,7,8,5,8,6,6,6,5,6,4,2,3,6,3,6,6,8,7,5,5,3,6,6,2,4,5,6,7,6,6,6,8,9,6,10,6,9,4,7,6,5,6,6,5,7,6,7,8,8,5,8,3,8,4,3,6,3,6,5,6,3,5,3,4,2,2,2,3,5,4,4,4,5,5,5,8,4,9,3,3,3,6,4,2,5,4,5,6,3,3,3,6,8,5,4,3,5,1,3,3,6,3,6,5,4
VERB + CCONJ + NOUN,2,2,4,3,3,3,3,5,4,2,1,3,3,4,4,4,4,3,4,3,4,2,4,3,4,0,4,4,3,4,2,3,3,2,2,4,2,3,5,3,4,2,4,4,4,3,6,3,4,5,5,3,4,5,3,3,4,4,3,4,6,3,3,4,3,4,4,5,4,5,4,6,4,3,5,4,3,4,4,4,4,2,3,4,2,5,3,4,4,5,5,5,2,5,3,5,6,4,5,5,6,4,6,4,3,3,4,3,2,4,4,5,3,5,3,5,5,3,5,4,5,4,4,5,3,4,3,3,4,4,4,4,3,5,5,4,7,3,3,4,4,4,4,5,3,5,4,5,3,4,6,5,3,5,5,8,4,4,3,4,5,3,5,5,8,4,6,6,5,5,4,5,7,3,3,4,4,3,5,6,4,7,3,6,5,4,8,8,3,4,5,7,4,5,4,10,5,6,8,9,4,5,3,6,5,3,5,3,4,10,4,6,6,7,5,6,4,5,5,4,5,4,4,5,6,7,5,3,1,17,15,6,20,4,3,6,3,4,7,8,3,7,4,5,7,6,6,5,4,6,5,6,6,5,6,5,7,10,6,6,7,5,5,8,7,5,5,4,4,5,4,4,5,2,4,3,5,4,5,5,3,4,8,7,4,5,4,5,5,6,5,5,5,4,6,7,5,6,6,3,4,7,3,7,6,4,8,8,7,5,4,4,5,6,4,5,7,4,8,4,4,6,4,5,5,5,8,6,6,7,7,6,8,5,3,6,4,4,5,4,7,8,7,5,7,5,7,6,9,9,9,8,7,6,6,6,6,5,6,2,4,7,8,3,4,6,6,5,5,5,3,6,6,4,6,5,8,5,6,6,6,8,7,6,10,6,9,6,5,4,7,6,6,7,5,4,7,6,8,3,8,3,8,6,3,4,5,8,5,4,3,5,7,4,4,4,4,5,5,2,6,6,7,7,7,6,4,7,5,3,5,4,2,4,5,4,5,4,5,3,1,4,6,7,4,5,3,5,1,3,4,3,6,3,4
NUM,2,2,2,3,3,3,3,3,2,4,3,3,3,4,4,4,4,5,4,3,2,4,2,3,4,4,0,6,1,4,4,1,3,4,4,4,4,3,5,3,4,4,2,2,4,5,4,3,6,1,5,5,2,5,5,3,4,4,3,4,4,5,5,4,3,4,4,5,4,3,4,4,4,5,5,4,3,4,4,4,4,4,1,4,4,3,5,4,4,5,5,5,4,5,5,3,4,4,5,5,6,4,6,4,5,5,4,3,4,4,4,5,5,5,3,3,5,5,5,4,3,4,4,5,5,4,5,3,6,4,6,2,5,5,5,4,7,5,5,4,4,6,4,5,3,5,4,5,3,4,6,5,5,5,1,10,2,2,5,4,5,3,5,3,8,6,8,6,7,5,6,5,9,7,5,4,4,5,5,2,4,5,3,4,5,4,8,8,5,2,5,5,4,7,6,10,7,8,8,9,6,5,3,6,3,3,5,5,4,10,6,6,8,5,3,4,4,5,5,6,5,4,2,5,6,5,3,5,5,17,17,6,20,2,5,4,5,4,5,10,3,7,6,7,7,4,4,5,6,6,5,4,6,5,8,5,9,10,8,8,9,7,7,10,9,5,3,4,4,3,4,4,5,2,2,5,5,4,7,5,5,6,8,9,6,7,6,7,3,6,1,5,5,4,4,7,5,6,4,3,6,5,3,7,4,4,8,6,5,3,6,4,7,6,6,7,7,4,10,2,4,6,4,3,5,5,6,6,6,5,7,6,6,7,5,8,4,6,3,6,7,8,7,5,7,5,5,2,9,9,9,6,7,6,6,4,6,5,8,4,6,7,6,3,6,4,6,5,5,5,3,6,6,6,6,7,10,5,6,6,4,8,7,6,10,4,7,8,5,4,7,8,4,5,7,4,7,6,8,5,10,3,6,6,5,4,3,6,5,8,3,5,7,2,4,4,4,5,3,2,6,6,7,7,7,6,6,9,5,5,5,4,4,4,5,4,5,4,5,5,5,4,6,5,4,5,3,5,5,5,4,5,6,5,6
NOUN + VERB + ADP + ADJ + NOUN,4,4,6,3,3,3,5,7,4,4,3,5,5,4,4,4,4,1,4,5,6,2,6,5,4,4,6,0,5,6,4,5,3,4,2,4,2,3,5,5,4,6,6,4,4,5,4,5,2,7,5,7,4,3,1,3,4,8,5,4,8,5,3,4,5,4,4,5,2,7,2,8,6,5,5,6,5,2,4,4,2,4,5,4,4,5,3,4,6,7,1,3,4,3,3,3,6,6,5,5,6,6,6,4,5,3,4,5,4,6,4,5,7,3,3,5,5,5,5,4,5,2,4,5,3,6,3,5,2,2,4,6,5,5,5,4,7,5,3,4,6,6,4,5,5,7,6,5,3,6,6,7,5,7,7,6,6,4,3,4,3,3,5,5,6,4,8,6,5,7,4,7,7,5,3,4,4,3,5,6,4,3,5,6,5,6,6,6,5,6,3,7,6,7,2,10,3,4,8,7,6,5,5,6,7,5,5,3,4,10,4,6,6,9,5,6,6,5,3,6,5,6,6,5,6,9,7,5,5,13,11,6,18,6,5,6,3,4,7,10,5,7,4,7,7,6,6,5,4,8,3,8,2,5,6,5,9,10,4,2,7,5,7,6,7,5,5,4,4,5,4,4,7,6,4,3,5,4,7,3,3,6,8,5,6,3,6,7,7,4,5,5,3,4,6,5,7,6,6,5,4,9,5,7,6,4,6,10,5,3,4,6,7,4,2,7,7,6,8,6,6,6,6,7,7,7,8,6,6,7,5,6,6,3,3,6,4,4,7,4,7,6,5,5,7,5,5,8,9,7,9,8,7,8,6,4,6,3,6,4,6,7,4,5,6,6,8,7,5,5,5,8,4,6,4,3,8,5,6,6,8,8,7,6,10,6,9,6,5,6,5,4,4,7,7,6,7,8,8,3,6,5,6,6,5,4,7,8,3,6,5,5,5,6,4,4,4,5,7,6,4,4,5,5,5,8,4,9,5,1,7,6,4,6,5,6,5,6,5,3,3,4,8,7,6,3,5,5,5,3,6,5,6,5,4
NUM + NOUN,1,3,3,2,2,2,2,4,3,3,2,4,4,3,3,3,3,4,3,4,3,3,3,4,3,3,1,5,0,3,3,2,2,3,3,3,3,4,4,2,3,5,3,3,3,4,5,2,5,2,4,4,1,4,4,4,3,5,4,3,5,4,4,3,4,3,3,4,3,4,3,5,5,4,4,5,2,3,3,5,3,3,2,5,3,4,4,3,5,4,4,4,3,4,4,4,5,5,4,4,5,5,5,3,4,4,3,4,3,5,3,4,6,4,2,4,4,4,4,3,4,5,3,4,4,5,4,2,5,3,5,3,4,4,4,3,6,4,4,3,3,5,3,4,4,6,5,4,2,5,5,6,4,6,2,9,3,1,4,3,4,2,4,4,7,5,7,7,6,6,5,4,8,6,4,3,3,4,4,3,3,4,2,3,4,5,7,7,4,1,4,6,5,6,5,9,6,7,7,8,5,6,4,7,4,2,4,4,3,9,5,5,7,6,4,5,5,4,4,5,4,5,1,4,5,6,4,4,4,16,16,5,19,3,4,5,4,3,6,9,4,8,5,6,8,5,5,4,5,7,4,5,5,4,7,4,8,9,7,7,8,6,6,9,8,4,4,3,3,4,3,3,6,1,1,4,4,3,6,4,4,5,7,8,5,6,5,6,4,5,2,4,4,3,3,6,6,5,5,4,5,6,2,6,5,3,7,7,4,4,5,3,6,5,5,6,6,3,9,3,5,7,5,4,6,6,7,5,5,6,6,5,7,6,4,7,3,5,2,5,6,7,6,4,6,4,6,3,8,8,8,7,6,7,5,5,5,4,7,3,5,6,5,2,5,5,7,6,4,4,2,5,5,5,5,6,9,6,5,5,5,7,8,5,11,3,6,7,6,5,6,7,3,4,6,5,6,7,9,4,9,2,7,5,4,5,4,7,4,7,2,6,6,3,3,3,3,4,4,3,5,5,6,6,6,7,5,8,4,4,4,5,3,3,4,5,4,5,4,4,4,5,7,6,5,4,4,4,4,4,5,4,5,4,5
PROPN + PROPN + NOUN,2,4,2,3,3,3,1,1,4,4,3,5,3,4,4,4,4,5,4,5,4,4,4,5,2,4,4,6,3,0,4,3,3,4,4,4,4,5,5,3,2,6,4,4,4,5,6,3,4,5,5,1,4,5,5,5,2,2,5,4,6,5,5,4,5,4,4,5,4,5,4,2,2,3,5,4,3,4,2,4,4,4,5,6,2,5,5,4,6,5,5,5,4,5,3,5,2,4,5,3,6,6,6,4,5,5,2,3,4,6,4,5,5,5,3,5,5,3,5,4,3,6,4,5,5,6,5,3,6,4,2,4,5,5,5,4,7,5,3,4,2,6,4,3,5,3,4,1,3,6,4,5,3,3,3,10,4,4,5,4,5,5,5,5,8,6,4,8,7,7,6,5,9,7,5,2,2,5,5,6,4,7,3,6,5,6,8,6,5,4,5,7,6,7,6,10,5,6,6,9,6,5,5,6,5,3,3,5,4,12,6,2,8,3,3,6,6,5,3,6,5,6,4,5,6,3,3,5,5,19,17,6,18,4,5,4,5,4,7,10,5,5,6,5,7,4,4,5,6,8,5,4,6,5,8,5,5,10,8,6,7,7,7,10,9,5,3,4,4,5,4,4,3,4,4,5,5,4,7,5,5,4,6,7,6,7,4,5,5,6,5,1,5,4,6,7,3,6,2,5,6,9,5,7,4,2,8,6,7,5,6,2,7,6,6,7,7,6,10,4,6,8,6,5,7,7,6,6,6,7,7,4,8,7,5,8,4,6,5,6,7,8,7,3,7,5,7,4,9,9,7,8,7,8,6,6,6,7,8,4,4,5,8,3,6,6,8,7,5,5,3,8,6,4,6,7,8,7,6,6,6,8,9,6,10,6,9,6,7,6,7,8,6,7,7,6,7,8,8,5,10,3,8,6,5,6,3,6,5,8,3,3,3,4,4,4,4,5,5,4,6,6,7,7,7,8,6,9,3,5,1,6,4,2,5,4,5,6,5,3,5,6,8,3,4,5,5,3,5,5,6,5,6,5,6
VERB + NOUN + VERB,2,2,4,3,1,3,3,5,4,4,1,3,3,4,4,2,2,3,4,1,4,2,4,3,4,2,4,4,3,4,0,3,3,2,2,2,2,3,3,3,4,2,4,4,4,5,6,3,4,5,5,5,4,5,3,3,2,6,3,4,6,3,3,4,3,2,2,5,4,5,4,6,4,5,3,4,3,2,4,4,4,2,3,4,2,5,1,2,4,5,5,5,2,5,3,5,6,2,3,5,6,2,6,4,5,5,4,3,2,2,2,3,3,5,3,5,5,3,3,2,5,4,4,5,3,4,3,3,4,2,4,4,1,3,3,2,7,3,3,4,4,6,4,3,3,5,4,3,3,4,4,5,5,7,5,8,4,4,3,2,5,3,3,5,8,4,6,4,3,3,4,5,7,5,5,4,4,3,3,6,4,7,3,6,3,4,8,8,5,4,5,7,4,5,4,8,5,6,8,7,4,5,3,6,5,3,5,3,4,10,4,6,6,7,5,6,2,5,5,4,5,4,4,5,4,7,5,3,3,15,15,6,18,4,3,6,1,4,7,6,3,7,4,5,5,6,6,3,4,6,5,6,6,3,8,5,9,8,6,6,7,5,3,8,9,5,5,4,2,5,4,4,3,4,4,3,5,2,3,5,3,6,6,7,6,5,6,3,5,6,5,5,5,4,6,7,5,6,6,3,4,5,3,5,6,4,6,8,5,5,6,4,5,4,4,5,7,4,8,4,2,6,4,5,5,5,8,4,4,7,5,6,8,5,3,6,4,4,5,4,7,6,7,5,5,5,7,6,7,7,9,8,7,6,4,4,4,5,6,2,4,7,8,3,4,6,6,3,5,3,3,8,4,4,6,5,8,5,6,4,6,8,5,4,10,4,7,4,3,6,7,6,6,7,5,4,5,4,6,3,8,3,6,6,5,4,5,8,3,4,3,5,7,4,4,4,4,3,5,4,6,6,7,7,7,6,4,7,3,3,5,4,2,4,3,4,5,4,3,3,3,4,6,7,4,3,3,5,3,3,4,3,4,3,4
NOUN + NUM,1,3,3,2,2,2,2,4,3,3,2,4,4,3,3,3,3,4,3,4,3,3,3,4,3,3,1,5,2,3,3,0,2,3,3,3,3,4,4,2,3,5,3,3,3,4,5,2,5,2,4,4,3,4,4,4,3,5,4,3,5,4,4,3,4,3,3,4,3,4,3,5,5,4,4,5,2,3,3,5,3,3,2,5,3,4,4,3,5,4,4,4,3,4,4,4,5,5,4,4,5,5,5,3,4,4,3,4,3,5,3,4,6,4,2,4,4,4,4,3,4,5,3,4,4,5,4,2,5,3,5,3,4,4,4,3,6,4,4,3,3,5,3,4,4,6,5,4,2,5,5,6,4,6,2,9,3,1,4,3,4,4,4,2,7,5,7,7,6,6,5,4,8,6,4,3,3,4,4,3,3,4,2,5,4,5,7,7,4,3,4,6,5,6,5,9,6,7,7,8,5,6,4,7,4,2,4,4,3,9,5,5,7,6,4,5,5,4,4,5,4,5,3,4,5,6,4,4,4,16,16,5,19,3,4,5,4,3,6,9,4,8,5,6,8,5,5,4,5,7,4,5,5,4,7,4,8,9,7,7,8,6,6,9,8,4,4,3,3,4,3,3,6,3,3,4,4,3,6,4,4,5,7,8,5,6,5,6,4,5,2,4,4,3,5,6,6,5,5,4,5,6,4,6,5,3,7,7,6,2,5,3,6,5,5,6,6,5,9,1,5,7,5,4,6,6,7,5,5,6,6,5,7,6,4,7,3,5,4,5,6,7,6,4,6,4,6,3,8,8,8,7,6,7,5,3,5,6,7,3,5,6,5,2,5,5,7,6,4,4,2,5,5,5,5,6,9,6,5,5,5,7,8,5,11,5,8,7,6,5,6,7,5,6,6,5,6,7,9,4,9,4,5,5,4,5,4,7,4,7,2,6,6,3,3,3,3,4,4,3,5,5,6,6,6,7,5,8,4,4,4,5,3,3,4,5,4,5,4,4,4,5,7,6,5,4,4,4,4,4,5,4,5,4,5
ADP + NOUN,1,3,3,2,2,2,2,4,3,3,2,4,4,3,3,3,3,2,3,4,3,3,3,4,3,3,3,3,2,3,3,2,0,3,3,3,1,4,4,2,3,5,3,1,3,4,3,2,3,4,4,4,1,2,2,2,3,5,4,1,5,4,2,3,4,3,3,4,1,4,1,5,5,4,4,5,2,3,3,3,3,3,4,3,3,4,4,3,5,4,2,2,3,4,4,2,3,5,2,4,3,5,5,3,4,4,3,4,3,5,3,4,6,2,2,4,4,4,4,3,2,3,3,4,2,5,4,2,3,3,3,3,4,4,4,3,6,4,2,3,3,5,3,4,4,6,5,4,2,5,5,6,4,6,4,7,5,3,2,3,4,2,4,4,5,3,7,5,4,6,3,4,6,4,4,3,1,4,4,5,3,4,2,5,4,5,5,5,4,3,2,4,5,6,3,9,6,5,7,6,5,6,4,5,4,2,4,4,1,11,3,5,5,6,4,5,5,4,2,5,4,5,3,4,5,6,4,4,4,16,14,5,19,3,4,3,4,3,6,9,4,6,3,6,8,5,5,4,5,7,2,5,3,4,5,4,8,9,5,5,8,4,6,7,6,4,4,3,3,2,3,3,6,3,3,2,4,3,6,4,4,5,7,8,5,6,5,6,4,3,4,4,4,3,5,4,6,5,5,4,3,8,4,6,5,1,7,7,6,2,3,3,6,5,3,6,6,5,7,3,5,5,5,4,6,6,7,5,5,6,6,5,5,4,2,5,1,5,4,3,6,5,6,4,6,2,4,5,8,8,8,5,6,7,5,5,5,4,5,3,5,6,5,2,5,5,7,6,4,4,2,7,5,5,5,4,9,4,5,5,5,5,6,5,9,5,8,5,6,5,4,5,3,4,4,5,6,7,7,2,7,4,7,5,4,5,4,7,4,7,2,4,4,3,3,3,3,4,4,3,3,3,4,4,4,7,5,8,4,4,4,5,3,3,4,5,2,5,4,4,4,5,7,4,5,2,4,4,4,4,5,4,5,4,5
VERB + NOUN + NOUN,2,2,4,3,3,1,3,5,4,2,1,3,3,4,2,4,2,3,2,3,4,2,4,3,2,2,4,4,3,4,2,3,3,0,2,4,2,3,3,3,4,4,4,4,2,3,6,3,4,5,3,5,4,3,3,3,4,6,3,4,6,5,1,4,3,4,4,3,2,5,4,6,4,3,3,4,3,4,4,4,2,2,3,4,2,5,3,4,4,5,3,3,2,3,3,5,6,4,3,5,4,4,4,4,3,3,2,3,2,4,4,5,5,5,3,5,5,3,5,4,5,4,4,5,3,4,3,3,4,4,4,4,3,5,3,4,5,3,3,4,4,4,4,3,3,5,4,5,3,4,4,5,5,7,5,8,4,2,3,4,5,3,5,5,6,4,4,6,5,5,4,5,5,3,3,4,4,3,3,6,4,5,3,6,5,4,6,6,5,4,3,7,4,5,4,10,5,6,6,7,4,5,3,6,5,3,3,3,4,10,2,4,4,7,5,6,4,3,3,4,3,4,4,3,4,7,5,3,3,15,15,4,18,4,3,6,1,4,7,8,3,7,4,3,7,6,6,5,4,6,3,6,4,3,6,5,9,8,4,6,7,3,5,6,7,3,5,4,4,5,2,4,5,4,2,3,3,4,5,3,1,4,6,7,4,5,4,3,5,4,5,5,3,2,4,5,5,6,6,3,2,7,3,7,6,4,6,8,5,3,4,4,5,6,4,5,7,4,6,4,4,6,4,5,5,5,8,6,6,7,7,6,8,5,3,6,4,4,5,4,7,6,5,5,7,5,7,6,9,9,7,8,5,6,6,6,6,3,4,2,2,5,6,3,4,6,6,5,5,5,3,6,6,2,4,5,8,5,6,6,6,8,7,6,10,6,9,4,5,6,5,6,6,5,5,4,7,6,8,3,6,3,8,4,3,4,5,8,5,4,3,5,5,4,2,2,2,3,5,4,4,4,5,5,5,6,4,7,5,3,5,4,2,4,5,4,5,4,3,3,3,4,6,7,4,3,3,3,1,3,4,1,6,3,2
NOUN + VERB + NOUN,2,2,4,3,1,1,3,5,4,2,1,3,3,4,2,2,2,3,2,3,4,2,4,3,2,2,4,2,3,4,2,3,3,2,0,2,2,3,3,3,4,4,4,4,2,3,6,3,4,5,3,5,4,3,1,3,2,6,3,4,6,3,3,4,3,2,2,3,2,5,4,6,4,3,3,4,3,2,4,4,2,2,3,4,2,5,1,2,4,5,3,3,2,3,3,5,6,4,3,5,4,4,4,4,3,3,2,3,2,4,2,3,5,5,3,5,5,3,3,2,5,4,4,5,3,4,3,3,2,2,4,4,3,3,3,2,5,3,3,4,4,4,4,3,3,5,4,3,3,4,4,5,5,7,5,6,4,2,3,2,5,3,3,5,6,4,6,6,5,5,4,5,7,5,3,4,4,1,3,6,4,5,3,6,3,4,6,6,5,4,3,7,4,5,2,8,3,6,6,7,4,5,3,6,5,3,3,3,4,10,4,4,6,7,5,6,4,3,3,4,3,4,4,3,4,7,5,3,3,15,13,4,18,4,3,6,1,4,7,8,3,7,2,5,7,6,6,3,2,6,3,6,4,3,6,5,9,8,4,4,7,5,5,8,7,3,5,4,2,5,2,4,5,4,2,3,3,2,5,3,3,4,6,5,4,3,4,5,5,4,5,5,3,2,4,5,5,6,6,3,4,7,3,5,6,4,6,8,5,3,4,4,5,4,4,5,7,4,8,4,4,6,4,5,5,5,8,4,4,7,5,6,8,3,3,6,4,4,5,4,7,6,5,5,5,5,7,6,7,7,7,8,5,6,4,4,4,5,6,2,4,5,6,3,4,6,6,5,5,3,3,6,4,4,4,3,6,5,6,4,6,8,7,4,10,4,7,6,5,6,5,4,6,5,5,4,5,6,8,3,6,3,6,4,3,4,5,8,3,4,3,5,5,4,2,2,2,3,5,4,4,4,5,5,5,6,2,7,3,1,5,4,2,4,3,4,5,4,3,1,1,4,6,7,4,3,3,3,3,1,4,3,4,3,4
NOUN + VERB + ADV,2,2,4,3,1,3,3,5,4,4,3,3,3,4,4,2,2,5,4,3,4,4,2,1,4,4,4,4,3,4,2,3,3,4,2,0,4,3,3,3,4,4,4,4,2,5,6,1,6,5,5,5,4,5,3,3,2,6,3,4,6,3,5,4,3,2,2,5,4,3,4,6,4,5,3,2,3,2,4,4,4,4,3,4,4,3,3,2,4,5,5,5,4,5,5,5,6,4,3,5,6,4,6,4,5,5,4,3,2,2,2,3,5,5,3,5,5,5,3,2,5,4,4,5,5,2,5,3,4,2,6,4,3,3,1,2,7,3,5,4,2,6,4,3,3,5,4,3,3,4,4,5,5,7,5,8,4,4,5,2,5,5,3,5,8,6,8,6,5,5,4,5,9,7,5,4,4,3,3,6,2,7,3,6,3,4,8,8,5,2,5,7,4,7,4,8,5,8,6,5,6,5,3,6,5,3,5,5,4,10,6,6,8,7,5,6,4,5,5,4,3,2,4,5,4,7,5,5,5,17,15,6,20,4,5,6,3,4,7,6,3,7,4,7,7,6,4,3,4,6,5,6,6,3,8,5,9,8,6,6,9,7,5,10,9,5,5,2,2,5,4,4,5,4,4,5,5,2,5,5,5,6,4,7,6,5,6,5,5,6,5,5,5,4,6,7,5,6,6,3,6,7,5,5,6,4,6,6,5,5,6,4,7,4,6,7,5,4,10,4,4,6,4,5,5,5,6,4,2,7,5,6,8,5,5,6,4,6,3,6,7,6,7,5,5,5,5,6,5,7,9,8,5,4,2,4,4,7,6,4,6,7,8,3,6,6,4,5,5,3,3,8,4,6,6,5,8,5,6,2,6,8,7,4,10,4,7,6,5,6,7,6,6,7,7,4,5,6,8,5,8,5,6,6,5,2,5,6,3,6,3,5,7,4,4,2,4,3,5,4,6,6,5,7,7,6,4,9,3,3,5,2,4,4,3,4,5,2,3,3,3,4,6,7,4,3,3,5,5,3,4,5,2,5,6
VERB + ADP + NOUN,2,2,4,3,3,3,3,5,4,4,1,3,3,4,4,4,4,1,4,3,4,2,4,3,4,2,4,2,3,4,2,3,1,2,2,4,0,3,5,3,4,4,4,2,4,5,4,3,2,5,5,5,2,3,1,1,4,6,3,2,6,5,1,4,3,4,4,5,2,5,2,6,4,5,5,4,3,4,4,2,4,2,3,2,2,5,3,4,4,5,3,3,2,5,3,3,4,4,3,5,4,4,6,4,5,5,4,3,2,4,4,5,5,3,3,5,5,3,5,4,3,2,4,5,3,4,3,3,2,2,2,4,3,5,5,4,7,5,1,4,4,6,4,5,3,5,4,5,3,4,6,5,5,7,5,6,4,4,1,4,5,1,5,5,6,2,6,4,3,5,2,5,5,3,5,4,2,3,5,6,4,5,3,6,5,4,6,6,5,4,3,5,4,5,2,10,5,4,8,7,4,5,3,4,5,3,5,3,2,12,2,6,4,7,5,6,4,5,3,4,5,4,4,5,6,7,5,3,3,15,13,6,18,4,3,4,3,4,7,8,3,5,4,5,7,6,6,5,4,6,3,6,4,5,6,5,9,10,4,4,7,3,5,6,7,5,5,4,4,3,4,4,5,4,4,1,5,4,5,5,3,6,8,7,6,5,6,5,5,4,5,5,5,4,6,5,5,6,6,3,2,7,3,7,6,2,6,8,7,3,4,4,5,4,2,5,7,4,6,4,4,4,4,5,5,5,8,6,6,7,5,6,6,3,1,4,2,4,5,2,7,6,7,5,7,3,5,6,9,9,9,6,7,6,6,4,6,3,4,2,4,7,6,3,4,6,6,5,5,5,3,8,4,4,6,3,8,3,6,6,6,6,5,6,8,6,9,4,5,6,5,4,4,5,5,4,7,6,6,1,6,3,6,6,5,4,5,8,3,6,3,3,5,4,4,4,4,5,5,4,4,4,5,5,5,6,4,7,5,3,5,4,2,4,5,4,3,4,5,3,3,4,6,5,4,3,3,5,3,3,4,3,6,3,4
VERB + ADJ,3,1,3,2,2,4,4,4,1,5,2,2,2,3,3,3,3,2,5,2,3,1,3,2,5,3,3,3,4,5,3,4,4,3,3,3,3,0,4,4,3,3,3,3,5,6,3,4,3,4,4,6,5,6,4,2,3,5,2,5,5,4,4,3,2,3,3,4,5,4,3,5,3,6,4,3,4,1,3,3,3,3,2,3,3,2,4,3,3,6,4,4,3,4,2,2,5,3,4,4,5,3,5,3,6,4,5,2,3,3,3,4,4,4,4,2,4,4,4,3,4,1,3,4,2,3,2,4,5,3,5,3,4,4,4,3,6,4,4,5,5,5,3,4,2,4,3,4,2,3,5,4,4,4,4,9,3,5,4,3,4,4,4,4,9,5,7,5,6,4,5,6,8,6,4,3,5,4,4,3,5,6,4,5,4,3,9,9,4,5,4,6,3,6,5,9,4,5,9,8,5,2,2,5,4,4,6,2,5,11,5,7,7,6,2,3,3,4,6,5,6,3,5,4,5,6,4,4,4,16,14,5,19,3,4,5,4,3,4,9,2,6,5,6,4,3,3,4,5,5,6,5,5,4,9,4,8,9,7,5,6,6,6,7,8,6,2,3,3,2,5,3,4,5,5,4,6,3,6,4,2,7,7,6,5,4,7,6,4,7,2,4,4,5,7,8,4,5,3,2,5,6,4,6,3,5,7,7,4,6,7,5,6,5,3,6,6,5,9,5,3,5,3,4,4,4,5,5,5,4,6,5,5,6,4,7,3,3,6,5,6,7,6,4,6,4,4,5,8,6,8,7,8,5,5,5,5,4,7,3,5,8,7,4,5,3,5,4,4,4,4,9,5,5,5,6,9,4,7,5,5,9,6,5,9,5,8,7,2,3,6,7,5,6,6,3,6,5,7,4,9,4,7,7,4,1,4,5,4,7,4,4,8,3,5,5,5,4,4,3,5,7,8,8,8,5,5,8,4,2,6,3,3,5,4,3,4,3,4,4,4,1,5,6,3,4,2,4,4,4,3,4,5,4,3
NOUN + NOUN + NOUN + VERB,3,3,5,4,2,2,4,6,5,3,4,4,4,5,3,3,1,6,1,4,5,5,5,4,3,5,5,5,4,5,3,4,4,3,3,3,5,4,0,4,5,5,5,5,3,2,7,4,7,6,4,6,5,2,4,4,3,7,4,5,7,4,4,5,4,3,3,2,3,6,5,7,5,4,2,5,4,3,5,5,3,5,4,5,5,6,2,3,5,6,4,4,5,2,6,6,7,5,2,6,3,5,5,5,2,4,3,4,5,5,3,4,6,6,4,6,6,6,4,3,6,5,5,6,6,5,6,4,5,3,7,5,4,4,2,3,6,2,6,5,5,3,5,2,4,6,5,4,4,5,1,6,6,8,6,9,5,3,6,3,6,6,4,6,5,7,7,7,6,6,7,6,6,6,4,5,5,4,2,7,5,6,4,7,4,5,7,7,6,5,4,8,5,8,5,9,6,9,5,6,7,6,4,7,6,4,2,6,5,9,3,5,7,8,6,7,5,4,4,7,4,5,5,4,3,8,6,6,6,16,12,5,17,5,6,7,4,5,8,9,4,8,3,6,8,7,7,4,3,7,4,7,5,2,5,6,10,7,5,7,10,6,6,9,6,2,6,5,3,6,3,5,6,5,3,6,2,3,6,2,4,3,5,8,5,4,3,4,6,3,6,6,4,3,3,4,6,7,7,4,3,8,6,6,7,5,5,9,4,4,3,5,8,5,7,8,8,7,9,5,5,7,5,6,6,6,9,5,5,8,6,7,9,6,6,9,5,7,6,7,8,5,6,6,6,6,8,7,8,8,8,9,6,7,5,5,5,6,7,5,5,4,7,4,7,7,7,6,6,4,4,5,5,5,3,6,9,6,7,5,7,9,8,5,11,5,8,5,6,7,4,7,7,6,8,5,6,7,9,6,7,6,7,5,4,5,6,9,4,7,4,6,6,5,3,3,3,2,6,5,3,5,6,4,6,7,5,10,4,4,6,5,5,5,4,5,6,5,2,4,4,5,7,8,5,2,4,4,4,4,5,4,5,6,5
DET + NOUN,1,3,3,2,2,2,2,4,3,3,2,4,4,3,3,3,3,4,3,4,3,3,3,4,3,3,3,5,2,3,3,2,2,3,3,3,3,4,4,0,3,5,3,3,3,4,3,2,5,4,4,4,3,4,4,4,3,5,4,1,5,4,4,1,4,3,3,4,3,4,3,5,5,4,4,5,2,3,3,5,3,1,4,5,3,4,4,3,5,2,4,4,3,4,4,4,5,5,4,4,5,5,5,3,4,4,3,4,3,5,3,4,6,2,2,4,2,2,4,1,4,5,3,4,4,5,4,2,3,3,5,3,4,2,4,3,6,4,4,3,3,5,3,4,4,6,5,4,2,5,5,6,4,6,4,7,5,3,4,3,4,4,4,4,5,3,5,7,4,6,3,4,8,4,4,3,3,2,4,3,3,6,2,5,2,5,5,7,4,3,4,6,5,6,5,7,4,5,7,6,5,6,4,7,4,2,4,2,3,11,5,5,5,6,4,5,5,4,4,5,2,5,3,4,5,6,4,2,4,16,14,3,19,3,2,5,4,3,6,7,4,8,5,4,8,5,5,4,5,7,2,5,3,4,5,2,8,9,5,5,6,4,6,7,6,4,4,3,3,4,1,3,6,3,3,4,4,3,6,4,4,5,7,6,5,6,5,6,4,5,4,4,4,3,5,4,6,5,5,4,5,8,4,6,5,3,5,7,4,4,5,3,6,3,3,4,4,5,7,3,5,7,5,4,6,6,7,3,3,6,6,5,5,4,4,7,3,5,4,5,4,5,4,2,4,2,6,5,6,6,6,7,6,7,5,3,3,6,7,3,5,6,5,2,3,5,7,6,2,2,2,7,3,3,3,4,7,6,3,5,5,5,8,5,11,3,6,7,6,5,6,7,3,6,4,5,6,7,9,2,7,4,7,3,4,5,4,7,4,7,2,6,4,3,3,3,3,4,4,3,5,3,4,4,4,7,5,8,4,4,4,5,3,3,4,5,2,5,4,4,4,5,7,6,5,4,2,4,4,2,5,4,5,2,3
PROPN + ADJ + NOUN,2,4,2,1,3,3,1,3,2,4,3,5,3,2,2,2,4,3,4,5,4,2,4,5,2,4,4,4,3,2,4,3,3,4,4,4,4,3,5,3,0,6,4,4,4,5,4,3,2,5,3,3,4,5,5,5,2,4,3,4,6,5,5,2,5,4,4,3,4,5,2,4,4,3,3,4,3,4,2,4,2,4,5,6,2,3,5,4,4,5,3,3,2,3,1,3,4,4,5,1,4,6,4,2,5,3,2,3,4,6,4,3,5,3,3,3,3,3,5,4,3,4,2,3,3,6,3,3,6,4,4,4,5,5,5,4,5,5,3,4,2,4,2,3,5,5,4,3,3,6,4,3,1,5,3,10,4,4,5,4,5,5,5,3,8,6,6,8,7,7,6,5,9,7,3,2,2,5,5,4,4,5,3,4,5,6,8,6,3,4,3,7,6,7,6,10,3,4,6,7,6,3,5,6,5,3,3,3,4,10,6,4,8,5,1,4,4,3,3,6,5,6,4,3,4,5,3,5,5,17,15,4,18,4,5,4,5,2,5,10,5,7,6,5,5,2,2,5,6,8,5,4,4,5,8,3,7,8,6,4,5,7,7,8,7,5,3,2,4,3,4,4,5,4,4,5,5,4,7,3,3,4,6,5,4,5,4,5,5,6,3,1,3,4,6,7,5,4,2,5,6,9,5,5,4,2,8,6,7,5,6,2,7,4,4,7,5,6,10,4,6,8,6,5,7,5,6,6,4,5,7,2,6,7,5,8,2,4,5,6,5,8,5,1,5,3,5,4,9,9,7,8,7,8,6,6,6,5,8,4,4,5,6,3,6,4,8,7,5,5,3,8,6,4,4,7,6,7,6,6,6,8,9,6,10,6,9,6,5,4,5,8,4,5,5,6,7,8,8,5,10,3,8,6,3,4,3,4,5,8,3,5,5,4,4,4,4,5,5,4,4,6,7,7,7,8,6,9,1,3,3,4,4,2,5,2,5,6,5,3,5,4,8,5,4,5,5,3,5,5,4,5,4,5,4
VERB + CCONJ + VERB,4,2,4,5,3,5,5,5,4,4,3,3,3,6,6,4,4,5,6,1,4,4,4,3,6,2,4,6,5,6,2,5,5,4,4,4,4,3,5,5,6,0,4,4,6,5,6,5,6,5,7,5,6,7,5,3,4,4,3,6,6,1,5,6,3,2,4,7,6,5,6,6,4,5,5,4,5,4,6,4,6,4,3,4,4,5,3,2,4,7,7,7,4,7,5,5,6,2,5,7,8,2,8,6,5,5,6,3,4,2,4,5,1,7,5,5,7,5,5,4,5,4,6,7,5,4,5,5,6,4,6,4,1,5,5,4,9,3,5,6,6,6,6,5,3,3,4,5,5,4,6,3,5,5,5,10,4,6,3,4,7,5,3,7,10,6,8,4,5,3,6,7,9,5,5,6,6,5,5,6,6,9,5,8,5,4,10,10,5,6,7,7,4,7,6,8,7,8,10,9,6,5,3,6,5,5,7,5,6,10,6,8,6,7,5,6,2,7,7,4,7,4,6,7,6,7,5,5,1,17,15,8,20,4,5,6,3,6,7,8,1,7,6,7,5,6,6,3,6,6,7,6,8,3,8,7,9,8,8,8,9,5,5,10,9,7,5,6,4,5,6,6,3,4,6,5,7,4,5,7,5,6,6,9,6,7,6,5,5,8,5,7,7,6,8,9,5,8,6,3,6,5,5,7,6,6,8,8,7,7,6,6,5,6,6,7,9,6,10,6,2,6,4,5,5,5,8,6,6,7,7,8,8,7,5,8,6,6,7,6,9,8,9,7,7,7,7,6,7,7,11,8,9,6,6,6,6,7,8,4,6,9,10,5,6,6,6,3,7,5,5,8,6,6,8,7,10,5,8,6,6,10,5,6,10,6,7,6,3,4,9,6,8,9,7,4,5,4,6,5,10,5,8,8,5,4,5,8,5,4,5,5,9,4,6,6,6,3,5,2,8,8,9,9,9,6,6,7,5,5,7,4,4,6,5,4,7,4,5,5,3,4,6,7,2,5,3,7,3,5,2,3,4,5,6
INTJ,2,2,2,3,3,3,3,3,2,4,3,3,3,4,4,4,4,5,4,3,2,4,2,3,4,4,2,6,3,4,4,3,3,4,4,4,4,3,5,3,4,4,0,2,4,5,4,3,6,3,5,5,4,5,5,3,4,4,3,4,4,5,5,4,3,4,4,5,4,3,4,4,4,5,5,4,3,4,4,4,4,4,3,4,4,3,5,4,4,5,5,5,4,5,5,3,4,4,5,5,6,4,6,4,5,5,4,3,4,4,4,5,5,5,3,3,5,5,5,4,3,4,4,5,5,4,5,3,6,4,6,2,5,3,5,2,7,5,5,4,4,6,4,5,3,5,4,5,3,4,6,5,5,5,3,10,4,4,5,4,5,5,5,5,8,6,8,6,7,3,6,5,9,7,5,4,4,5,5,4,4,7,3,6,5,4,8,8,5,4,5,5,4,7,6,10,7,8,8,9,6,5,1,6,3,1,5,5,4,12,6,6,8,5,3,4,4,5,5,6,5,4,4,5,6,5,3,5,5,19,17,6,22,2,5,4,5,4,5,10,3,7,6,7,7,4,4,5,6,6,5,4,6,5,8,5,9,10,8,8,9,7,7,10,9,5,3,4,2,3,4,4,5,4,4,5,5,4,7,5,5,6,8,9,6,7,6,7,3,6,3,5,5,4,6,7,5,6,4,3,6,7,5,7,4,4,8,6,7,5,6,4,7,6,6,7,7,6,10,4,4,6,4,3,5,5,6,6,6,3,7,6,6,7,5,8,4,6,5,6,7,8,7,5,7,5,5,4,9,9,9,6,7,6,6,6,6,7,8,4,6,7,8,3,6,4,6,5,5,5,1,8,6,6,6,7,10,5,6,6,4,8,7,6,10,6,9,8,5,4,7,8,6,7,7,4,7,6,8,5,10,5,8,6,5,4,1,6,5,8,3,5,7,2,4,4,4,5,1,2,6,4,7,7,7,6,6,9,5,5,5,4,4,2,5,4,5,2,5,5,5,4,4,5,4,5,3,5,5,5,4,5,6,5,6
ADP,2,2,2,3,3,3,3,3,2,4,3,3,3,4,4,4,4,3,4,3,2,4,2,3,4,4,2,4,3,4,4,3,1,4,4,4,2,3,5,3,4,4,2,0,4,5,2,3,4,3,5,5,2,3,3,1,4,4,3,2,4,5,3,4,3,4,4,5,2,3,2,4,4,5,5,4,3,4,4,2,4,4,3,2,4,3,5,4,4,5,3,3,4,5,5,1,2,4,3,5,4,4,6,4,5,5,4,3,4,4,4,5,5,3,1,3,5,5,5,4,1,2,4,5,3,4,5,3,4,2,4,2,5,5,5,4,7,5,3,2,4,6,4,5,3,5,4,5,3,4,6,5,5,5,3,8,4,4,3,4,3,3,5,5,6,4,8,4,5,5,4,5,7,5,5,4,2,5,5,4,2,5,3,6,5,4,6,6,5,4,3,3,4,7,4,10,7,6,8,7,6,5,3,4,3,3,5,5,2,12,4,6,6,5,3,4,4,5,3,6,5,4,4,5,6,5,3,5,5,17,15,6,20,2,5,2,5,4,5,8,3,5,4,7,7,4,4,5,6,6,3,4,4,5,6,3,9,10,6,6,7,5,7,8,7,5,3,4,4,1,4,4,5,4,4,3,5,4,7,5,5,6,8,9,6,7,6,7,3,4,3,5,5,4,6,5,5,4,4,3,4,7,5,7,4,2,6,6,7,3,4,4,7,4,4,7,7,6,8,4,4,4,4,3,5,5,6,6,6,5,5,6,4,5,3,6,2,6,5,4,7,6,7,5,7,3,3,4,9,7,9,4,5,6,6,4,6,5,6,4,6,7,6,3,6,4,6,5,5,5,3,8,4,6,6,5,10,3,4,6,4,6,5,6,8,6,9,6,5,4,5,6,4,5,5,4,7,6,6,3,8,5,6,6,5,4,3,6,3,8,3,3,5,2,4,4,2,5,3,2,4,4,5,5,5,6,6,9,5,5,5,4,4,4,5,4,3,4,5,5,5,4,6,3,4,3,3,5,5,5,4,5,6,5,6
NOUN + NOUN + ADV,2,4,4,3,3,1,3,5,4,2,3,5,5,4,2,4,2,5,2,5,4,4,2,3,2,4,4,4,3,4,4,3,3,2,2,2,4,5,3,3,4,6,4,4,0,3,6,1,6,5,3,5,4,3,3,5,4,6,5,4,6,5,3,4,3,4,2,3,2,3,4,6,6,3,3,4,3,4,4,6,2,4,5,6,4,3,3,4,6,5,3,3,4,3,5,5,6,6,3,5,4,6,4,4,3,3,2,5,2,4,4,5,7,5,3,5,5,5,3,4,5,6,4,5,5,4,5,3,4,4,6,4,5,5,1,4,5,3,5,4,2,4,4,3,5,7,4,5,3,6,4,7,5,7,5,8,6,2,5,4,5,5,5,5,6,6,6,8,7,7,6,5,7,5,3,4,4,3,3,6,2,5,3,6,5,6,6,6,5,2,3,7,6,7,4,10,5,8,4,5,6,5,5,8,5,3,3,5,4,10,4,4,6,7,5,6,6,3,3,6,1,4,4,3,4,7,5,5,5,17,15,4,20,4,5,6,3,4,7,8,5,9,4,5,9,6,4,5,4,8,3,6,4,3,6,5,9,8,6,6,9,5,7,8,7,3,5,2,4,5,2,4,7,4,2,5,3,4,7,3,3,4,4,7,4,5,4,5,5,4,5,5,3,2,4,5,7,6,6,5,4,9,5,5,6,4,6,6,5,3,4,4,7,6,6,7,5,4,8,4,6,6,4,5,7,7,6,6,4,7,7,6,8,5,5,6,4,6,3,6,7,4,5,5,7,5,5,6,7,9,7,8,3,6,4,6,4,5,6,4,4,5,6,3,6,6,6,7,5,3,3,6,4,4,4,5,8,7,6,4,6,8,9,6,12,6,9,6,7,6,5,6,6,5,7,6,7,8,10,5,8,5,8,4,3,4,5,6,3,6,3,7,5,4,2,2,2,3,5,4,4,4,3,5,5,8,4,9,5,3,5,4,4,4,5,6,5,4,3,3,3,6,8,7,6,3,5,3,3,3,6,3,4,5,4
NOUN + NOUN + CCONJ + NOUN,3,5,5,4,4,2,4,6,5,1,4,6,6,5,3,5,3,6,1,6,5,5,5,6,3,3,5,5,4,5,5,4,4,3,3,5,5,6,2,4,5,5,5,5,3,0,7,4,7,6,4,4,5,2,4,6,5,5,6,5,7,4,4,5,6,3,5,2,3,6,5,7,7,4,4,7,4,5,5,7,3,5,6,7,5,6,4,5,7,6,4,4,5,2,6,6,7,7,4,6,3,7,5,5,2,2,3,6,5,7,5,6,6,6,4,6,6,6,6,5,6,7,5,6,6,7,6,4,5,5,7,5,4,6,4,5,6,2,6,5,5,3,5,4,6,6,7,6,4,7,3,6,4,6,6,9,7,3,6,5,6,6,6,6,5,7,7,9,8,8,7,6,6,4,2,5,5,4,4,7,5,6,4,7,6,7,7,7,4,5,4,8,7,8,5,11,6,9,5,8,7,8,6,9,6,4,2,6,5,9,3,5,7,8,6,7,7,4,4,7,4,7,5,4,5,8,6,6,4,16,12,5,19,5,6,7,4,5,8,11,4,10,3,6,10,7,7,6,3,9,4,7,5,4,3,6,8,7,5,7,10,6,8,9,6,2,6,5,5,6,3,5,8,3,3,6,2,5,8,2,4,1,5,8,5,4,1,6,6,3,6,6,4,3,3,4,8,7,7,6,3,10,6,8,7,5,7,9,6,4,1,5,6,7,7,8,8,7,9,5,7,9,7,6,8,8,9,7,7,8,8,7,9,6,6,9,5,7,6,7,8,7,6,6,8,6,8,7,10,10,8,9,6,9,7,7,7,6,7,5,5,4,7,4,7,7,9,8,6,6,4,3,7,5,3,6,9,8,7,7,7,9,10,7,13,7,10,7,8,5,4,7,7,6,8,7,8,9,9,6,7,6,9,5,4,7,6,9,6,5,4,8,6,5,3,3,3,2,6,3,3,5,6,4,6,9,5,10,6,4,6,7,5,5,6,7,6,7,4,4,2,7,9,8,5,4,6,4,2,4,5,4,7,6,5
ADP + DET + ADJ,4,4,4,3,5,5,5,5,2,6,5,5,5,4,4,4,6,3,6,5,4,4,4,5,6,6,4,4,5,6,6,5,3,6,6,6,4,3,7,3,4,6,4,2,6,7,0,5,4,5,5,7,4,5,5,3,6,6,3,2,6,7,5,2,5,6,6,5,4,5,2,6,6,7,5,6,5,4,4,4,4,4,5,4,6,3,7,6,4,5,3,5,4,5,5,1,4,6,5,5,6,6,6,4,7,5,6,5,6,6,6,5,7,1,3,3,3,5,7,4,3,2,4,5,3,6,5,5,4,4,6,4,7,5,7,6,7,7,5,4,6,6,4,7,5,7,6,7,3,6,8,5,5,5,5,8,6,6,5,6,1,5,7,5,6,4,8,6,5,7,4,7,9,5,5,4,4,5,7,2,4,5,5,6,5,6,8,8,5,6,5,5,6,9,6,10,5,4,10,7,8,5,5,6,5,5,7,3,4,12,6,8,8,7,3,4,4,5,5,8,5,6,6,5,6,7,5,5,7,17,13,4,18,4,5,4,7,4,5,10,5,7,6,7,7,4,4,7,8,8,3,6,2,7,8,3,9,10,6,4,5,7,9,6,7,7,3,4,6,3,4,4,7,6,6,5,7,6,9,5,5,8,10,7,6,7,8,9,5,6,3,5,5,6,8,5,7,6,4,5,6,9,7,7,4,4,8,8,5,5,6,6,9,4,2,7,5,8,10,6,6,6,6,5,7,5,6,6,4,5,7,6,2,7,5,8,4,6,7,6,5,8,5,3,5,3,3,6,9,7,7,6,7,8,8,6,6,5,8,6,8,9,6,5,6,4,8,7,3,5,5,10,6,6,4,7,8,5,6,8,6,6,7,8,10,6,9,8,5,4,7,8,2,7,5,6,9,8,8,3,8,7,8,6,5,4,5,6,5,10,5,5,5,4,6,6,4,7,5,4,6,6,5,5,5,8,8,11,5,5,7,4,6,6,7,4,1,6,7,7,7,4,8,5,6,5,3,5,7,5,4,7,6,5,4
NOUN + ADV,1,3,3,2,2,2,2,4,3,3,2,4,4,3,3,3,3,4,3,4,3,3,1,2,3,3,3,5,2,3,3,2,2,3,3,1,3,4,4,2,3,5,3,3,1,4,5,0,5,4,4,4,3,4,4,4,3,5,4,3,5,4,4,3,2,3,1,4,3,2,3,5,5,4,4,3,2,3,3,5,3,3,4,5,3,2,4,3,5,4,4,4,3,4,4,4,5,5,4,4,5,5,5,3,4,4,3,4,1,3,3,4,6,4,2,4,4,4,2,3,4,5,3,4,4,3,4,2,5,3,5,3,4,4,2,3,6,4,4,3,1,5,3,4,4,6,3,4,2,5,5,6,4,6,4,9,5,3,4,3,4,4,4,4,7,5,7,7,6,6,5,4,8,6,4,3,3,4,4,5,1,6,2,5,4,5,7,7,4,1,4,6,5,6,5,9,6,7,5,6,5,4,4,7,4,2,4,4,3,9,5,5,7,6,4,5,5,4,4,5,2,3,3,4,5,6,4,4,4,18,16,5,21,3,4,5,4,3,6,7,4,8,5,6,8,5,3,4,5,7,4,5,5,4,7,4,8,9,7,7,8,6,6,9,8,4,4,1,3,4,3,3,6,3,3,4,4,3,6,4,4,5,5,8,5,6,5,6,4,5,4,4,4,3,5,6,6,5,5,4,5,8,4,4,5,3,7,5,6,4,5,3,6,5,5,6,4,3,9,3,5,5,3,4,6,6,5,5,3,6,6,5,7,6,4,5,3,5,2,5,6,5,6,4,6,4,4,5,6,8,8,7,4,5,3,5,3,6,7,3,5,6,7,2,5,5,5,6,4,2,2,7,3,5,5,6,9,6,5,3,5,7,8,5,11,5,8,7,6,5,6,7,5,6,6,5,6,7,9,4,9,4,7,5,4,3,4,5,2,7,2,6,6,3,3,1,3,4,4,3,5,5,4,6,6,7,5,8,4,4,4,3,3,3,4,5,4,3,4,4,4,5,7,6,5,4,4,4,4,4,5,4,3,4,5
PROPN + VERB + ADP + ADJ + NOUN,4,4,4,3,5,5,3,5,4,6,3,5,3,4,4,4,6,1,6,5,6,2,6,5,4,4,6,2,5,4,4,5,3,4,4,6,2,3,7,5,2,6,6,4,6,7,4,5,0,7,5,5,4,5,3,3,4,6,5,4,8,7,3,4,5,6,6,5,4,7,2,6,4,5,5,4,5,4,4,4,4,4,5,4,2,5,5,6,6,7,3,5,4,5,1,3,6,4,5,3,6,6,6,4,7,5,4,5,4,6,6,5,5,3,5,5,5,3,7,6,5,2,4,5,3,6,3,5,4,4,4,6,5,7,7,6,7,7,3,6,4,6,4,5,5,5,4,5,5,6,6,5,3,7,5,8,6,6,3,6,5,3,7,5,8,4,6,6,5,7,4,7,7,5,5,4,4,5,7,6,6,5,5,6,7,6,8,8,5,6,5,7,6,7,4,12,3,2,8,9,6,3,5,6,7,5,5,3,4,12,4,6,6,7,3,6,6,5,3,6,7,6,6,5,6,7,5,5,5,15,13,6,16,6,5,6,5,4,7,10,5,7,6,5,5,4,4,7,6,8,5,6,4,7,8,5,9,10,6,2,5,5,7,6,9,7,5,4,6,5,6,6,5,6,6,3,7,4,7,5,3,6,8,5,6,5,6,7,7,6,5,3,5,6,8,7,5,6,4,5,4,9,5,7,6,2,8,8,7,5,6,4,7,6,2,7,7,6,8,6,6,6,6,7,7,7,8,8,6,7,7,4,6,5,3,6,4,4,7,4,7,8,7,3,7,5,5,6,11,9,9,8,9,8,8,6,8,3,6,4,6,7,6,5,6,6,8,7,7,7,5,10,6,4,6,5,8,5,8,8,8,8,7,8,10,8,11,4,5,6,7,6,4,7,7,6,9,8,6,3,8,3,8,8,5,4,5,6,5,8,5,3,5,6,6,6,6,7,7,6,6,6,7,7,7,8,6,9,3,3,5,6,4,4,7,4,5,6,7,5,5,4,8,5,4,5,5,5,5,5,6,5,6,5,4
NUM + NUM,3,3,3,4,4,4,4,4,3,5,4,4,4,5,5,5,5,6,5,4,3,5,3,4,5,5,1,7,2,5,5,2,4,5,5,5,5,4,6,4,5,5,3,3,5,6,5,4,7,0,6,6,3,6,6,4,5,5,4,5,5,6,6,5,4,5,5,6,5,4,5,5,5,6,6,5,4,5,5,5,5,5,2,5,5,4,6,5,5,6,6,6,5,6,6,4,5,5,6,6,7,5,7,5,6,6,5,4,5,5,5,6,6,6,4,4,6,6,6,5,4,5,5,6,6,5,6,4,7,5,7,3,6,6,6,5,8,6,6,5,5,7,5,6,4,6,5,6,4,5,7,6,6,6,2,11,3,3,6,5,6,4,6,4,9,7,9,7,8,6,7,6,10,8,6,5,5,6,6,3,5,6,4,5,6,5,9,9,6,3,6,6,5,8,7,11,8,9,9,10,7,6,4,7,4,4,6,6,5,9,7,7,9,6,4,5,5,6,6,7,6,5,1,6,7,6,4,6,6,16,18,7,21,3,6,5,6,5,6,11,4,8,7,8,8,5,5,6,7,7,6,5,7,6,9,6,10,11,9,9,10,8,8,11,10,6,4,5,5,4,5,5,6,3,3,6,6,5,8,6,6,7,9,10,7,8,7,8,4,7,2,6,6,5,5,8,6,7,5,4,7,4,2,8,5,5,9,7,6,4,7,5,8,7,7,8,8,5,11,3,5,7,5,4,6,6,7,7,7,6,8,7,7,8,6,9,5,7,4,7,8,9,8,6,8,6,6,3,10,10,10,7,8,7,7,5,7,6,9,5,7,8,7,4,7,5,7,6,6,6,4,5,7,7,7,8,11,6,7,7,5,9,8,7,11,5,8,9,6,5,8,9,5,6,8,5,8,7,9,6,11,4,5,7,6,5,4,7,6,9,4,6,8,3,5,5,5,6,4,3,7,7,8,8,8,7,7,10,6,6,6,5,5,5,6,5,6,5,6,6,6,5,7,6,5,6,4,6,6,6,5,6,7,6,7
ADJ + ADJ + NOUN + NOUN,3,5,5,2,4,2,4,6,3,3,4,6,6,1,1,3,3,4,3,6,5,3,5,6,3,5,5,5,4,5,5,4,4,3,3,5,5,4,4,4,3,7,5,5,3,4,5,4,5,6,0,6,5,4,4,6,5,7,4,5,7,6,4,3,6,5,5,2,3,6,3,7,7,4,2,7,4,5,3,7,3,5,6,7,5,4,4,5,3,6,4,2,3,2,4,4,7,7,4,4,3,7,1,5,4,4,3,6,5,7,5,2,8,4,4,2,4,6,6,5,6,5,3,2,4,7,4,4,5,5,7,5,6,6,4,5,2,4,6,5,5,3,3,4,6,8,7,6,4,7,5,6,4,6,6,9,7,3,6,5,6,6,6,4,7,7,7,9,8,8,7,6,8,6,4,5,5,4,4,5,5,6,4,5,6,7,7,7,4,5,4,8,7,8,5,11,6,7,7,6,7,6,6,9,6,4,4,4,5,11,5,5,7,8,4,5,5,2,4,7,4,7,5,2,3,8,6,6,6,16,14,3,19,5,6,7,4,3,4,11,6,10,5,6,8,5,5,6,5,9,4,7,5,4,7,4,8,5,5,7,8,6,8,7,6,4,4,3,5,4,3,5,8,5,3,6,4,5,8,4,2,5,7,8,3,4,5,6,6,5,4,4,2,3,5,6,8,3,5,6,5,10,6,4,5,5,7,9,6,4,5,5,8,5,5,8,6,7,9,5,7,9,7,6,8,6,7,7,5,6,8,5,7,6,6,9,3,5,6,7,6,7,4,4,6,4,6,7,10,10,6,9,6,9,7,7,7,6,7,5,5,6,7,4,7,5,9,8,6,6,4,7,7,5,5,6,9,8,7,7,7,9,10,7,11,7,10,7,6,5,4,7,5,4,6,7,8,9,11,6,9,6,9,5,2,5,6,7,6,7,4,8,6,5,3,3,3,4,6,5,3,5,6,6,6,9,5,10,4,4,6,5,5,5,6,5,6,7,4,4,4,3,9,8,7,4,6,2,4,4,5,4,5,6,3
PROPN + CCONJ + PROPN + NOUN,3,5,3,4,4,4,2,2,5,3,4,6,4,5,5,5,5,6,5,6,5,5,5,6,3,3,5,7,4,1,5,4,4,5,5,5,5,6,6,4,3,5,5,5,5,4,7,4,5,6,6,0,5,6,6,6,3,1,6,5,7,6,6,5,6,5,5,6,5,6,5,3,3,2,6,5,4,5,3,5,5,5,6,7,3,6,6,5,7,6,6,6,5,6,4,6,3,5,6,4,7,7,7,5,4,4,3,4,5,7,5,6,4,6,4,6,6,4,6,5,4,7,5,6,6,7,6,4,7,5,3,5,6,6,6,5,8,4,4,5,3,5,5,4,6,2,5,2,4,7,5,4,2,4,4,11,5,5,6,5,6,6,6,6,9,7,5,9,8,8,7,6,10,6,4,3,3,6,6,7,5,8,4,7,6,7,9,7,4,5,6,8,7,8,7,11,6,7,7,10,7,6,6,7,6,4,4,6,5,11,7,3,7,4,4,7,7,6,4,7,6,7,5,6,7,4,4,6,4,20,16,7,19,5,6,5,6,5,8,11,4,6,7,6,8,5,5,6,7,9,6,5,7,6,7,6,6,11,9,7,8,8,8,11,8,6,4,5,5,6,5,5,4,3,5,6,6,5,8,6,6,3,7,8,5,8,3,6,6,7,6,2,6,5,7,8,4,7,3,6,7,10,6,8,5,3,9,7,8,6,5,3,6,7,7,8,8,7,11,5,7,9,7,6,8,8,7,7,7,8,8,5,9,8,6,9,5,7,6,7,8,9,8,4,8,6,8,5,10,10,8,9,8,9,7,7,7,8,9,5,5,6,9,4,7,7,9,8,6,6,4,7,7,5,7,8,9,8,7,7,7,9,10,7,11,7,10,7,8,5,8,9,7,8,8,7,8,9,7,6,11,4,9,7,4,7,4,7,6,7,4,4,4,5,5,5,5,6,6,3,7,7,8,8,8,9,7,10,4,6,2,7,5,3,6,5,6,7,6,4,4,7,9,4,3,6,6,4,4,6,5,6,7,6,7
ADP + NUM + NOUN,2,4,4,3,3,3,3,5,4,4,3,5,5,4,4,4,4,3,4,5,4,4,4,5,4,4,2,4,1,4,4,3,1,4,4,4,2,5,5,3,4,6,4,2,4,5,4,3,4,3,5,5,0,3,3,3,4,6,5,2,6,5,3,4,5,4,4,5,2,5,2,6,6,5,5,6,3,4,4,4,4,4,3,4,4,5,5,4,6,5,3,3,4,5,5,3,4,6,3,5,4,6,6,4,5,5,4,5,4,6,4,5,7,3,3,5,5,5,5,4,3,4,4,5,3,6,5,3,4,4,4,4,5,5,5,4,7,5,3,4,4,6,4,5,5,7,6,5,3,6,6,7,5,7,3,8,4,2,3,4,5,1,5,5,6,4,8,6,5,7,4,5,7,5,5,4,2,5,5,4,4,3,3,4,5,6,6,6,5,2,3,5,6,7,4,10,7,6,8,7,6,7,5,6,5,3,5,5,2,10,4,6,6,7,5,6,6,5,3,6,5,6,2,5,6,7,5,5,5,15,15,6,18,4,5,4,5,4,7,10,5,7,4,7,9,6,6,5,6,8,3,6,4,5,6,5,9,10,6,6,9,5,7,8,7,5,5,4,4,3,4,4,7,2,2,3,5,4,7,5,5,6,8,9,6,7,6,7,5,4,3,5,5,4,4,5,7,6,6,5,4,7,3,7,6,2,8,8,5,3,4,4,7,6,4,7,7,4,8,4,6,6,6,5,7,7,8,6,6,7,7,6,6,5,3,6,2,6,3,4,7,6,7,5,7,3,5,4,9,9,9,6,7,8,6,4,6,5,6,4,6,7,4,3,6,6,8,7,5,5,3,6,6,6,6,5,10,5,6,6,6,6,7,6,10,4,7,6,7,6,5,6,2,5,5,6,7,8,8,3,8,3,6,6,5,6,5,8,5,8,3,5,5,4,4,4,4,5,5,4,4,4,5,5,5,8,6,9,5,5,5,6,4,4,5,6,3,6,5,5,5,6,8,5,6,3,5,5,5,5,6,5,6,5,6
NOUN + NOUN + ADP + NOUN,3,5,5,4,4,2,4,6,5,3,4,6,6,5,3,5,3,4,1,6,5,5,5,6,3,5,5,3,4,5,5,4,2,3,3,5,3,6,2,4,5,7,5,3,3,2,5,4,5,6,4,6,3,0,2,4,5,7,6,3,7,6,2,5,6,5,5,2,1,6,3,7,7,4,4,7,4,5,5,5,3,5,6,5,5,6,4,5,7,6,2,2,5,2,6,4,5,7,4,6,3,7,5,5,2,4,3,6,5,7,5,6,8,4,2,6,6,6,6,5,4,5,5,6,4,7,6,4,3,3,5,5,6,6,4,5,6,4,4,3,5,3,5,4,6,8,7,6,4,7,3,8,6,8,6,7,7,3,4,5,4,4,6,6,3,5,7,7,6,8,5,6,6,4,4,5,3,4,4,7,3,4,4,7,6,7,5,5,6,5,2,6,7,8,3,11,6,7,5,6,7,8,6,7,6,4,2,6,3,11,3,5,5,8,6,7,7,4,2,7,4,7,5,4,5,8,6,6,6,14,12,5,17,5,6,5,4,5,8,9,6,8,3,6,10,7,7,6,3,9,2,7,3,4,5,4,10,9,5,5,8,4,8,7,6,2,6,5,5,4,3,5,8,5,3,4,2,5,8,2,4,3,7,8,5,4,3,6,6,1,6,6,4,3,3,4,8,5,7,6,1,10,6,8,7,3,5,9,6,2,3,5,8,5,5,8,8,7,7,5,7,7,7,6,8,8,9,7,7,8,6,7,7,4,4,7,3,7,6,5,8,5,6,6,8,4,6,7,10,8,8,7,4,9,7,5,7,4,7,5,5,4,5,4,7,7,9,8,6,6,4,5,5,5,3,4,9,6,5,7,7,7,8,7,11,7,10,7,8,7,2,5,5,6,6,7,8,9,9,4,5,6,7,5,4,7,6,9,4,7,4,6,4,5,3,3,1,4,6,5,3,3,4,4,4,9,5,10,6,4,6,7,5,5,6,7,4,7,4,4,4,7,9,6,7,2,6,4,4,4,7,4,7,6,5
NOUN + VERB + ADP + NOUN,3,3,5,4,2,2,4,6,5,3,2,4,4,5,3,3,3,2,3,4,5,3,5,4,3,3,5,1,4,5,3,4,2,3,1,3,1,4,4,4,5,5,5,3,3,4,5,4,3,6,4,6,3,2,0,2,3,7,4,3,7,4,2,5,4,3,3,4,1,6,3,7,5,4,4,5,4,3,5,3,3,3,4,3,3,6,2,3,5,6,2,2,3,4,4,4,5,5,4,6,5,5,5,5,4,4,3,4,3,5,3,4,6,4,2,6,6,4,4,3,4,3,5,6,4,5,4,4,1,1,3,5,4,4,4,3,6,4,2,3,5,5,5,4,4,6,5,4,4,5,5,6,6,8,6,5,5,3,2,3,4,2,4,6,5,3,7,5,4,6,3,6,6,4,4,5,3,2,4,7,3,4,4,7,4,5,5,5,6,5,2,6,5,6,1,9,4,5,7,6,5,6,4,5,6,4,4,4,3,11,3,5,5,8,6,7,5,4,2,5,4,5,5,4,5,8,6,4,4,14,12,5,17,5,4,5,2,5,8,9,4,6,3,6,8,7,7,4,3,7,2,7,3,4,5,4,10,9,3,3,8,4,6,7,6,4,6,5,3,4,3,5,6,5,3,2,4,3,6,4,4,5,7,6,5,4,5,6,6,3,6,6,4,3,5,4,6,5,7,4,3,8,4,6,7,3,5,9,6,2,3,5,6,3,3,6,8,5,7,5,5,5,5,6,6,6,9,5,5,8,4,7,7,2,2,5,3,5,6,3,8,5,6,6,6,4,6,7,8,8,8,7,6,7,5,3,5,4,5,3,5,6,5,4,5,7,7,6,6,4,4,7,3,5,5,2,7,4,5,5,7,7,6,5,9,5,8,5,6,7,4,3,5,6,6,5,6,7,7,2,5,4,5,5,4,5,6,9,2,5,4,4,4,5,3,3,3,4,6,5,3,3,4,4,4,7,3,8,4,2,6,5,3,5,4,5,4,5,4,2,2,5,7,6,5,2,4,4,4,2,5,4,5,4,5
VERB + ADP,3,1,3,4,2,4,4,4,3,5,2,2,2,5,5,3,3,2,5,2,3,3,3,2,5,3,3,3,4,5,3,4,2,3,3,3,1,2,4,4,5,3,3,1,5,6,3,4,3,4,6,6,3,4,2,0,3,5,2,3,5,4,2,5,2,3,3,6,3,4,3,5,3,6,4,3,4,3,5,1,5,3,2,1,3,4,4,3,3,6,4,4,3,6,4,2,3,3,4,6,5,3,7,5,6,6,5,2,3,3,3,4,4,4,2,4,6,4,4,3,2,1,5,6,4,3,4,4,3,1,3,3,4,4,4,3,8,4,2,3,5,7,5,4,2,4,3,4,4,3,5,4,6,6,4,7,3,5,2,3,4,2,4,6,7,3,7,3,4,4,3,6,6,4,6,5,3,4,4,5,3,6,4,7,4,3,7,7,6,5,4,4,3,6,3,9,6,5,9,8,5,4,2,3,4,4,6,4,3,11,3,7,5,6,4,5,3,6,4,5,6,3,5,6,5,6,4,4,4,16,14,7,19,3,4,3,4,5,6,7,2,4,5,6,6,5,5,4,5,5,4,5,5,4,7,4,10,9,5,5,6,4,6,7,8,6,4,5,3,2,5,5,4,5,5,2,6,3,6,6,4,7,7,8,7,6,7,6,4,5,4,6,6,5,7,6,4,5,5,2,3,6,4,6,5,3,5,7,6,4,5,5,6,3,3,6,8,5,7,5,3,3,3,4,4,4,7,5,5,6,4,7,5,4,2,5,3,5,6,3,8,7,8,6,6,4,4,5,8,8,10,5,6,5,5,3,5,4,5,3,5,8,7,4,5,5,5,4,6,4,4,9,3,5,7,4,9,2,5,5,5,7,4,5,7,5,8,5,4,5,6,5,5,6,6,3,6,5,5,2,7,4,5,7,6,3,4,7,2,7,4,2,6,3,5,5,3,4,4,3,5,5,6,6,6,5,5,8,4,4,6,3,3,5,4,3,4,3,4,4,4,3,5,4,3,4,2,6,4,4,3,4,5,4,5
PROPN + NOUN + VERB,2,2,2,3,1,3,1,3,4,4,3,3,1,4,4,2,2,5,4,3,4,4,4,3,2,4,4,4,3,2,2,3,3,4,2,2,4,3,3,3,2,4,4,4,4,5,6,3,4,5,5,3,4,5,3,3,0,4,3,4,6,3,5,4,3,2,2,5,4,5,4,4,2,3,3,2,3,2,2,4,4,4,3,4,2,5,3,2,4,5,5,5,4,5,3,5,4,2,3,3,6,4,6,4,5,5,2,3,4,4,2,3,3,5,3,5,5,3,3,2,3,4,4,5,5,4,5,3,4,2,4,4,3,3,3,2,7,3,3,4,2,6,4,1,3,3,2,1,3,4,2,3,3,5,3,8,4,4,5,2,5,5,3,5,8,6,6,6,5,5,6,5,9,7,5,2,2,3,3,6,4,7,3,6,3,4,8,6,5,4,5,7,4,7,4,8,3,6,6,7,6,3,3,6,5,3,3,5,4,10,6,4,8,5,3,6,4,5,3,6,5,4,4,5,4,5,3,5,5,17,15,6,18,4,5,4,3,4,7,8,3,7,4,5,5,4,4,3,4,6,5,4,6,3,8,5,7,8,6,4,7,7,5,10,9,5,3,4,2,5,4,4,3,4,4,5,5,2,5,5,5,4,4,7,6,5,4,3,5,6,5,3,5,4,6,7,3,6,4,3,6,7,5,5,4,2,6,6,5,5,6,2,7,4,6,7,7,6,10,4,4,6,4,5,5,5,6,4,4,7,5,4,8,5,5,8,4,6,5,6,7,6,7,3,5,5,7,4,7,7,7,8,7,6,4,4,4,7,8,4,4,5,8,3,6,6,6,5,5,3,3,8,4,4,6,5,6,5,6,4,6,8,7,4,10,4,7,4,5,6,7,6,6,7,7,4,5,6,6,5,8,3,6,6,5,4,3,6,3,6,3,3,5,4,4,4,4,3,5,4,6,6,7,7,7,6,4,9,1,3,3,4,4,2,3,2,5,4,3,3,3,4,6,5,2,3,3,3,5,3,4,5,4,5,6
PROPN + CCONJ + PROPN,4,4,2,5,5,5,3,1,4,4,5,5,3,6,6,6,6,7,6,5,4,6,4,5,4,4,4,8,5,2,6,5,5,6,6,6,6,5,7,5,4,4,4,4,6,5,6,5,6,5,7,1,6,7,7,5,4,0,5,6,6,5,7,6,5,4,6,7,6,5,6,2,2,3,7,4,5,6,4,4,6,6,5,6,4,5,7,6,6,7,7,7,6,7,5,5,2,4,7,5,8,6,8,4,5,5,4,3,6,6,6,7,3,7,5,5,7,5,7,6,3,6,6,7,7,6,7,5,8,6,4,4,5,7,7,6,9,5,5,6,4,6,6,5,5,1,4,3,5,6,6,3,3,3,3,12,4,6,7,6,7,7,7,7,10,8,6,8,9,7,8,7,11,7,5,4,4,7,7,6,6,9,5,8,7,6,8,8,5,6,7,7,6,9,8,12,7,8,8,11,8,5,5,6,5,5,5,7,6,12,8,4,8,3,3,6,6,7,5,8,7,6,6,7,8,3,3,7,5,21,17,8,20,4,7,4,7,6,7,12,3,5,8,7,7,4,4,7,8,8,7,4,8,7,8,7,7,10,10,8,9,9,9,12,9,7,3,6,6,5,6,6,3,4,6,7,7,4,9,7,7,4,6,9,6,9,4,7,5,8,5,3,7,6,8,9,3,6,2,5,8,9,7,9,4,4,10,6,9,7,6,4,7,8,8,9,9,8,12,6,6,8,6,5,7,7,6,8,8,7,9,4,8,9,7,10,6,8,7,8,9,10,9,5,9,7,7,4,11,11,9,8,9,8,8,8,8,9,10,6,6,7,10,5,8,6,8,7,7,7,5,8,8,6,8,9,10,7,8,8,6,10,9,8,10,8,11,8,7,4,9,10,8,9,9,6,9,8,6,7,12,5,10,8,5,6,3,6,7,8,3,3,5,4,6,6,6,5,5,2,8,8,9,9,7,8,8,11,5,7,3,6,6,4,7,4,7,6,7,5,5,6,8,3,2,7,5,5,5,7,4,7,8,7,8
ADJ + VERB,3,1,3,2,2,4,4,4,1,5,2,2,2,3,3,1,3,4,5,2,3,3,3,2,5,3,3,5,4,5,3,4,4,3,3,3,3,2,4,4,3,3,3,3,5,6,3,4,5,4,4,6,5,6,4,2,3,5,0,5,5,4,4,3,2,3,3,4,5,4,3,5,3,6,2,3,4,3,3,3,3,3,2,3,3,2,4,3,1,6,4,4,1,4,4,2,5,3,4,4,5,3,5,3,6,4,5,2,3,3,3,2,4,4,4,2,4,4,4,3,4,3,3,4,4,3,4,4,5,3,5,3,4,4,4,3,6,4,4,5,5,5,3,4,2,4,3,4,2,3,5,2,4,4,4,9,3,5,4,3,4,4,4,4,9,5,7,5,6,4,5,6,8,6,4,3,5,4,4,3,5,6,4,5,4,3,9,9,4,5,4,6,3,6,5,9,6,7,9,6,5,4,2,5,4,4,6,4,5,9,5,7,7,6,2,3,1,4,6,5,6,3,5,4,3,6,4,4,4,16,14,5,19,3,4,5,4,3,4,9,2,6,5,6,6,3,3,4,5,5,6,5,5,4,9,4,8,7,5,7,8,6,6,9,8,6,2,3,3,2,5,3,4,5,5,4,6,3,6,4,4,7,7,8,5,4,7,6,4,7,2,4,4,5,7,8,4,5,3,2,5,6,4,4,3,5,7,7,6,6,7,5,6,3,5,6,6,5,9,5,3,5,3,4,4,2,5,5,3,4,6,5,5,6,4,7,3,5,6,5,6,7,6,4,4,4,4,5,8,8,8,7,8,5,5,5,5,6,7,3,5,8,7,4,5,3,5,4,4,4,4,9,5,5,5,6,7,4,7,5,5,9,6,5,7,5,8,7,4,3,6,7,5,6,4,3,6,5,7,4,9,4,7,7,4,3,4,5,4,7,4,4,8,3,5,5,5,4,4,3,5,7,8,8,8,5,5,8,2,4,6,1,3,5,4,1,4,3,4,4,4,3,5,6,3,4,2,4,4,4,1,4,3,4,5
ADP + DET + NOUN,2,4,4,3,3,3,3,5,4,4,3,5,5,4,4,4,4,3,4,5,4,4,4,5,4,4,4,4,3,4,4,3,1,4,4,4,2,5,5,1,4,6,4,2,4,5,2,3,4,5,5,5,2,3,3,3,4,6,5,0,6,5,3,2,5,4,4,5,2,5,2,6,6,5,5,6,3,4,4,4,4,2,5,4,4,5,5,4,6,3,3,3,4,5,5,3,4,6,3,5,4,6,6,4,5,5,4,5,4,6,4,5,7,1,3,5,3,3,5,2,3,4,4,5,3,6,5,3,2,4,4,4,5,3,5,4,7,5,3,4,4,6,4,5,5,7,6,5,3,6,6,7,5,7,5,6,6,4,3,4,3,3,5,5,4,2,6,6,3,7,2,5,7,3,5,4,2,3,5,4,4,5,3,6,3,6,6,6,5,4,3,5,6,7,4,8,5,4,8,7,6,7,5,6,5,3,5,3,2,12,4,6,6,7,5,6,6,5,3,6,3,6,4,5,6,7,5,3,5,17,13,4,18,4,3,4,5,4,7,8,5,7,4,5,9,6,6,5,6,8,1,6,2,5,6,3,9,10,4,4,7,5,7,6,5,5,5,4,4,3,2,4,7,4,4,3,5,4,7,5,5,6,8,7,6,7,6,7,5,4,5,5,5,4,6,3,7,6,6,5,4,9,5,7,6,2,6,8,5,3,4,4,7,4,2,5,5,6,8,4,6,6,6,5,7,7,8,4,4,7,7,6,4,5,3,6,2,6,5,4,5,6,5,3,5,1,5,6,7,7,7,6,7,8,6,4,4,5,6,4,6,7,6,3,4,6,8,7,3,3,3,8,4,4,4,5,8,5,4,6,6,4,7,6,10,4,7,6,7,6,5,6,2,5,3,6,7,8,8,1,6,5,8,4,5,6,5,8,5,8,3,5,3,4,4,4,4,5,5,4,4,4,3,3,3,8,6,9,5,5,5,6,4,4,5,6,1,6,5,5,5,6,8,5,6,3,3,5,5,3,6,5,6,3,4
X + X + X,4,4,4,5,5,5,5,5,4,6,5,5,5,6,6,6,6,7,6,5,4,6,4,5,6,6,4,8,5,6,6,5,5,6,6,6,6,5,7,5,6,6,4,4,6,7,6,5,8,5,7,7,6,7,7,5,6,6,5,6,0,7,7,6,5,6,6,7,6,5,6,6,6,7,7,6,3,6,6,6,6,6,5,6,6,5,7,6,6,7,7,7,6,7,7,5,6,6,7,7,8,6,8,6,7,7,6,5,6,6,6,7,7,7,5,5,7,7,7,6,5,6,6,7,7,6,7,5,8,6,8,2,7,7,7,6,7,7,7,6,6,8,6,7,5,7,6,7,5,6,8,7,7,7,5,12,6,6,7,6,7,7,7,7,10,8,10,8,9,7,8,7,11,9,7,6,6,7,7,6,6,9,5,8,7,6,10,10,7,6,7,7,6,9,8,12,9,10,10,11,8,7,5,8,5,5,7,7,6,14,8,8,10,7,5,6,6,7,7,8,7,6,6,7,8,3,3,7,7,21,19,8,24,4,7,4,7,6,7,12,5,9,8,9,9,6,6,7,8,8,7,6,8,7,10,7,11,12,10,10,11,9,9,12,11,7,5,6,6,5,6,4,7,6,6,7,7,6,9,7,7,8,10,11,8,9,8,9,5,8,5,7,7,6,8,9,7,8,6,5,8,9,7,9,6,6,10,8,9,7,8,6,9,8,8,9,9,8,12,6,6,8,6,5,7,7,8,8,8,7,9,8,8,9,7,10,6,8,7,8,9,10,9,7,9,7,7,6,11,11,11,8,9,8,8,8,8,9,10,6,8,9,10,5,8,6,8,7,7,7,5,10,8,8,8,9,12,7,8,8,6,10,9,8,12,8,11,10,7,6,9,10,8,9,9,6,9,8,10,7,12,7,10,8,7,6,5,8,7,10,5,7,9,4,6,6,6,7,5,4,8,8,9,9,9,8,8,11,7,7,7,6,6,6,7,6,7,6,7,7,7,6,8,7,6,7,5,7,7,7,6,7,8,7,8
NOUN + VERB + CCONJ + VERB,3,3,5,4,2,4,4,6,5,3,4,4,4,5,5,3,3,6,5,2,5,5,5,4,5,3,5,5,4,5,3,4,4,5,3,3,5,4,4,4,5,1,5,5,5,4,7,4,7,6,6,6,5,6,4,4,3,5,4,5,7,0,6,5,4,1,3,6,5,6,5,7,5,6,4,5,4,3,5,5,5,5,4,5,5,6,2,1,5,6,6,6,5,6,6,6,7,3,4,6,7,3,7,5,4,4,5,4,5,3,3,4,2,6,4,6,6,6,4,3,6,5,5,6,6,5,6,4,5,3,7,5,2,4,4,3,8,2,6,5,5,5,5,4,4,4,5,4,4,5,5,4,6,6,6,9,5,5,4,3,6,6,2,6,9,7,9,5,6,4,7,6,10,6,4,5,5,4,4,7,5,8,4,7,4,5,9,9,6,5,6,8,5,8,5,7,6,9,9,8,7,6,4,7,6,4,6,6,5,9,7,7,7,8,6,7,3,6,6,5,6,5,5,6,5,8,6,6,2,16,14,7,21,5,6,7,4,5,8,9,2,8,5,8,6,7,7,2,5,7,6,7,7,2,7,6,10,7,7,7,10,6,4,11,8,6,6,5,3,6,5,5,4,5,5,6,6,3,4,6,6,5,5,8,7,6,5,6,6,7,6,6,6,5,7,8,6,7,7,4,7,6,6,6,7,5,7,9,6,6,5,5,6,5,7,8,8,7,11,5,3,7,5,6,6,6,9,5,5,8,6,7,9,6,6,9,5,7,6,7,8,7,8,6,6,6,8,7,6,6,10,9,8,7,5,5,5,8,9,5,7,8,9,4,7,7,7,4,6,4,4,7,5,7,7,6,9,6,7,5,7,9,6,5,11,5,6,7,4,5,8,5,7,8,8,5,4,5,7,6,9,6,7,7,6,5,6,9,4,5,4,6,8,5,5,5,5,2,6,3,7,7,8,8,8,7,5,8,4,4,6,5,5,5,4,5,6,5,4,4,2,5,7,8,3,4,4,6,4,4,3,4,3,6,7
VERB + NOUN + ADP + NOUN,3,3,5,4,4,2,4,6,5,3,2,4,4,5,3,5,3,2,3,4,5,3,5,4,3,3,5,3,4,5,3,4,2,1,3,5,1,4,4,4,5,5,5,3,3,4,5,4,3,6,4,6,3,2,2,2,5,7,4,3,7,6,0,5,4,5,5,4,1,6,3,7,5,4,4,5,4,5,5,3,3,3,4,3,3,6,4,5,5,6,2,2,3,4,4,4,5,5,4,6,5,5,5,5,4,4,3,4,3,5,5,6,6,4,2,6,6,4,6,5,4,3,5,6,4,5,4,4,3,3,3,5,4,6,4,5,6,4,2,3,5,5,5,4,4,6,5,6,4,5,5,6,6,8,6,7,5,3,2,5,4,2,6,6,5,3,5,5,4,6,3,6,6,2,4,5,3,4,4,7,3,4,4,7,6,5,5,5,6,5,2,6,5,6,3,11,6,5,7,6,5,6,4,5,6,4,4,4,3,11,1,5,3,8,6,7,5,4,2,5,4,5,5,4,5,8,6,4,4,14,14,5,17,5,4,5,2,5,8,7,4,6,3,4,8,7,7,6,5,7,2,7,3,4,5,4,10,9,5,5,6,2,6,5,6,4,6,5,5,4,3,5,6,5,3,2,4,5,6,4,2,5,7,8,5,6,5,4,6,3,6,6,4,3,5,4,6,5,7,4,1,8,4,8,7,3,7,9,6,2,3,5,6,5,3,6,8,5,5,5,5,5,5,6,6,6,9,7,7,8,6,7,7,4,2,5,3,5,6,3,8,5,6,6,8,4,6,7,10,8,8,7,6,7,7,5,7,2,5,3,3,6,5,4,5,7,7,6,6,6,4,7,5,3,5,4,9,4,5,7,7,7,6,7,9,7,10,5,6,7,4,5,5,6,6,5,8,7,7,2,5,4,7,5,4,5,6,9,4,5,4,4,4,5,3,3,3,4,6,5,3,3,4,4,4,7,5,8,6,4,6,5,3,5,6,5,4,5,4,4,4,5,7,6,5,2,4,4,2,4,5,2,7,4,3
DET + ADJ + NOUN,2,4,4,1,3,3,3,5,2,4,3,5,5,2,2,2,4,3,4,5,4,2,4,5,4,4,4,4,3,4,4,3,3,4,4,4,4,3,5,1,2,6,4,4,4,5,2,3,4,5,3,5,4,5,5,5,4,6,3,2,6,5,5,0,5,4,4,3,4,5,2,6,6,5,3,6,3,4,2,6,2,2,5,6,4,3,5,4,4,3,3,3,2,3,3,3,6,6,5,3,4,6,4,4,5,3,4,5,4,6,4,3,7,1,3,3,1,3,5,2,5,4,2,3,3,6,3,3,4,4,6,4,5,3,5,4,5,5,5,4,4,4,2,5,5,7,6,5,3,6,6,5,3,5,5,8,6,4,5,4,3,5,5,3,6,4,6,8,5,7,4,5,9,5,3,4,4,3,5,2,4,5,3,4,3,6,6,8,3,4,3,7,6,7,6,8,3,4,8,5,6,5,5,8,5,3,5,1,4,10,6,6,6,7,3,4,4,3,5,6,3,6,4,3,4,7,5,3,5,15,13,2,18,4,3,6,5,2,5,8,5,9,6,5,7,4,4,5,6,8,3,6,2,5,6,1,7,8,6,4,5,5,7,6,7,5,3,2,4,3,2,4,7,4,4,5,5,4,7,3,3,6,8,5,4,5,6,7,5,6,3,3,3,4,6,5,7,4,4,5,6,9,5,5,4,4,6,8,5,5,6,4,7,2,2,5,3,6,8,4,6,8,6,5,7,5,6,4,2,5,7,4,4,5,5,8,2,4,5,6,3,6,3,1,3,3,5,6,7,7,5,8,7,8,6,4,4,5,8,4,6,7,4,3,4,4,8,7,3,3,3,8,4,4,2,5,6,7,4,6,6,6,9,6,10,4,7,8,5,4,5,8,2,5,5,6,7,8,10,3,8,5,8,4,3,4,5,6,5,8,3,7,5,4,4,4,4,5,5,4,4,4,5,5,5,8,6,9,3,3,5,4,4,4,5,4,3,6,5,5,5,4,8,7,6,5,3,3,5,3,4,5,4,3,2
ADV + VERB,3,1,3,4,2,4,4,4,3,5,2,2,2,5,5,3,3,4,5,2,3,3,1,2,5,3,3,5,4,5,3,4,4,3,3,3,3,2,4,4,5,3,3,3,3,6,5,2,5,4,6,6,5,6,4,2,3,5,2,5,5,4,4,5,0,3,1,6,5,2,5,5,3,6,4,3,4,3,5,3,5,3,2,3,3,2,4,3,3,6,6,6,3,6,4,4,5,3,4,6,7,3,7,5,6,6,5,2,3,3,3,4,4,6,4,4,4,4,2,3,4,3,3,6,4,3,4,2,5,3,5,3,4,4,4,3,8,4,4,5,3,7,5,4,2,4,1,4,4,3,5,4,6,6,4,9,3,5,4,1,6,4,4,6,9,5,7,5,6,4,5,6,8,6,6,5,5,4,4,5,3,8,4,5,4,3,9,7,6,3,6,6,3,6,5,9,6,7,7,8,5,2,2,5,4,4,6,4,3,9,5,7,5,6,4,5,3,4,6,5,4,3,5,6,5,6,4,4,4,18,16,7,21,3,4,5,4,5,6,9,2,6,5,6,6,5,3,4,5,5,6,5,7,4,9,6,8,7,7,7,8,6,6,9,10,6,4,3,3,4,5,5,4,5,5,4,6,3,6,6,4,7,7,8,5,6,7,6,4,7,4,6,6,3,7,8,4,7,5,2,5,6,4,4,5,5,7,5,6,6,7,5,6,5,5,6,6,5,9,5,3,3,1,4,4,4,5,3,5,6,6,7,7,6,4,7,5,5,4,3,6,5,8,6,6,6,4,5,6,8,10,7,6,5,5,5,3,6,7,3,3,8,9,4,5,5,5,4,6,2,4,9,3,5,7,6,9,4,7,5,5,9,6,5,9,5,8,7,4,5,8,7,7,6,4,3,6,5,7,4,9,4,7,7,6,3,4,5,2,7,4,4,8,3,5,3,5,4,4,3,7,7,6,8,8,5,5,6,4,4,6,3,1,5,4,3,6,3,2,4,4,3,5,6,3,4,2,6,4,4,3,4,3,4,5
NOUN + CCONJ + VERB,2,2,4,3,1,3,3,5,4,2,3,3,3,4,4,2,2,5,4,3,4,4,4,3,4,4,4,4,3,4,2,3,3,4,2,2,4,3,3,3,4,2,4,4,4,3,6,3,6,5,5,5,4,5,3,3,2,4,3,4,6,1,5,4,3,0,2,5,4,5,4,6,4,5,3,4,3,2,4,4,4,4,3,4,4,5,3,2,4,5,5,5,4,5,5,5,6,4,3,5,6,4,6,4,3,3,4,3,4,4,2,3,3,5,3,5,5,5,3,2,5,4,4,5,5,4,5,3,4,2,6,4,1,3,3,2,7,1,5,4,4,4,4,3,3,3,4,3,3,4,4,3,5,5,5,8,4,4,5,2,5,5,3,5,8,6,8,6,5,5,6,5,9,5,3,4,4,3,3,6,4,7,3,6,3,4,8,8,5,4,5,7,4,7,4,8,5,8,8,7,6,5,3,6,5,3,5,5,4,8,6,6,6,7,5,6,4,5,5,6,5,4,4,5,4,7,5,5,3,17,13,6,20,4,5,6,3,4,7,8,1,7,4,7,7,6,6,3,4,6,5,6,6,3,6,5,9,6,6,6,9,7,5,10,7,5,5,4,2,5,4,4,5,4,4,5,5,2,5,5,5,4,4,7,6,5,4,5,5,6,5,5,5,4,6,7,5,6,6,3,6,7,5,5,6,4,6,8,5,5,4,4,5,4,6,7,7,6,10,4,4,6,4,5,5,5,8,4,4,7,5,6,8,5,5,8,4,6,5,6,7,6,7,5,5,5,7,6,7,7,9,8,7,6,4,4,4,7,8,4,6,7,8,3,6,6,6,5,5,3,3,6,4,6,6,5,8,5,6,4,6,8,7,4,10,4,7,6,5,4,7,6,6,7,7,4,5,6,6,5,8,5,6,6,5,4,5,8,3,4,3,5,7,4,4,4,4,1,5,2,6,6,7,7,7,6,4,9,3,3,5,4,4,4,3,4,5,4,3,3,3,4,6,7,2,3,3,5,3,3,2,5,4,5,6
NOUN + ADV + VERB,2,2,4,3,1,3,3,5,4,4,3,3,3,4,4,2,2,5,4,3,4,4,2,3,4,4,4,4,3,4,2,3,3,4,2,2,4,3,3,3,4,4,4,4,2,5,6,1,6,5,5,5,4,5,3,3,2,6,3,4,6,3,5,4,1,2,0,5,4,3,4,6,4,5,3,4,3,2,4,4,4,4,3,4,4,3,3,2,4,5,5,5,4,5,5,5,6,4,3,5,6,4,6,4,5,5,4,3,2,4,2,3,5,5,3,5,5,5,1,2,5,4,4,5,5,4,5,3,4,2,6,4,3,3,3,2,7,3,5,4,2,6,4,3,3,5,2,3,3,4,4,5,5,7,5,8,4,4,5,2,5,5,3,5,8,6,8,6,5,5,6,5,9,7,5,4,4,3,3,6,2,7,3,6,3,4,8,8,5,2,5,7,4,7,4,8,5,8,6,7,6,3,3,6,5,3,5,5,4,8,6,6,6,7,5,6,4,5,5,6,3,4,4,5,4,7,5,5,5,17,15,6,20,4,5,6,3,4,7,8,3,7,4,7,7,6,4,3,4,6,5,6,6,3,8,5,9,8,6,6,9,7,5,10,9,5,5,2,2,5,4,4,5,4,4,5,5,2,5,5,5,6,6,7,6,5,6,5,5,6,5,5,5,4,6,7,5,6,6,3,6,7,5,3,6,4,6,6,5,5,6,4,7,4,6,7,5,4,10,4,4,4,2,5,5,5,6,4,4,7,5,6,8,5,5,6,4,6,3,4,7,4,7,5,5,5,5,6,5,7,9,8,5,6,4,4,2,7,8,4,4,7,8,3,6,6,6,5,5,1,3,8,2,6,6,5,8,5,6,4,6,8,7,4,10,4,7,6,5,6,7,6,6,7,5,4,5,6,8,5,8,5,6,6,5,4,5,6,1,6,3,5,7,4,4,2,4,3,5,4,6,6,5,7,7,6,4,7,3,3,5,4,2,4,3,4,5,4,3,3,3,4,6,7,4,3,3,5,5,3,4,5,2,5,6
ADJ + NOUN + NOUN + NOUN,3,5,5,2,4,2,4,6,3,3,4,6,6,3,1,3,3,4,1,6,5,3,5,6,3,5,5,5,4,5,5,4,4,3,3,5,5,4,2,4,3,7,5,5,3,2,5,4,5,6,2,6,5,2,4,6,5,7,4,5,7,6,4,3,6,5,5,0,3,6,3,7,7,4,2,7,4,5,3,7,3,5,6,7,5,4,4,5,5,6,4,2,3,2,4,4,7,7,4,4,1,7,3,5,2,4,3,6,5,7,5,4,8,4,4,4,4,6,6,5,6,5,3,4,4,7,4,4,5,5,7,5,6,6,4,5,4,4,6,5,5,1,3,4,6,8,7,6,4,7,3,6,4,6,6,9,7,3,6,5,6,6,6,4,5,7,7,9,8,8,7,6,6,6,4,5,5,4,4,5,5,6,4,5,6,7,7,7,4,5,4,8,7,8,5,11,6,7,5,6,7,6,6,9,6,4,2,4,5,11,3,5,7,8,4,5,5,2,4,7,4,7,5,2,3,8,6,6,6,14,12,3,17,5,6,7,4,3,6,11,6,10,3,6,8,5,5,6,3,9,4,7,5,4,5,4,8,7,3,7,8,6,8,7,4,2,4,3,5,4,3,5,8,5,3,6,2,5,8,2,2,3,7,8,3,2,3,6,6,3,4,4,2,3,3,4,8,5,5,6,3,10,6,6,5,5,7,9,6,4,3,5,8,5,5,8,6,7,9,5,7,9,7,6,8,6,7,7,5,6,8,5,7,6,6,9,3,5,6,7,6,7,4,4,6,4,6,7,10,10,6,9,6,9,7,7,7,6,7,5,5,4,7,4,7,5,9,8,6,6,4,5,7,5,3,6,9,8,7,7,7,9,10,7,11,7,10,7,6,5,2,7,5,4,6,7,8,9,11,6,7,6,9,5,2,5,6,7,6,7,4,8,6,5,3,3,3,4,6,5,1,5,6,4,6,9,5,10,4,4,6,5,5,5,6,5,6,7,4,4,4,5,9,8,7,4,6,2,4,4,5,4,5,6,3
NOUN + ADP + NOUN,2,4,4,3,3,1,3,5,4,2,3,5,5,4,2,4,2,3,2,5,4,4,4,5,2,4,4,2,3,4,4,3,1,2,2,4,2,5,3,3,4,6,4,2,2,3,4,3,4,5,3,5,2,1,1,3,4,6,5,2,6,5,1,4,5,4,4,3,0,5,2,6,6,3,3,6,3,4,4,4,2,4,5,4,4,5,3,4,6,5,1,1,4,3,5,3,4,6,3,5,4,6,4,4,3,3,2,5,4,6,4,5,7,3,1,5,5,5,5,4,3,4,4,5,3,6,5,3,2,2,4,4,5,5,3,4,5,3,3,2,4,4,4,3,5,7,6,5,3,6,4,7,5,7,5,6,6,2,3,4,3,3,5,5,4,4,6,6,5,7,4,5,7,3,3,4,2,3,3,6,2,3,3,6,5,6,4,4,5,4,1,5,6,7,2,10,5,6,6,5,6,7,5,6,5,3,3,5,2,10,2,4,4,7,5,6,6,3,1,6,3,6,4,3,4,7,5,5,5,15,13,4,18,4,5,4,3,4,7,8,5,7,2,5,9,6,6,5,4,8,1,6,2,3,4,3,9,8,4,4,7,3,7,6,5,3,5,4,4,3,2,4,7,4,2,3,3,4,7,3,3,4,6,7,4,5,4,5,5,2,5,5,3,2,4,3,7,4,6,5,2,9,5,7,6,2,6,8,5,1,2,4,7,4,4,7,7,6,6,4,6,6,6,5,7,7,8,6,6,7,5,6,6,3,3,6,2,6,5,4,7,4,5,5,7,3,5,6,9,7,7,6,5,8,6,4,6,3,6,4,4,5,4,3,6,6,8,7,5,5,3,6,4,4,4,3,8,5,4,6,6,6,7,6,10,6,9,6,7,6,3,4,4,5,5,6,7,8,8,3,6,5,6,4,3,6,5,8,3,6,3,5,3,4,2,2,2,3,5,4,2,2,3,3,3,8,4,9,5,3,5,6,4,4,5,6,3,6,3,3,3,6,8,5,6,1,5,3,3,3,6,3,6,5,4
ADV + ADV,3,3,3,4,4,4,4,4,3,5,4,4,4,5,5,5,5,6,5,4,3,5,1,2,5,5,3,7,4,5,5,4,4,5,5,3,5,4,6,4,5,5,3,3,3,6,5,2,7,4,6,6,5,6,6,4,5,5,4,5,5,6,6,5,2,5,3,6,5,0,5,5,5,6,6,3,4,5,5,5,5,5,4,5,5,2,6,5,5,6,6,6,5,6,6,4,5,5,6,6,7,5,7,5,6,6,5,4,3,3,5,6,6,6,4,4,4,6,4,5,4,5,3,6,6,3,6,2,7,5,7,3,6,6,4,5,8,6,6,5,3,7,5,6,4,6,3,6,4,5,7,6,6,6,4,11,5,5,6,3,6,6,6,6,9,7,9,7,8,6,5,6,10,8,6,5,5,6,6,5,3,8,4,5,6,5,9,7,6,3,6,6,5,8,7,11,8,9,7,6,7,4,4,7,4,4,6,6,3,9,7,7,7,6,4,5,5,4,6,5,4,1,5,6,7,6,4,6,6,20,18,7,23,3,6,5,6,5,6,9,4,8,7,8,8,5,3,6,7,7,6,5,7,6,9,6,8,7,9,9,10,8,8,11,10,6,4,3,5,4,5,5,6,5,5,6,6,5,8,6,6,7,7,10,5,8,7,8,4,7,4,6,6,3,7,8,6,7,5,4,7,8,6,6,5,5,9,3,8,6,7,5,8,7,7,8,6,5,11,5,5,5,3,4,6,6,5,3,5,6,8,7,7,8,6,7,5,7,2,5,4,7,8,6,8,6,4,5,6,10,10,7,4,5,5,7,5,8,5,5,5,8,9,4,7,5,5,6,6,4,4,9,5,7,7,8,11,6,7,5,5,9,8,7,11,7,10,9,6,5,8,9,7,6,6,5,8,7,9,6,11,6,9,7,6,3,4,5,4,9,4,6,8,3,5,3,5,6,4,3,7,7,6,8,8,7,7,8,6,6,6,3,3,5,6,5,6,3,4,6,6,5,7,6,5,6,4,6,6,6,5,6,5,6,7
ADP + ADJ + NOUN,2,4,4,1,3,3,3,5,2,4,3,5,5,2,2,2,4,1,4,5,4,2,4,5,4,4,4,2,3,4,4,3,1,4,4,4,2,3,5,3,2,6,4,2,4,5,2,3,2,5,3,5,2,3,3,3,4,6,3,2,6,5,3,2,5,4,4,3,2,5,0,6,6,5,3,6,3,4,2,4,2,4,5,4,4,3,5,4,4,5,1,3,2,3,3,1,4,6,3,3,4,6,4,4,5,3,4,5,4,6,4,3,7,1,3,3,3,5,5,4,3,2,2,3,1,6,3,3,4,4,4,4,5,5,5,4,5,5,3,4,4,4,2,5,5,7,6,5,3,6,6,5,3,5,5,8,6,4,3,4,3,3,5,3,6,4,8,6,5,7,4,5,7,5,3,4,2,5,5,4,4,3,3,4,5,6,6,6,3,4,3,5,6,7,4,10,5,4,8,7,6,5,5,6,5,3,5,3,2,10,4,6,6,7,3,4,4,3,3,6,5,6,4,3,4,7,5,5,5,15,13,4,18,4,5,4,5,2,5,10,5,7,4,7,7,4,4,5,6,8,3,6,2,5,6,3,7,8,6,4,7,5,7,6,7,5,3,2,4,3,4,4,7,4,4,3,5,4,7,3,3,6,8,7,4,5,6,7,5,4,3,3,3,4,6,5,7,4,4,5,4,9,5,5,4,2,8,8,7,3,4,4,7,4,2,7,5,6,8,4,6,6,6,5,7,5,6,6,4,5,7,4,4,5,3,6,2,4,5,4,5,6,5,3,5,3,3,6,9,7,7,6,7,8,6,6,6,3,6,4,6,7,4,3,6,4,8,7,5,5,3,8,6,6,4,5,8,5,6,6,6,6,7,6,10,6,9,6,5,4,5,6,2,5,5,6,7,8,8,3,8,5,8,6,3,4,5,6,5,8,3,5,5,4,4,4,4,5,5,4,4,4,5,5,5,8,6,9,3,3,5,4,4,4,5,4,3,6,5,5,5,4,8,5,6,3,5,3,5,5,4,5,4,5,4
PROPN + PROPN + PROPN,4,4,2,5,5,5,3,1,4,6,5,5,3,6,6,6,6,7,6,5,4,6,4,5,4,6,4,8,5,2,6,5,5,6,6,6,6,5,7,5,4,6,4,4,6,7,6,5,6,5,7,3,6,7,7,5,4,2,5,6,6,7,7,6,5,6,6,7,6,5,6,0,2,5,7,4,5,6,4,4,6,6,5,6,4,5,7,6,6,7,7,7,6,7,5,5,2,4,7,5,8,6,8,4,7,7,4,3,6,6,6,7,5,7,5,5,7,5,7,6,3,6,6,7,7,6,7,5,8,6,4,4,7,7,7,6,9,7,5,6,4,8,6,5,5,3,4,3,5,6,6,5,5,3,3,12,4,6,7,6,7,7,7,7,10,8,6,8,9,7,8,7,11,9,7,4,4,7,7,6,6,9,5,8,7,6,8,8,7,6,7,7,6,9,8,12,7,8,8,11,8,5,5,6,5,5,5,7,6,14,8,2,10,1,3,6,6,7,5,8,7,6,6,7,8,3,3,7,7,21,19,8,20,4,7,4,7,6,7,12,5,5,8,7,7,4,4,7,8,8,7,4,8,7,10,7,7,12,10,8,9,9,9,12,11,7,3,6,6,5,6,6,3,6,6,7,7,4,9,7,7,6,8,9,8,9,6,7,5,8,5,3,7,6,8,9,1,6,2,5,8,9,7,9,4,4,10,6,9,7,8,4,9,8,8,9,9,8,12,6,6,8,6,5,7,7,6,8,8,7,9,4,8,9,7,10,6,8,7,8,9,10,9,5,9,7,7,4,11,11,9,8,9,8,8,8,8,9,10,6,6,7,10,5,8,6,8,7,7,7,5,10,8,6,8,9,10,7,8,8,6,10,9,8,10,8,11,8,7,6,9,10,8,9,9,6,9,8,8,7,12,5,10,8,7,6,3,6,7,10,3,3,5,4,6,6,6,7,5,4,8,8,9,9,7,8,8,11,5,7,1,6,6,4,7,4,7,6,7,5,7,6,8,1,4,7,5,5,7,7,6,7,8,7,8
PROPN + PROPN + VERB,4,2,2,5,3,5,3,1,4,6,3,3,1,6,6,4,4,5,6,3,4,4,4,3,4,4,4,6,5,2,4,5,5,4,4,4,4,3,5,5,4,4,4,4,6,7,6,5,4,5,7,3,6,7,5,3,2,2,3,6,6,5,5,6,3,4,4,7,6,5,6,2,0,5,5,2,5,4,4,4,6,4,3,4,2,5,5,4,4,7,7,7,4,7,3,5,2,2,5,5,8,4,8,4,7,7,4,3,4,4,4,5,3,7,5,5,7,3,5,4,3,4,6,7,5,4,5,5,6,4,4,4,5,5,5,4,9,5,5,6,4,8,6,3,3,1,2,1,5,4,4,3,5,3,3,10,4,6,5,4,7,5,5,7,10,6,4,6,7,5,6,7,9,7,7,4,4,5,5,6,6,9,5,8,5,4,8,8,7,6,7,7,4,7,6,10,5,6,8,9,6,3,3,6,5,5,5,5,6,12,6,4,8,3,3,6,4,7,5,6,7,4,6,7,6,3,3,5,5,19,17,8,18,4,5,4,5,6,7,10,3,5,6,5,5,4,4,5,6,6,7,4,8,5,10,7,7,10,8,6,7,7,7,10,11,7,3,6,4,5,6,6,1,6,6,5,7,2,7,7,5,6,6,7,8,7,6,5,5,8,5,3,7,6,8,9,3,6,2,3,6,7,5,7,4,4,8,6,7,7,8,4,7,6,6,7,9,6,10,6,4,6,4,5,5,5,6,6,6,7,7,4,8,7,5,8,6,6,7,6,9,8,9,5,7,7,7,4,9,9,9,8,9,6,6,6,6,7,8,4,6,7,10,5,6,6,6,5,7,5,5,10,6,4,8,7,8,5,8,6,6,10,7,6,10,6,9,6,5,6,9,8,8,9,7,4,7,6,6,5,10,3,8,8,7,4,3,6,5,8,3,3,5,4,6,6,6,5,5,4,8,8,9,9,7,6,6,9,3,5,3,4,4,4,5,2,7,4,5,5,5,4,6,3,2,5,3,5,5,5,4,5,6,5,6
PROPN + CCONJ + NOUN + NOUN,3,5,3,4,4,2,2,4,5,3,4,6,4,5,3,5,3,6,3,6,5,5,5,6,1,3,5,5,4,3,5,4,4,3,3,5,5,6,4,4,3,5,5,5,3,4,7,4,5,6,4,2,5,4,4,6,3,3,6,5,7,6,4,5,6,5,5,4,3,6,5,5,5,0,4,5,4,5,3,5,3,5,6,7,3,6,4,5,7,6,4,4,5,4,4,6,5,5,4,4,5,7,5,5,2,4,3,4,5,7,5,6,6,6,4,6,6,4,6,5,4,7,5,6,6,7,6,4,5,5,5,5,6,6,4,5,6,4,4,5,3,3,5,2,6,4,5,4,4,7,3,4,2,6,4,9,5,3,6,5,6,6,6,6,7,7,5,9,8,8,7,6,8,6,4,3,3,4,4,7,5,6,4,7,6,7,7,7,4,5,4,8,7,8,5,11,4,7,5,8,7,6,6,7,6,4,2,6,5,11,5,3,5,6,4,7,7,4,2,7,4,7,5,4,5,6,4,6,4,18,14,5,19,5,6,5,4,5,8,11,4,8,5,4,8,5,5,6,5,9,4,5,5,4,7,6,6,9,7,5,8,6,8,9,6,4,4,5,5,6,3,5,6,3,3,6,4,5,8,4,4,3,7,8,3,6,3,6,6,5,6,4,4,3,5,6,6,7,5,6,5,10,6,8,5,3,7,7,6,4,5,3,6,7,7,8,8,7,9,5,7,9,7,6,8,8,7,7,7,8,8,5,9,6,6,9,5,7,6,7,8,7,6,4,8,6,8,5,10,10,8,9,6,9,7,7,7,6,7,5,3,4,7,4,7,7,9,8,6,6,4,7,7,3,5,6,7,8,7,7,7,9,10,7,11,7,10,5,8,5,6,7,7,6,8,7,8,9,9,6,9,4,9,5,2,7,4,7,6,7,4,6,4,5,3,3,3,4,6,3,5,5,6,6,6,9,5,10,4,4,4,7,5,3,6,5,6,7,4,4,4,7,9,6,3,4,6,2,4,4,5,4,7,6,5
ADJ + NOUN + NOUN + VERB,3,3,5,2,2,2,4,6,3,3,4,4,4,3,1,1,1,4,3,4,5,3,5,4,3,5,5,5,4,5,3,4,4,3,3,3,5,4,2,4,3,5,5,5,3,4,5,4,5,6,2,6,5,4,4,4,3,7,2,5,7,4,4,3,4,3,3,2,3,6,3,7,5,4,0,5,4,3,3,5,3,5,4,5,5,4,2,3,3,6,4,2,3,2,4,4,7,5,2,4,3,5,3,5,4,4,3,4,5,5,3,2,6,4,4,4,4,6,4,3,6,5,3,4,4,5,4,4,5,3,7,5,4,4,2,3,4,2,6,5,5,3,3,2,4,6,5,4,4,5,3,4,4,6,6,9,5,3,6,3,6,6,4,4,7,7,7,7,6,6,7,6,8,6,4,5,5,4,2,5,5,6,4,5,4,5,7,7,4,5,4,8,5,8,5,9,6,7,7,4,7,6,4,7,6,4,4,4,5,9,5,5,7,8,4,5,3,2,4,7,4,5,5,2,1,8,6,6,6,16,12,3,19,5,6,7,4,3,6,9,4,8,3,6,8,5,5,4,3,7,4,7,5,2,7,4,8,5,5,7,8,6,6,7,6,4,4,3,3,4,3,5,6,5,3,6,4,3,6,4,2,5,5,8,3,2,5,4,6,5,4,4,2,3,5,6,6,5,5,4,5,8,6,4,5,5,5,9,4,4,5,5,8,3,5,8,6,7,9,5,5,7,5,6,6,4,7,5,3,6,6,5,7,6,6,9,3,5,6,7,6,5,4,4,4,4,6,7,8,8,6,9,6,7,5,5,5,6,7,5,5,6,7,4,7,5,7,6,6,4,4,7,5,5,5,6,9,6,7,5,7,9,8,5,9,5,8,5,6,5,4,7,5,4,6,5,6,7,9,6,9,6,7,5,2,5,6,7,4,7,4,6,6,5,3,3,3,2,6,5,3,5,6,6,6,7,5,10,2,4,6,3,5,5,4,3,6,5,2,4,4,5,7,8,5,2,4,2,4,4,3,4,3,6,3
PROPN + VERB + ADV,4,2,2,5,3,5,3,3,4,6,3,3,1,6,6,4,4,5,6,3,4,4,2,1,4,4,4,6,5,4,4,5,5,4,4,2,4,3,5,5,4,4,4,4,4,7,6,3,4,5,7,5,6,7,5,3,2,4,3,6,6,5,5,6,3,4,4,7,6,3,6,4,2,5,5,0,5,4,4,4,6,4,3,4,2,3,5,4,4,7,7,7,4,7,3,5,4,2,5,5,8,4,8,4,7,7,4,3,2,2,4,5,3,7,5,5,5,3,5,4,3,4,4,7,5,2,5,3,6,4,6,4,5,5,3,4,9,5,5,6,2,8,6,3,3,3,2,3,5,4,4,3,5,5,3,10,4,6,5,4,7,5,5,7,10,6,6,6,7,5,4,7,9,7,7,4,4,5,5,6,4,9,5,6,5,4,8,8,7,4,7,7,4,7,6,10,5,6,6,7,6,3,3,6,5,5,5,5,4,12,6,6,8,5,3,6,4,5,5,4,5,2,6,7,6,5,3,5,5,19,17,8,20,4,5,4,5,6,7,8,3,7,6,5,5,4,2,5,6,6,7,4,8,5,10,7,9,10,8,6,7,7,7,10,11,7,3,4,4,5,6,6,3,6,6,5,7,2,7,7,5,6,4,7,6,7,6,5,5,8,5,5,7,4,8,9,3,6,4,3,6,7,5,7,4,4,8,4,7,7,8,4,7,6,6,7,7,4,10,6,4,6,4,5,5,5,6,6,4,7,7,6,8,7,5,6,6,6,5,6,7,8,9,5,7,7,5,4,7,9,9,8,7,4,4,6,6,7,6,4,6,7,10,5,6,6,4,5,7,5,5,10,6,4,8,7,8,5,8,4,6,10,7,6,10,6,9,6,5,6,9,8,8,7,7,4,7,6,6,5,10,3,8,8,7,2,3,4,5,8,3,3,7,4,6,4,6,5,5,4,8,8,7,9,7,6,6,9,3,5,5,2,4,4,5,2,7,2,5,5,5,4,6,5,2,5,3,5,5,5,4,5,4,5,6
X + NOUN,1,3,3,2,2,2,2,4,3,3,2,4,4,3,3,3,3,4,3,4,3,3,3,4,3,3,3,5,2,3,3,2,2,3,3,3,3,4,4,2,3,5,3,3,3,4,5,2,5,4,4,4,3,4,4,4,3,5,4,3,3,4,4,3,4,3,3,4,3,4,3,5,5,4,4,5,0,3,3,5,3,3,4,5,3,4,4,3,5,4,4,4,3,4,4,4,5,5,4,4,5,5,5,3,4,4,3,4,3,5,3,4,6,4,2,4,4,4,4,3,4,5,3,4,4,5,4,2,5,3,5,1,4,4,4,3,4,4,4,3,3,5,3,4,4,6,5,4,2,5,5,6,4,6,4,9,5,3,4,3,4,4,4,4,7,5,7,7,6,6,5,4,8,6,4,3,3,4,4,5,3,6,2,5,4,5,7,7,4,3,4,6,5,6,5,9,6,7,7,8,5,6,4,7,4,2,4,4,3,11,5,5,7,6,4,5,5,4,4,5,4,5,3,4,5,4,2,4,4,18,16,5,21,3,4,3,4,3,6,9,4,8,5,6,8,5,5,4,5,7,4,5,5,4,7,4,8,9,7,7,8,6,6,9,8,4,4,3,3,4,3,1,6,3,3,4,4,3,6,4,4,5,7,8,5,6,5,6,4,5,4,4,4,3,5,6,6,5,5,4,5,8,4,6,5,3,7,7,6,4,5,3,6,5,5,6,6,5,9,3,5,7,5,4,6,6,7,5,5,6,6,5,7,6,4,7,3,5,4,5,6,7,6,4,6,4,6,5,8,8,8,7,6,7,5,5,5,6,7,3,5,6,7,2,5,5,7,6,4,4,2,7,5,5,5,6,9,6,5,5,5,7,8,5,11,5,8,7,6,5,6,7,5,6,6,5,6,7,9,4,9,4,7,5,4,5,4,7,4,7,2,6,6,3,3,3,3,4,4,3,5,5,6,6,6,7,5,8,4,4,4,5,3,3,4,5,4,5,4,4,4,5,7,6,5,4,4,4,4,4,5,4,5,4,5
NOUN + VERB + ADJ,2,2,4,3,1,3,3,5,2,4,3,3,3,4,4,2,2,3,4,3,4,2,4,3,4,4,4,2,3,4,2,3,3,4,2,2,4,1,3,3,4,4,4,4,4,5,4,3,4,5,5,5,4,5,3,3,2,6,3,4,6,3,5,4,3,2,2,5,4,5,4,6,4,5,3,4,3,0,4,4,2,4,3,4,4,3,3,2,4,5,3,5,4,3,3,3,6,4,3,5,6,4,6,2,5,3,4,3,4,4,2,3,5,5,3,3,5,5,3,2,5,2,4,5,3,4,3,3,4,2,6,4,3,3,3,2,7,3,5,4,4,6,2,3,3,5,4,3,1,4,4,5,5,5,5,8,4,4,5,2,3,5,3,3,8,6,8,6,5,5,6,5,9,7,3,2,4,3,3,4,4,5,3,6,3,4,8,8,5,4,3,7,4,7,4,8,3,6,8,7,6,3,3,6,5,3,5,3,4,10,6,6,8,7,3,4,4,5,5,6,5,4,4,5,4,7,5,5,5,15,13,6,20,4,5,6,3,4,5,8,3,7,4,7,5,4,4,3,4,6,5,6,4,3,8,5,9,8,6,4,7,7,5,8,9,5,3,4,2,3,4,2,5,4,4,5,5,2,5,3,3,6,6,5,6,3,6,5,5,6,3,5,3,4,6,7,5,6,4,3,6,7,5,5,4,4,6,8,3,5,6,4,7,4,4,7,5,6,10,4,4,6,4,5,5,5,6,4,4,5,5,6,6,5,5,8,4,4,5,6,7,6,5,5,5,5,5,6,7,5,9,8,7,6,4,4,4,5,8,4,6,7,6,3,6,4,6,5,3,3,3,8,4,6,4,5,8,5,6,4,6,8,7,4,10,4,7,6,3,4,7,6,6,7,7,4,5,6,8,5,8,5,6,6,5,2,5,6,3,6,3,5,7,4,4,4,4,3,5,4,6,6,7,7,7,6,4,9,3,1,5,4,4,4,3,4,3,4,3,3,3,2,6,7,4,3,3,5,5,3,4,5,4,5,4
ADJ + PROPN + NOUN,2,4,2,1,3,3,1,3,2,4,3,5,3,2,2,2,4,3,4,5,4,2,4,5,2,4,4,4,3,2,4,3,3,4,4,4,4,3,5,3,2,6,4,4,4,5,4,3,4,5,3,3,4,5,5,5,2,4,3,4,6,5,5,2,5,4,4,3,4,5,2,4,4,3,3,4,3,4,0,4,2,4,5,6,2,3,5,4,4,5,3,3,2,3,3,3,4,4,5,3,4,6,4,4,5,3,2,3,4,6,4,3,5,3,3,3,3,3,5,4,3,4,2,3,3,6,3,3,6,4,4,4,5,5,5,4,5,5,3,4,2,4,2,3,5,5,4,3,3,6,4,5,3,3,3,10,4,4,5,4,5,5,5,3,8,6,6,8,7,7,6,5,9,7,3,2,2,5,5,4,4,5,3,4,5,6,8,6,3,4,3,7,6,7,6,10,5,6,6,7,6,5,5,6,5,3,3,3,4,10,6,4,8,5,3,4,4,3,3,6,5,6,4,3,4,5,3,5,5,17,15,4,20,4,5,4,5,2,5,10,5,7,6,5,7,4,4,5,6,8,5,4,4,5,8,3,5,8,6,6,7,7,7,8,7,5,1,2,4,3,4,4,5,4,4,5,5,4,7,3,3,4,6,7,4,5,4,5,5,6,3,3,3,4,6,7,5,4,4,5,6,9,5,5,2,2,8,6,7,5,6,2,7,4,4,7,5,6,10,4,6,8,6,5,7,5,4,6,4,5,7,4,6,7,5,8,2,4,5,6,5,8,5,3,5,3,5,4,9,9,5,8,7,8,6,6,6,5,8,4,4,5,6,3,6,4,8,7,5,5,3,8,6,4,4,7,8,7,6,6,6,8,9,6,8,6,9,6,5,4,5,8,4,5,5,6,7,8,8,5,10,3,8,6,3,4,3,6,5,8,3,5,5,4,4,4,4,5,5,4,4,6,7,7,7,8,6,9,3,3,3,4,4,2,5,4,5,6,5,3,5,4,8,5,4,5,5,1,5,5,4,5,4,5,4
VERB + ADP + PROPN,4,2,2,5,3,5,3,3,4,6,3,3,3,6,6,4,4,3,6,3,4,4,4,3,4,4,4,4,5,4,4,5,3,4,4,4,2,3,5,5,4,4,4,2,6,7,4,5,4,5,7,5,4,5,3,1,4,4,3,4,6,5,3,6,3,4,4,7,4,5,4,4,4,5,5,4,5,4,4,0,6,4,3,2,4,5,5,4,4,7,5,5,4,7,5,3,2,4,5,5,6,4,8,4,7,7,4,1,4,4,4,5,3,5,3,5,7,5,5,4,1,2,6,7,5,4,5,5,4,2,2,4,5,5,5,4,9,5,1,4,4,8,6,5,3,5,4,5,5,4,6,5,5,5,3,8,2,6,3,4,5,3,5,7,8,4,8,4,5,5,4,7,7,5,7,4,2,5,5,6,4,7,5,8,5,4,6,6,7,6,5,5,4,7,4,10,7,6,8,9,6,5,3,2,5,5,5,5,4,12,4,6,6,5,3,6,4,7,5,6,7,4,6,7,6,5,3,5,5,17,15,8,18,4,5,2,5,6,7,8,3,3,6,7,7,4,4,5,6,6,5,4,6,5,8,5,9,10,6,6,7,5,7,8,9,7,3,6,4,3,6,6,3,6,6,3,7,4,7,7,5,6,8,9,8,7,6,5,5,6,5,5,7,6,8,7,3,4,4,3,4,7,5,7,4,4,6,6,7,5,6,4,7,4,4,7,9,6,8,6,4,4,4,5,5,5,6,6,6,7,5,6,6,5,3,6,4,6,7,4,9,8,9,5,7,5,5,4,9,9,9,6,7,6,6,4,6,5,6,4,4,7,8,5,6,6,6,5,7,5,5,10,4,6,8,5,10,3,6,6,6,8,5,6,6,6,9,6,5,6,7,6,6,7,7,4,7,6,6,3,8,5,6,8,7,4,3,6,3,8,3,1,7,4,6,6,4,5,5,4,6,6,7,7,5,6,6,9,5,5,5,4,4,4,5,4,5,4,5,3,5,4,6,3,4,5,3,5,5,5,4,5,6,5,6
NOUN + ADJ + NOUN,2,4,4,1,3,1,3,5,2,2,3,5,5,2,2,2,2,3,2,5,4,2,4,5,2,4,4,2,3,4,4,3,3,2,2,4,4,3,3,3,2,6,4,4,2,3,4,3,4,5,3,5,4,3,3,5,4,6,3,4,6,5,3,2,5,4,4,3,2,5,2,6,6,3,3,6,3,2,2,6,0,4,5,6,4,3,3,4,4,5,1,3,2,1,3,3,6,6,3,3,4,6,4,2,3,1,2,5,4,6,4,3,7,3,3,3,3,5,5,4,5,4,2,3,3,6,3,3,4,4,6,4,5,5,3,4,5,3,5,4,4,4,2,3,5,7,6,5,1,6,4,5,3,5,5,8,6,2,5,4,3,5,5,3,6,6,6,8,7,7,6,5,7,5,1,2,4,3,3,4,4,3,3,4,5,6,6,6,3,4,1,7,6,7,4,10,3,6,6,7,6,5,5,8,5,3,3,3,4,8,4,4,6,7,3,4,4,3,3,6,3,6,4,3,4,7,5,5,5,15,13,4,18,4,5,6,3,2,5,10,5,9,4,5,7,4,4,5,4,8,3,6,2,3,6,3,7,8,6,4,7,5,7,6,7,3,3,2,4,3,2,2,7,4,2,5,3,4,7,1,3,4,6,5,4,3,4,5,5,4,3,3,1,2,4,5,7,4,4,5,4,9,5,5,4,4,6,8,5,3,4,4,7,4,4,7,5,6,8,4,6,8,6,5,7,5,6,6,4,5,7,4,6,5,5,8,2,4,5,6,5,6,3,3,5,3,5,6,9,7,7,8,5,8,6,6,6,3,6,4,4,5,4,3,6,4,8,7,3,5,3,6,6,4,2,5,6,7,6,6,6,8,9,6,10,6,9,6,5,4,5,6,4,5,5,6,7,8,10,5,8,5,8,4,3,4,5,6,5,6,3,7,5,4,2,2,2,3,5,4,4,4,5,5,5,8,4,9,3,1,5,4,4,4,5,4,3,6,3,3,3,4,8,7,6,3,5,3,3,3,4,3,4,5,4
VERB + DET + NOUN,2,2,4,3,3,3,3,5,4,4,1,3,3,4,4,4,4,3,4,3,4,2,4,3,4,2,4,4,3,4,2,3,3,2,2,4,2,3,5,1,4,4,4,4,4,5,4,3,4,5,5,5,4,5,3,3,4,6,3,2,6,5,3,2,3,4,4,5,4,5,4,6,4,5,5,4,3,4,4,4,4,0,3,4,2,5,3,4,4,3,5,5,2,5,3,5,6,4,5,5,6,4,6,4,5,5,4,3,2,4,4,5,5,3,3,5,3,1,5,2,5,4,4,5,3,4,3,3,2,4,4,4,3,3,5,4,7,5,3,4,4,6,4,5,3,5,4,5,3,4,6,5,5,7,5,6,4,4,3,4,5,3,5,5,6,2,4,6,3,5,2,5,7,3,5,4,4,1,5,4,4,7,3,6,3,4,6,8,5,4,5,7,4,5,4,8,3,4,8,7,4,5,3,6,5,3,5,1,4,12,4,6,6,7,5,6,4,5,5,4,3,4,4,5,6,7,5,1,3,15,15,4,18,4,1,6,3,4,7,6,3,7,4,3,7,6,6,5,4,6,3,6,4,5,6,3,9,10,4,4,5,3,5,6,7,5,5,4,4,5,2,4,5,4,4,3,5,4,5,5,3,6,8,5,6,5,6,5,5,6,5,5,5,4,6,5,5,6,6,3,4,7,3,7,6,4,6,8,5,5,6,4,5,4,2,3,5,4,6,4,4,6,4,5,5,5,8,4,4,7,7,6,6,5,3,6,4,4,5,4,5,6,5,3,5,3,7,6,7,7,7,8,7,6,6,4,4,5,6,2,4,7,6,3,2,6,6,5,3,3,3,8,4,2,4,5,8,5,4,6,6,6,7,6,10,4,7,6,5,6,7,6,4,7,3,4,7,6,8,1,6,3,8,4,5,4,5,8,5,6,3,5,5,4,4,4,4,5,5,4,6,4,5,5,5,6,4,7,5,3,5,4,2,4,5,4,3,4,5,3,3,4,6,7,4,5,3,5,3,3,4,3,6,1,2
VERB + NUM,3,1,3,4,2,4,4,4,3,5,2,2,2,5,5,3,3,4,5,2,3,3,3,2,5,3,1,5,2,5,3,2,4,3,3,3,3,2,4,4,5,3,3,3,5,6,5,4,5,2,6,6,3,6,4,2,3,5,2,5,5,4,4,5,2,3,3,6,5,4,5,5,3,6,4,3,4,3,5,3,5,3,0,3,3,4,4,3,3,6,6,6,3,6,4,4,5,3,4,6,7,3,7,5,6,6,5,2,3,3,3,4,4,6,4,4,6,4,4,3,4,3,5,6,4,3,4,4,5,3,5,3,4,4,4,3,8,4,4,5,5,7,5,4,2,4,3,4,4,3,5,4,6,6,2,9,1,3,4,3,6,2,4,4,9,5,7,5,6,4,5,6,8,6,6,5,5,4,4,3,5,6,4,5,4,3,9,9,6,3,6,6,3,6,5,9,6,7,9,8,5,4,2,5,4,4,6,4,5,11,5,7,7,6,4,5,3,6,6,5,6,3,3,6,5,6,4,4,4,16,16,7,19,3,4,5,4,5,6,9,2,6,5,6,6,5,5,4,5,5,6,5,7,4,9,6,10,9,7,7,8,6,6,9,10,6,4,5,3,4,5,5,4,3,3,4,6,3,6,6,4,7,7,8,7,6,7,6,4,7,2,6,6,5,5,8,4,7,5,2,5,4,2,6,5,5,7,7,6,4,7,5,6,5,5,6,8,3,9,3,3,5,3,4,4,4,7,5,5,6,6,7,7,6,4,7,5,5,4,5,8,7,8,6,6,6,6,3,8,8,10,7,8,5,5,3,5,4,7,3,5,8,7,4,5,5,5,4,6,4,4,7,5,5,7,6,9,4,7,5,5,9,6,5,9,5,8,7,4,5,8,7,5,6,6,3,6,5,7,4,9,2,5,7,6,3,4,7,4,7,4,4,8,3,5,5,5,4,4,3,7,7,8,8,8,5,5,8,4,4,6,3,3,5,4,3,6,3,4,4,4,3,5,6,3,4,2,6,4,4,3,4,5,4,5
VERB + PRON + ADP,4,2,4,5,3,5,5,5,4,6,3,3,3,6,6,4,4,3,6,3,2,4,4,3,6,4,4,4,5,6,4,5,3,4,4,4,2,3,5,5,6,4,4,2,6,7,4,5,4,5,7,7,4,5,3,1,4,6,3,4,6,5,3,6,3,4,4,7,4,5,4,6,4,7,5,4,5,4,6,2,6,4,3,0,4,5,5,4,4,5,5,5,4,7,5,3,4,4,5,7,6,4,8,6,7,7,6,3,4,4,4,5,5,5,3,5,7,5,5,4,3,2,6,7,5,4,5,5,4,2,4,4,5,5,5,4,9,5,3,4,6,8,6,5,3,5,4,5,5,4,6,5,7,7,5,8,4,6,3,4,5,3,5,7,8,2,8,4,5,3,4,5,7,5,7,6,4,5,5,6,4,7,3,8,5,4,6,8,7,6,5,3,4,7,4,10,7,6,10,9,4,5,3,2,3,5,7,5,4,12,4,8,6,7,5,4,4,7,5,6,7,4,6,7,6,7,5,3,5,17,15,6,18,4,5,4,5,4,7,8,3,5,6,7,5,4,6,5,4,4,5,4,6,5,8,5,9,10,6,6,7,5,7,8,9,7,5,6,4,3,6,6,5,6,6,3,7,4,7,7,5,8,6,9,8,7,8,7,3,6,5,7,7,6,8,7,5,6,6,3,4,7,5,7,6,4,6,6,7,5,6,6,5,4,4,5,9,6,8,4,2,4,4,5,5,3,6,6,6,5,5,8,4,5,3,6,4,4,7,4,9,8,9,7,7,5,5,4,9,9,9,4,7,6,6,4,6,5,6,2,6,9,8,3,6,4,6,3,7,5,5,10,4,6,8,5,8,3,4,6,4,6,3,6,8,6,9,6,5,6,7,6,6,7,7,2,7,4,4,3,8,5,6,6,7,4,5,6,3,8,5,3,7,4,6,6,4,5,5,4,6,6,7,7,7,4,4,9,5,5,7,4,4,6,3,4,5,4,5,5,5,4,6,5,4,5,3,7,5,5,4,5,6,5,6
PROPN + VERB + NOUN,2,2,2,3,3,3,1,3,4,4,1,3,1,4,4,4,4,3,4,3,4,2,4,3,2,2,4,4,3,2,2,3,3,2,2,4,2,3,5,3,2,4,4,4,4,5,6,3,2,5,5,3,4,5,3,3,2,4,3,4,6,5,3,4,3,4,4,5,4,5,4,4,2,3,5,2,3,4,2,4,4,2,3,4,0,5,3,4,4,5,5,5,2,5,1,5,4,2,5,3,6,4,6,4,5,5,2,3,2,4,4,5,3,5,3,5,5,1,5,4,3,4,4,5,3,4,3,3,4,4,4,4,3,5,5,4,7,5,3,4,2,6,4,3,3,3,2,3,3,4,4,3,3,5,3,8,4,4,3,4,5,3,5,5,8,4,4,6,5,5,4,5,7,5,5,2,2,3,5,6,4,7,3,6,5,4,8,6,5,4,5,7,4,5,4,10,3,4,6,9,4,3,3,6,5,3,3,3,4,12,4,4,6,5,3,6,4,5,3,4,5,4,4,5,6,5,3,3,3,17,15,6,18,4,3,4,3,4,7,8,3,7,4,3,5,4,4,5,4,6,5,4,6,5,8,5,7,10,6,4,5,5,5,8,9,5,3,4,4,5,4,4,3,4,4,3,5,2,5,5,3,4,6,5,6,5,4,5,5,6,5,3,5,4,6,7,3,6,4,3,4,7,3,7,4,2,8,6,7,5,6,2,5,6,4,5,7,4,8,4,4,6,4,5,5,5,6,6,6,7,7,4,8,5,3,6,4,4,5,4,7,8,7,3,7,5,7,4,9,9,7,8,7,6,6,6,6,5,6,2,4,5,8,3,4,6,6,5,5,5,3,8,6,2,6,5,6,5,6,6,6,8,7,6,10,6,9,4,5,6,7,6,6,7,5,4,7,6,6,3,8,1,8,6,5,4,3,6,5,6,3,3,5,4,4,4,4,5,5,4,6,6,7,7,7,6,4,7,3,3,3,4,2,2,5,2,5,4,5,3,3,4,6,5,2,5,3,3,3,3,4,3,6,3,4
ADV + ADJ,3,3,3,2,4,4,4,4,1,5,4,4,4,3,3,3,5,4,5,4,3,3,1,2,5,5,3,5,4,5,5,4,4,5,5,3,5,2,6,4,3,5,3,3,3,6,3,2,5,4,4,6,5,6,6,4,5,5,2,5,5,6,6,3,2,5,3,4,5,2,3,5,5,6,4,3,4,3,3,5,3,5,4,5,5,0,6,5,3,6,4,4,3,4,4,2,5,5,6,4,5,5,5,3,6,4,5,4,3,3,5,4,6,4,4,2,2,6,4,5,4,3,1,4,4,3,4,2,7,5,7,3,6,6,4,5,6,6,6,5,3,5,3,6,4,6,3,6,2,5,7,4,4,4,4,11,5,5,6,3,4,6,6,4,9,7,9,7,8,6,5,6,10,8,4,3,5,6,6,3,3,6,4,3,6,5,9,7,4,3,4,6,5,8,7,11,6,7,7,8,7,2,4,7,4,4,6,4,3,9,7,7,7,6,2,3,3,2,6,5,4,3,5,4,5,6,4,6,6,18,16,5,21,3,6,5,6,3,4,9,4,8,7,8,6,3,1,6,7,7,6,5,5,6,9,4,6,7,7,7,8,8,8,9,8,6,2,3,5,2,5,3,6,5,5,6,6,5,8,4,4,7,7,8,5,6,7,8,4,7,2,4,4,3,7,8,6,5,3,4,7,8,6,6,3,5,9,5,6,6,7,5,8,5,5,8,6,5,11,5,5,5,3,4,6,4,3,5,5,4,8,5,5,8,6,7,3,5,4,5,4,7,6,4,6,4,2,5,8,8,8,7,6,5,5,7,5,6,7,5,5,8,7,4,7,3,5,6,4,4,4,9,5,7,5,8,9,6,7,5,5,9,8,7,9,7,10,9,4,3,6,9,5,4,4,5,8,7,9,6,11,6,9,7,4,1,4,3,4,9,4,6,8,3,5,3,5,6,4,3,5,7,6,8,8,7,7,8,4,4,6,3,3,5,6,3,4,3,4,6,6,3,7,6,5,6,4,4,6,6,3,6,5,6,5
NOUN + VERB + NOUN + VERB,3,3,5,4,2,2,4,6,5,3,2,4,4,5,3,3,1,4,3,2,5,3,5,4,3,3,5,3,4,5,1,4,4,3,1,3,3,4,2,4,5,3,5,5,3,4,7,4,5,6,4,6,5,4,2,4,3,7,4,5,7,2,4,5,4,3,3,4,3,6,5,7,5,4,2,5,4,3,5,5,3,3,4,5,3,6,0,1,5,6,4,4,3,4,4,6,7,3,2,6,5,3,5,5,4,4,3,4,3,3,3,4,4,6,4,6,6,4,4,3,6,5,5,6,4,5,4,4,3,3,5,5,2,4,2,3,6,2,4,5,5,5,5,2,4,6,5,4,4,5,3,6,6,8,6,7,5,3,4,3,6,4,2,6,7,5,7,5,4,4,5,6,8,6,4,5,5,2,2,7,5,6,4,7,4,5,7,7,6,5,4,8,5,6,3,7,4,7,7,6,5,6,4,7,6,4,4,4,5,9,5,5,7,8,6,7,3,4,4,5,4,5,5,4,3,8,6,4,4,14,14,5,19,5,4,7,2,5,8,7,4,8,3,6,6,7,7,2,3,7,4,7,5,2,7,6,10,7,5,5,8,6,4,9,8,4,6,5,3,6,3,5,4,5,3,4,4,3,4,4,4,5,5,6,5,4,5,4,6,5,6,6,4,3,5,6,6,7,7,4,5,6,4,6,7,5,5,9,4,4,5,5,6,5,5,6,8,5,9,5,3,7,5,6,6,6,9,5,5,8,6,7,9,4,4,7,5,5,6,5,8,5,6,6,6,6,8,7,6,6,8,9,6,7,5,5,5,6,7,3,5,6,7,4,5,7,7,4,6,4,4,7,5,5,5,4,7,6,7,5,7,9,6,5,11,5,6,5,4,7,6,5,7,6,6,5,4,5,7,4,7,4,7,5,4,5,6,9,4,5,4,6,6,5,3,3,3,2,6,5,5,5,6,6,6,7,3,8,4,2,6,5,3,5,4,5,6,5,2,2,2,5,7,8,5,2,4,4,4,2,5,4,3,4,5
NOUN + VERB + VERB,2,2,4,3,1,3,3,5,4,4,3,3,3,4,4,2,2,5,4,1,4,4,4,3,4,4,4,4,3,4,2,3,3,4,2,2,4,3,3,3,4,2,4,4,4,5,6,3,6,5,5,5,4,5,3,3,2,6,3,4,6,1,5,4,3,2,2,5,4,5,4,6,4,5,3,4,3,2,4,4,4,4,3,4,4,5,1,0,4,5,5,5,4,5,5,5,6,2,3,5,6,2,6,4,5,5,4,3,4,2,2,3,3,5,3,5,5,5,3,2,5,4,4,5,5,4,5,3,4,2,6,4,3,3,3,2,7,3,5,4,4,6,4,3,3,5,4,3,3,4,4,5,5,7,5,8,4,4,3,2,5,5,1,5,8,6,8,4,5,3,6,5,9,7,5,4,4,3,3,6,4,7,3,6,3,4,8,8,5,4,5,7,4,7,4,6,5,8,8,7,6,5,3,6,5,3,5,5,4,10,6,6,8,7,5,6,2,5,5,4,5,4,4,5,4,7,5,5,3,15,15,6,20,4,5,6,3,4,7,8,3,7,4,7,5,6,6,1,4,6,5,6,6,1,8,5,9,8,6,6,9,5,3,10,9,5,5,4,2,5,4,4,3,4,4,5,5,2,3,5,5,6,6,7,6,5,6,5,5,6,5,5,5,4,6,7,5,6,6,3,6,5,5,5,6,4,6,8,5,5,6,4,7,4,6,7,7,6,10,4,2,6,4,5,5,5,8,4,4,7,5,6,8,5,5,8,4,6,5,6,7,6,7,5,5,5,7,6,5,5,9,8,7,6,4,4,4,7,8,4,6,7,8,3,6,6,6,3,5,3,3,8,4,6,6,5,8,5,6,4,6,8,5,4,10,4,5,6,3,6,7,4,6,7,7,4,3,4,6,5,8,5,6,6,5,4,5,8,3,6,3,5,7,4,4,4,4,3,5,4,6,6,7,7,7,6,4,7,3,3,5,4,4,4,3,4,5,4,3,3,3,4,6,7,4,3,3,5,5,3,4,3,2,5,6
ADJ + ADJ + VERB,4,2,4,3,3,5,5,5,2,6,3,3,3,2,4,2,4,5,6,3,4,4,4,3,6,4,4,6,5,6,4,5,5,4,4,4,4,3,5,5,4,4,4,4,6,7,4,5,6,5,3,7,6,7,5,3,4,6,1,6,6,5,5,4,3,4,4,5,6,5,4,6,4,7,3,4,5,4,4,4,4,4,3,4,4,3,5,4,0,7,5,5,2,5,5,3,6,4,5,5,6,4,4,4,7,5,6,3,4,4,4,1,5,5,5,1,5,5,5,4,5,4,4,3,5,4,5,5,6,4,6,4,5,5,5,4,5,5,5,6,6,6,2,5,3,5,4,5,3,4,6,3,5,5,5,10,4,6,5,4,5,5,5,3,10,6,8,6,7,5,6,7,9,7,5,4,6,5,5,4,6,7,5,6,5,4,10,10,5,6,5,7,4,7,6,10,7,8,10,7,6,5,3,6,5,5,7,5,6,10,6,8,8,7,3,4,2,5,7,6,7,4,6,5,4,7,5,5,5,17,15,6,20,4,5,6,5,4,3,10,3,7,6,7,7,4,4,5,6,6,7,6,6,5,10,5,9,6,6,8,7,7,7,8,9,7,3,4,4,3,6,4,5,6,6,5,7,4,7,5,5,8,8,9,6,5,8,7,5,8,3,5,3,6,8,9,5,4,4,3,6,7,5,3,4,6,8,8,7,7,8,6,7,4,6,7,5,6,10,6,4,6,4,5,5,3,6,6,4,5,7,6,6,7,5,8,4,6,7,6,7,8,5,5,5,5,5,6,9,9,9,8,9,6,6,6,6,7,8,4,6,9,8,5,6,4,6,5,5,5,5,10,6,6,6,7,8,5,8,6,6,10,7,6,8,6,9,8,5,4,7,8,6,7,5,4,7,6,8,5,10,5,8,8,5,4,5,6,5,8,5,5,9,4,6,6,6,5,5,4,6,8,9,9,9,6,6,9,3,5,7,2,4,6,5,2,5,4,5,5,5,2,6,7,4,5,3,5,5,5,2,5,4,5,6
PRON + AUX + DET + NOUN,3,5,5,4,4,4,4,6,5,5,4,4,6,5,5,5,5,6,5,6,3,5,5,6,5,5,5,7,4,5,5,4,4,5,5,5,5,6,6,2,5,7,5,5,5,6,5,4,7,6,6,6,5,6,6,6,5,7,6,3,7,6,6,3,6,5,5,6,5,6,5,7,7,6,6,7,4,5,5,7,5,3,6,5,5,6,6,5,7,0,6,6,5,6,6,6,7,7,6,6,7,5,7,5,6,6,5,6,5,7,5,6,8,4,4,6,4,4,6,3,6,7,5,6,6,5,4,4,5,5,7,5,6,4,6,5,8,6,6,5,5,7,5,6,4,8,7,6,4,5,7,8,6,8,6,5,7,5,6,5,6,6,6,6,5,3,5,7,4,6,5,2,8,6,6,5,5,4,6,5,5,8,4,7,4,5,3,9,6,5,6,6,3,4,5,9,6,7,9,8,5,8,6,7,4,4,6,4,5,13,7,7,7,8,6,3,7,6,6,5,4,7,5,6,7,8,6,2,6,18,14,5,21,5,4,7,6,3,8,7,6,6,7,4,8,5,7,6,5,5,4,3,5,6,7,4,8,11,7,7,8,6,8,9,8,6,6,5,5,6,3,5,8,5,5,6,6,5,8,6,6,7,9,6,7,8,7,8,2,7,6,6,6,5,7,6,8,7,7,6,7,10,6,8,7,5,3,5,6,6,7,5,6,5,5,4,4,5,5,5,5,7,5,6,4,6,5,5,5,4,8,7,5,6,4,5,5,5,6,5,4,7,6,4,4,4,6,5,8,8,4,5,6,5,7,5,5,8,7,3,7,8,7,2,3,5,5,6,4,4,4,9,5,5,5,6,7,4,1,5,3,5,8,5,9,5,4,9,8,5,8,7,5,8,6,5,4,7,9,4,5,6,9,1,6,7,6,5,6,9,4,8,6,5,5,5,5,6,6,5,7,5,6,6,6,7,5,6,6,6,6,7,5,5,6,7,4,7,6,6,6,7,7,8,7,6,4,6,6,4,7,6,7,2,5
NOUN + ADP + ADJ + NOUN,3,5,5,2,4,2,4,6,3,3,4,6,6,3,3,3,3,2,3,6,5,3,5,6,3,5,5,1,4,5,5,4,2,3,3,5,3,4,4,4,3,7,5,3,3,4,3,4,3,6,4,6,3,2,2,4,5,7,4,3,7,6,2,3,6,5,5,4,1,6,1,7,7,4,4,7,4,3,3,5,1,5,6,5,5,4,4,5,5,6,0,2,3,2,4,2,5,7,4,4,5,7,5,3,4,2,3,6,5,7,5,4,8,2,2,4,4,6,6,5,4,3,3,4,2,7,4,4,3,3,5,5,6,6,4,5,6,4,4,3,5,5,3,4,6,8,7,6,2,7,5,6,4,6,6,7,7,3,4,5,2,4,6,4,5,5,7,7,6,8,5,6,8,4,2,3,3,4,4,5,3,2,4,5,6,7,5,5,4,5,2,6,7,8,3,11,4,5,7,6,7,6,6,7,6,4,4,4,3,9,3,5,5,8,4,5,5,4,2,7,4,7,5,4,5,8,6,6,6,14,12,5,17,5,6,5,4,3,6,9,6,8,3,6,8,5,5,6,5,9,2,7,1,4,5,4,8,9,5,3,6,4,8,5,6,4,4,3,5,4,3,3,8,5,3,4,4,5,8,2,4,5,7,6,5,4,5,6,6,3,4,4,2,3,5,4,8,5,5,6,3,10,6,6,5,3,7,9,6,2,3,5,8,5,3,8,6,7,7,5,7,7,7,6,8,6,7,7,5,6,6,5,5,4,4,7,3,5,6,5,6,5,4,4,6,4,4,7,10,6,8,7,6,9,7,5,7,2,7,5,5,6,3,4,7,5,9,8,4,6,4,7,5,5,3,4,7,6,5,7,7,7,8,7,11,7,10,7,6,5,4,5,3,6,6,7,8,9,9,4,7,6,7,5,4,5,6,7,4,7,4,6,4,5,3,3,3,4,6,5,3,3,4,4,4,9,5,10,4,2,6,5,5,5,6,5,4,7,4,4,4,5,9,6,7,2,6,4,4,4,5,4,5,6,5
ADJ + NOUN + ADP + NOUN,3,5,5,2,4,2,4,6,3,3,4,6,6,3,1,3,3,4,3,6,5,3,5,6,3,5,5,3,4,5,5,4,2,3,3,5,3,4,4,4,3,7,5,3,3,4,5,4,5,6,2,6,3,2,2,4,5,7,4,3,7,6,2,3,6,5,5,2,1,6,3,7,7,4,2,7,4,5,3,5,3,5,6,5,5,4,4,5,5,6,2,0,3,2,4,4,5,7,4,4,3,7,3,5,4,4,3,6,5,7,5,4,8,4,2,4,4,6,6,5,4,5,3,4,4,7,4,4,3,3,5,5,6,6,4,5,4,4,4,3,5,3,3,4,6,8,7,6,4,7,5,6,4,6,6,7,7,3,4,5,4,4,6,4,5,5,7,7,6,8,5,6,8,4,4,5,3,4,4,5,3,4,4,5,6,7,5,5,4,5,2,6,7,8,3,11,6,7,7,4,7,6,6,7,6,4,4,4,3,11,3,5,5,8,4,5,5,2,2,7,4,7,5,2,3,8,6,6,6,14,12,3,17,5,6,5,4,3,6,9,6,8,3,6,8,5,5,6,5,9,2,7,3,4,5,2,8,7,3,5,6,4,8,5,4,4,4,3,5,2,3,5,8,5,3,4,4,5,8,4,2,5,7,8,3,4,5,6,6,3,4,4,2,3,5,4,8,3,5,6,3,10,6,6,5,3,7,9,6,2,3,5,8,3,5,8,6,7,7,5,7,7,7,6,8,6,7,7,5,6,6,5,7,4,4,7,1,5,6,5,6,5,4,4,6,2,6,7,10,8,6,7,6,9,7,5,7,4,7,5,5,6,5,4,7,5,9,8,6,6,4,7,5,5,5,4,9,6,5,7,7,7,8,7,9,7,10,7,6,5,2,5,5,4,4,7,8,9,9,4,7,6,7,5,2,5,6,7,4,7,4,6,4,5,3,3,3,4,6,5,1,3,4,4,4,9,5,10,4,4,6,5,5,5,6,5,4,7,4,4,4,5,9,6,7,2,6,2,4,4,5,4,5,6,3
ADJ + VERB + NOUN,2,2,4,1,3,3,3,5,2,4,1,3,3,2,2,2,4,3,4,3,4,2,4,3,4,2,4,4,3,4,2,3,3,2,2,4,2,3,5,3,2,4,4,4,4,5,4,3,4,5,3,5,4,5,3,3,4,6,1,4,6,5,3,2,3,4,4,3,4,5,2,6,4,5,3,4,3,4,2,4,2,2,3,4,2,3,3,4,2,5,3,3,0,3,3,3,6,4,5,3,4,4,4,4,5,3,4,3,2,4,4,3,5,3,3,3,3,3,5,4,5,4,2,3,3,4,3,3,4,4,4,4,3,5,5,4,5,5,3,4,4,4,2,5,3,5,4,5,3,4,6,3,3,5,5,8,4,4,3,4,5,3,5,3,8,4,6,6,5,5,4,5,7,5,3,4,4,3,5,4,4,5,3,4,5,4,8,8,3,4,3,7,4,5,4,10,5,6,8,7,4,5,3,6,5,3,5,3,4,10,4,6,6,7,3,4,2,3,5,4,5,4,4,3,4,7,5,3,3,15,13,4,18,4,3,6,3,2,5,8,3,7,4,5,7,4,4,5,4,6,5,6,4,5,8,3,7,8,4,6,7,5,5,8,7,5,3,2,4,3,4,4,5,4,4,3,5,4,5,3,3,6,8,7,4,3,6,5,5,6,3,3,3,4,6,7,5,4,4,3,4,7,3,5,4,4,8,8,7,5,6,4,5,4,4,5,5,4,8,4,4,6,4,5,5,3,6,6,4,5,7,4,6,5,3,6,2,4,5,4,5,8,5,3,5,3,5,6,9,9,7,8,7,6,6,6,6,5,6,2,4,7,6,3,4,4,6,5,5,5,3,8,6,4,4,5,6,5,6,6,6,8,7,6,8,6,9,6,5,4,5,6,4,5,3,4,7,6,8,3,8,3,8,6,3,4,5,6,5,6,3,5,7,4,4,4,4,5,5,4,4,6,7,7,7,6,4,7,3,3,5,2,2,4,5,2,5,4,5,3,3,4,6,7,4,5,3,3,3,3,2,3,4,3,4
NOUN + ADJ + NOUN + NOUN,3,5,5,2,4,2,4,6,3,3,4,6,6,3,1,3,3,4,1,6,5,3,5,6,3,5,5,3,4,5,5,4,4,3,3,5,5,4,2,4,3,7,5,5,3,2,5,4,5,6,2,6,5,2,4,6,5,7,4,5,7,6,4,3,6,5,5,2,3,6,3,7,7,4,2,7,4,3,3,7,1,5,6,7,5,4,4,5,5,6,2,2,3,0,4,4,7,7,4,4,3,7,3,3,2,2,3,6,5,7,5,4,8,4,4,4,4,6,6,5,6,5,3,4,4,7,4,4,5,5,7,5,6,6,4,5,4,4,6,5,5,3,3,4,6,8,7,6,2,7,3,6,4,6,6,9,7,3,6,5,4,6,6,4,5,7,7,9,8,8,7,6,6,6,2,3,5,4,4,5,5,4,4,5,6,7,7,7,4,5,2,8,7,8,5,11,4,7,5,6,7,6,6,9,6,4,2,4,5,9,3,5,7,8,4,5,5,2,4,7,4,7,5,2,3,8,6,6,6,14,12,3,17,5,6,7,4,3,6,11,6,10,3,6,8,5,5,6,3,9,4,7,3,4,5,4,8,7,5,5,8,6,8,7,6,2,4,3,5,4,3,3,8,5,3,6,2,5,8,2,2,3,7,6,3,4,3,6,6,3,4,4,2,3,3,4,8,5,5,6,3,10,6,6,5,5,7,9,6,4,3,5,8,5,5,8,6,7,9,5,7,9,7,6,8,6,7,7,5,6,8,5,7,6,6,9,3,5,6,7,6,7,4,4,6,4,6,7,10,8,6,9,6,9,7,7,7,4,7,5,5,4,5,4,7,5,9,8,4,6,4,5,7,5,3,6,7,8,7,7,7,9,10,7,11,7,10,7,6,5,4,7,5,4,6,7,8,9,11,6,7,6,9,5,2,5,6,7,6,7,4,8,6,5,3,3,3,4,6,5,3,5,6,4,6,9,5,10,4,2,6,5,5,5,6,5,4,7,4,4,4,5,9,8,7,4,6,2,4,4,5,4,5,6,3
PROPN + VERB + ADJ + NOUN,3,3,3,2,4,4,2,4,3,5,2,4,2,3,3,3,5,2,5,4,5,1,5,4,3,3,5,3,4,3,3,4,4,3,3,5,3,2,6,4,1,5,5,5,5,6,5,4,1,6,4,4,5,6,4,4,3,5,4,5,7,6,4,3,4,5,5,4,5,6,3,5,3,4,4,3,4,3,3,5,3,3,4,5,1,4,4,5,5,6,4,4,3,4,0,4,5,3,6,2,5,5,5,3,6,4,3,4,3,5,5,4,4,4,4,4,4,2,6,5,4,3,3,4,2,5,2,4,5,5,5,5,4,6,6,5,6,6,4,5,3,5,3,4,4,4,3,4,4,5,5,4,2,6,4,9,5,5,4,5,6,4,6,4,9,5,5,7,6,6,5,6,8,6,4,3,3,4,6,5,5,6,4,5,6,5,9,7,4,5,4,8,5,6,5,11,2,3,7,8,5,2,4,7,6,4,4,2,5,11,5,5,7,6,2,5,5,4,4,5,6,5,5,4,5,6,4,4,4,16,14,5,17,5,4,5,4,3,6,9,4,8,5,4,4,3,3,6,5,7,6,5,5,6,9,4,8,9,7,3,4,6,6,7,8,6,4,3,5,4,5,5,4,5,5,4,6,3,6,4,2,5,7,4,5,4,5,6,6,7,4,2,4,5,7,8,4,5,3,4,5,8,4,6,5,3,9,7,6,6,7,3,6,5,3,6,6,5,9,5,5,7,5,6,6,6,7,7,5,6,8,3,7,6,4,7,3,3,6,5,6,9,6,2,6,4,6,5,10,8,8,9,8,7,7,7,7,4,7,3,5,6,7,4,5,5,7,6,6,6,4,9,7,3,5,6,7,6,7,7,7,9,8,7,11,7,10,5,4,5,6,7,5,6,6,5,8,7,7,4,9,2,9,7,4,3,4,5,6,7,4,4,6,5,5,5,5,6,6,5,5,7,8,8,8,7,5,8,2,2,4,5,3,3,6,3,6,5,6,4,4,3,7,6,3,6,4,4,4,4,5,4,5,4,3
ADP + ADJ,3,3,3,2,4,4,4,4,1,5,4,4,4,3,3,3,5,2,5,4,3,3,3,4,5,5,3,3,4,5,5,4,2,5,5,5,3,2,6,4,3,5,3,1,5,6,1,4,3,4,4,6,3,4,4,2,5,5,2,3,5,6,4,3,4,5,5,4,3,4,1,5,5,6,4,5,4,3,3,3,3,5,4,3,5,2,6,5,3,6,2,4,3,4,4,0,3,5,4,4,5,5,5,3,6,4,5,4,5,5,5,4,6,2,2,2,4,6,6,5,2,1,3,4,2,5,4,4,5,3,5,3,6,6,6,5,6,6,4,3,5,5,3,6,4,6,5,6,2,5,7,4,4,4,4,9,5,5,4,5,2,4,6,4,7,5,9,5,6,6,5,6,8,6,4,3,3,6,6,3,3,4,4,5,6,5,7,7,4,5,4,4,5,8,5,11,6,5,9,8,7,4,4,5,4,4,6,4,3,11,5,7,7,6,2,3,3,4,4,7,6,5,5,4,5,6,4,6,6,16,14,5,19,3,6,3,6,3,4,9,4,6,5,8,6,3,3,6,7,7,4,5,3,6,7,4,8,9,7,5,6,6,8,7,8,6,2,3,5,2,5,3,6,5,5,4,6,5,8,4,4,7,9,8,5,6,7,8,4,5,2,4,4,5,7,6,6,5,3,4,5,8,6,6,3,3,7,7,6,4,5,5,8,5,3,8,6,7,9,5,5,5,5,4,6,4,5,7,5,4,6,5,3,6,4,7,3,5,6,5,6,7,6,4,6,4,2,5,10,6,8,5,6,7,7,5,7,4,7,5,7,8,5,4,7,3,7,6,4,6,4,9,5,7,5,6,9,4,5,7,5,7,6,7,9,7,10,7,4,3,6,7,3,6,6,5,8,7,7,4,9,6,7,7,4,3,4,5,4,9,4,4,6,3,5,5,3,6,4,3,5,5,6,6,6,7,7,10,4,4,6,3,5,5,6,3,2,5,6,6,6,3,7,4,5,4,4,4,6,6,3,6,5,6,5
ADP + PROPN + PROPN,4,4,2,5,5,5,3,1,4,6,5,5,3,6,6,6,6,5,6,5,4,6,4,5,4,6,4,6,5,2,6,5,3,6,6,6,4,5,7,5,4,6,4,2,6,7,4,5,6,5,7,3,4,5,5,3,4,2,5,4,6,7,5,6,5,6,6,7,4,5,4,2,2,5,7,4,5,6,4,2,6,6,5,4,4,5,7,6,6,7,5,5,6,7,5,3,0,4,5,5,6,6,8,4,7,7,4,3,6,6,6,7,5,5,3,5,7,5,7,6,1,4,6,7,5,6,7,5,6,4,2,4,7,7,7,6,9,7,3,4,4,8,6,5,5,3,4,3,5,6,6,5,5,3,3,10,4,6,5,6,5,5,7,7,8,6,6,6,7,7,6,7,9,7,7,4,2,7,7,6,4,7,5,8,7,6,6,6,7,6,5,5,6,9,6,12,7,8,8,9,8,5,5,4,5,5,5,7,4,14,6,4,8,3,3,6,6,7,5,8,7,6,6,7,8,3,3,7,7,19,17,8,20,4,7,2,7,6,7,10,5,3,6,7,7,4,4,7,8,8,5,4,6,7,8,5,7,12,8,8,9,7,9,10,9,7,3,6,6,3,6,6,3,6,6,5,7,4,9,7,7,6,8,9,8,9,6,7,5,6,5,3,7,6,8,7,3,4,2,5,6,9,7,9,4,4,8,6,9,5,6,4,9,6,6,9,9,8,10,6,6,6,6,5,7,7,6,8,8,7,7,4,6,7,5,8,4,8,7,6,9,8,9,5,9,5,5,4,11,9,9,6,7,8,8,6,8,7,8,6,6,7,8,5,8,6,8,7,7,7,5,10,6,6,8,7,10,5,6,8,6,8,7,8,8,8,11,8,7,6,7,8,6,7,7,6,9,8,8,5,10,5,8,8,7,6,3,6,5,10,3,3,5,4,6,6,4,7,5,4,6,6,7,7,5,8,8,11,5,7,3,6,6,4,7,4,5,6,7,5,7,6,8,3,4,5,5,5,7,7,6,7,8,7,8
PROPN + VERB + VERB,4,2,2,5,3,5,3,3,4,6,3,3,1,6,6,4,4,5,6,1,4,4,4,3,4,4,4,6,5,4,2,5,5,4,4,4,4,3,5,5,4,2,4,4,6,7,6,5,4,5,7,5,6,7,5,3,2,4,3,6,6,3,5,6,3,4,4,7,6,5,6,4,2,5,5,2,5,4,4,4,6,4,3,4,2,5,3,2,4,7,7,7,4,7,3,5,4,0,5,5,8,2,8,4,7,7,4,3,4,2,4,5,3,7,5,5,7,3,5,4,3,4,6,7,5,4,5,5,6,4,6,4,3,5,5,4,9,5,5,6,4,8,6,3,3,3,2,3,5,4,4,3,5,5,3,10,4,6,3,4,7,5,3,7,10,6,6,4,5,3,6,7,9,7,7,4,4,5,5,6,6,9,5,8,5,4,8,8,7,6,7,7,4,7,6,8,5,6,8,9,6,3,3,6,5,5,5,5,6,12,6,6,8,5,3,6,2,7,5,4,7,4,6,7,6,5,3,5,3,17,17,8,18,4,5,4,3,6,7,8,3,7,6,5,3,4,4,3,6,6,7,4,8,3,10,7,9,10,8,6,7,5,5,10,11,7,3,6,4,5,6,6,3,6,6,5,7,2,5,7,5,6,6,7,8,7,6,5,5,8,5,5,7,6,8,9,3,6,4,3,6,5,5,7,4,4,8,6,7,7,8,4,7,6,6,7,9,6,10,6,2,6,4,5,5,5,6,6,6,7,7,6,8,7,5,8,6,6,7,6,9,8,9,5,7,7,7,4,7,7,9,8,9,6,6,6,6,7,8,4,6,7,10,5,6,6,6,3,7,5,5,10,6,4,8,7,8,5,8,6,6,10,5,6,10,6,7,4,3,6,9,6,8,9,7,4,5,4,4,5,10,3,8,8,7,4,3,6,5,6,3,3,7,4,6,6,6,5,5,4,8,8,9,9,7,6,6,7,3,5,5,4,4,4,5,2,7,4,5,5,5,4,6,5,2,5,3,5,5,5,4,3,4,5,6
ADP + NOUN + NOUN + VERB,3,3,5,4,2,2,4,6,5,3,4,4,4,5,3,3,1,4,3,4,5,5,5,4,3,5,5,5,4,5,3,4,2,3,3,3,3,4,2,4,5,5,5,3,3,4,5,4,5,6,4,6,3,4,4,4,3,7,4,3,7,4,4,5,4,3,3,4,3,6,3,7,5,4,2,5,4,3,5,5,3,5,4,5,5,6,2,3,5,6,4,4,5,4,6,4,5,5,0,6,3,5,5,5,4,4,3,4,5,5,3,4,6,4,4,6,6,6,4,3,4,5,5,6,4,5,6,4,5,3,5,5,4,4,2,3,6,2,4,5,5,5,5,2,4,6,5,4,4,5,3,6,6,8,6,9,5,3,4,3,6,4,4,6,7,5,7,5,4,6,5,6,6,6,4,5,3,4,2,7,5,6,4,7,4,5,7,5,6,5,4,6,5,8,5,9,6,7,7,6,7,6,4,7,6,4,4,6,3,9,3,5,7,8,6,7,5,4,4,7,4,5,5,4,3,8,6,6,6,16,12,5,17,5,6,5,4,5,8,9,4,8,3,6,8,7,7,4,3,7,4,7,5,2,5,6,10,7,5,7,10,6,6,7,6,4,6,5,3,4,3,5,6,5,3,4,4,3,6,4,4,5,5,8,5,4,5,4,6,5,6,6,4,3,5,4,6,7,7,4,5,8,6,6,7,3,5,9,4,4,3,5,8,5,5,8,8,7,9,5,5,7,5,6,6,6,9,5,5,8,6,7,7,6,4,7,3,7,6,5,8,5,6,6,6,4,6,7,8,8,8,7,6,7,5,5,5,6,5,5,5,6,7,4,7,7,7,6,6,4,4,7,5,5,5,6,9,6,7,5,7,7,8,5,11,5,8,3,6,7,4,7,5,4,6,5,6,7,9,4,9,6,7,5,4,5,6,9,4,7,4,6,6,5,3,3,3,2,6,5,3,5,6,4,6,7,5,10,4,4,6,5,5,5,4,5,4,5,2,4,4,5,7,6,5,2,4,4,4,4,5,4,5,6,5
PROPN + PART + ADJ + NOUN,3,5,3,2,4,4,2,4,3,5,4,6,4,3,3,3,5,4,5,6,5,3,5,6,3,5,5,5,4,3,5,4,4,5,5,5,5,4,6,4,1,7,5,5,5,6,5,4,3,6,4,4,5,6,6,6,3,5,4,5,7,6,6,3,6,5,5,4,5,6,3,5,5,4,4,5,4,5,3,5,3,5,6,7,3,4,6,5,5,6,4,4,3,4,2,4,5,5,6,0,5,7,5,3,6,4,3,4,5,7,5,4,6,4,4,4,4,4,6,5,4,5,3,4,4,7,4,4,7,5,5,5,6,6,6,5,6,6,4,5,3,5,3,4,6,6,5,4,4,7,5,4,2,6,4,11,5,5,6,5,6,6,6,4,9,7,7,7,8,8,7,6,8,8,4,3,3,6,6,5,5,6,4,3,6,7,9,5,4,5,4,8,7,8,7,11,4,5,5,8,7,4,6,7,4,4,4,4,5,11,7,5,9,6,2,5,5,4,4,7,6,7,5,4,5,6,4,6,6,16,16,5,19,3,4,5,6,3,6,9,6,8,7,6,6,3,3,6,7,7,6,5,5,6,9,4,6,9,7,5,6,8,8,9,8,4,4,3,5,4,5,5,6,5,5,6,6,5,8,4,4,5,7,4,5,6,5,6,6,7,4,2,4,5,7,8,6,5,3,4,7,10,6,6,5,3,9,7,8,6,7,1,6,5,5,8,6,7,9,5,7,9,7,6,6,6,7,7,5,6,8,1,7,8,6,9,3,5,6,7,6,9,4,2,6,4,6,5,10,8,6,9,8,9,7,7,7,6,9,5,5,4,7,4,7,3,9,6,6,6,4,9,7,5,5,8,7,8,7,7,7,9,8,7,11,7,10,5,4,5,6,7,5,6,6,7,8,9,7,6,9,4,9,7,4,5,4,5,6,7,4,6,6,5,5,5,5,6,6,5,5,7,8,8,8,9,7,8,2,4,4,5,5,3,6,3,6,7,6,4,6,5,7,6,5,6,6,4,6,6,5,6,5,6,5
ADJ + ADP + NOUN + NOUN + NOUN,4,6,6,3,5,3,5,7,4,4,5,7,7,4,2,4,4,5,2,7,6,4,6,7,4,6,6,6,5,6,6,5,3,4,4,6,4,5,3,5,4,8,6,4,4,3,6,5,6,7,3,7,4,3,5,5,6,8,5,4,8,7,5,4,7,6,6,1,4,7,4,8,8,5,3,8,5,6,4,6,4,6,7,6,6,5,5,6,6,7,5,3,4,3,5,5,6,8,3,5,0,8,4,6,3,5,4,7,6,8,6,5,9,5,5,5,5,7,7,6,5,6,4,5,5,8,5,5,6,6,6,6,7,7,5,6,5,5,5,6,6,2,4,5,7,9,8,7,5,8,4,7,5,7,7,10,8,4,5,6,7,5,7,5,6,6,8,8,7,9,6,7,5,7,5,6,4,5,5,6,6,7,5,6,7,8,8,6,5,6,3,7,8,9,6,12,7,8,6,7,8,7,7,8,7,5,3,5,4,12,4,6,8,9,5,6,6,3,5,8,5,8,6,3,4,9,7,7,7,15,13,4,18,6,7,6,5,4,7,12,7,9,4,7,9,6,6,7,4,10,5,8,6,5,6,5,9,8,4,8,9,7,9,8,5,3,5,4,6,3,4,6,9,6,4,5,3,6,9,3,3,4,8,9,4,3,4,7,7,4,5,5,3,4,4,3,9,6,6,7,4,11,7,7,6,4,8,10,7,5,4,6,9,6,6,9,7,8,10,6,8,8,8,7,9,7,8,8,6,7,9,6,8,7,5,8,2,6,7,6,7,8,5,5,7,3,7,8,11,11,7,8,7,10,8,8,8,7,6,6,6,5,8,5,8,6,10,9,7,7,5,6,8,6,4,7,10,7,8,8,8,8,9,8,10,8,11,6,7,6,1,8,6,3,5,8,9,10,10,5,8,7,10,6,3,6,7,8,7,8,5,7,7,6,4,4,4,5,7,6,2,6,7,5,7,10,6,11,5,5,7,6,6,6,7,6,5,8,5,5,5,6,10,7,8,5,7,3,5,5,6,5,6,7,4
PRON + VERB + VERB,4,2,4,5,3,5,5,5,4,6,3,1,3,6,6,4,4,5,6,1,2,4,4,3,6,4,4,6,5,6,2,5,5,4,4,4,4,3,5,5,6,2,4,4,6,7,6,5,6,5,7,7,6,7,5,3,4,6,3,6,6,3,5,6,3,4,4,7,6,5,6,6,4,7,5,4,5,4,6,4,6,4,3,4,4,5,3,2,4,5,7,7,4,7,5,5,6,2,5,7,8,0,8,6,7,7,6,3,4,2,4,5,3,7,5,5,7,5,5,4,5,4,6,7,5,2,3,5,6,4,6,4,3,5,5,4,9,5,5,4,6,8,6,5,3,5,4,5,5,2,6,5,7,7,5,8,4,6,3,4,7,5,3,7,10,6,8,4,3,3,6,5,7,7,7,6,6,5,5,6,6,9,3,8,5,2,8,10,7,6,7,5,2,5,6,6,7,8,10,9,4,5,3,6,3,5,7,5,6,12,6,8,8,7,5,4,2,7,7,2,7,4,6,7,6,7,5,5,3,17,15,6,20,4,5,6,3,4,7,6,3,5,6,5,3,4,6,3,6,4,7,4,8,3,8,7,9,10,8,8,9,5,5,10,11,7,5,6,4,5,6,6,3,6,6,5,7,4,5,7,5,8,8,9,8,7,8,5,3,8,5,7,7,6,8,9,5,8,6,3,6,5,5,7,6,6,6,6,7,7,8,6,7,6,6,5,9,4,8,4,2,4,2,5,3,5,6,6,6,5,7,8,6,7,5,6,6,4,7,6,9,6,9,7,7,7,7,4,5,5,9,6,9,4,6,6,6,7,6,4,6,9,10,3,4,4,4,3,7,5,5,10,6,6,8,7,10,3,6,4,4,8,3,4,8,6,5,6,3,6,9,4,8,9,7,2,3,2,6,5,8,5,8,6,7,4,5,6,5,6,5,5,9,4,6,6,6,5,5,4,8,8,9,9,9,4,6,5,5,5,7,4,4,6,5,4,7,4,5,5,5,4,4,7,4,5,3,7,5,5,4,3,4,3,6
ADJ + ADJ + ADJ + NOUN + NOUN,4,6,6,3,5,3,5,7,4,4,5,7,7,2,2,4,4,5,4,7,6,4,6,7,4,6,6,6,5,6,6,5,5,4,4,6,6,5,5,5,4,8,6,6,4,5,6,5,6,7,1,7,6,5,5,7,6,8,5,6,8,7,5,4,7,6,6,3,4,7,4,8,8,5,3,8,5,6,4,8,4,6,7,8,6,5,5,6,4,7,5,3,4,3,5,5,8,8,5,5,4,8,0,6,5,5,4,7,6,8,6,3,9,5,5,3,5,7,7,6,7,6,4,1,5,8,5,5,6,6,8,6,7,7,5,6,3,5,7,6,6,4,4,5,7,9,8,7,5,8,6,7,5,7,7,10,8,4,7,6,7,7,7,5,8,8,8,10,9,9,8,7,9,7,5,6,6,5,5,6,6,7,5,6,7,8,8,8,5,6,5,9,8,9,6,12,7,8,8,7,8,7,7,10,7,5,5,5,6,12,6,6,8,9,5,6,6,3,5,8,5,8,6,3,4,9,7,7,7,17,15,4,20,6,7,8,5,4,5,12,7,11,6,7,9,6,6,7,6,10,5,8,6,5,8,5,9,6,6,8,9,7,9,8,7,5,5,4,6,5,4,6,9,6,4,7,5,6,9,5,3,6,8,9,4,5,6,7,7,6,5,5,3,4,6,7,9,4,6,7,6,11,7,5,6,6,8,10,7,5,6,6,9,6,6,9,7,8,10,6,8,10,8,7,9,7,8,8,6,7,9,6,8,7,7,10,4,6,7,8,7,8,5,5,7,5,7,8,11,11,7,10,7,10,8,8,8,7,8,6,6,7,8,5,8,6,10,9,7,7,5,8,8,6,6,7,10,9,8,8,8,10,11,8,12,8,11,8,7,6,5,8,6,5,7,8,9,10,12,7,10,7,10,6,3,6,7,8,7,8,5,9,7,6,4,4,4,5,7,6,4,6,7,7,7,10,6,11,5,5,7,6,6,6,7,6,7,8,5,5,5,4,10,9,8,5,7,3,5,5,6,5,6,7,4
NOUN + PROPN + ADJ,2,4,2,3,3,3,3,3,2,4,3,5,3,4,4,4,4,5,4,5,4,4,4,5,4,4,4,4,3,4,4,3,3,4,4,4,4,3,5,3,2,6,4,4,4,5,4,3,4,5,5,5,4,5,5,5,4,4,3,4,6,5,5,4,5,4,4,5,4,5,4,4,4,5,5,4,3,2,4,4,2,4,5,6,4,3,5,4,4,5,3,5,4,3,3,3,4,4,5,3,6,6,6,0,5,3,2,3,4,6,4,5,5,5,3,3,5,5,5,4,3,4,4,5,5,6,5,3,6,4,6,4,5,5,5,4,7,5,5,4,4,6,2,5,5,5,4,5,1,6,6,3,3,5,3,10,4,4,5,4,3,5,5,3,8,6,8,8,7,7,6,5,9,7,3,2,4,5,5,4,4,5,3,6,5,6,6,6,5,4,3,7,6,7,6,10,5,6,6,9,6,3,5,6,5,3,5,5,4,10,6,6,8,5,1,4,4,5,5,6,5,6,4,5,6,5,3,5,5,17,15,6,18,4,5,4,5,4,5,10,5,7,6,7,5,2,2,5,6,8,5,4,4,5,8,5,9,10,8,6,7,7,7,8,9,5,3,4,4,3,4,2,5,4,4,5,5,2,7,3,5,4,6,5,6,5,6,5,5,6,3,3,3,4,6,7,5,4,2,5,6,9,5,7,4,4,8,6,5,5,6,4,7,6,6,7,5,6,10,4,6,8,6,5,7,5,6,6,6,5,7,4,6,7,5,8,4,6,5,6,7,8,5,3,7,5,5,4,9,7,7,8,7,8,6,6,6,5,8,4,6,5,6,3,6,4,8,7,3,5,3,8,6,6,4,7,8,7,6,6,6,8,9,6,10,6,9,8,5,4,7,8,6,7,7,6,7,8,8,5,10,5,8,6,5,4,3,4,5,8,1,5,7,4,4,4,4,5,5,4,6,6,7,7,5,8,6,9,3,3,5,4,4,4,5,2,3,6,5,3,5,4,8,5,4,5,5,5,5,5,4,5,6,5,6
NOUN + CCONJ + NOUN + NOUN,3,5,5,4,4,2,4,6,5,1,4,6,6,5,3,5,3,6,1,6,5,5,5,6,3,3,5,5,4,5,5,4,4,3,3,5,5,6,2,4,5,5,5,5,3,2,7,4,7,6,4,4,5,2,4,6,5,5,6,5,7,4,4,5,6,3,5,2,3,6,5,7,7,2,4,7,4,5,5,7,3,5,6,7,5,6,4,5,7,6,4,4,5,2,6,6,7,7,4,6,3,7,5,5,0,2,3,6,5,7,5,6,6,6,4,6,6,6,6,5,6,7,5,6,6,7,6,4,5,5,7,5,4,6,4,5,6,2,6,5,5,1,5,4,6,6,7,6,4,7,3,6,4,6,6,9,7,3,6,5,6,6,6,6,5,7,7,9,8,8,7,6,6,4,2,5,5,4,4,7,5,6,4,7,6,7,7,7,4,5,4,8,7,8,5,11,6,9,5,8,7,8,6,9,6,4,2,6,5,9,3,5,5,8,6,7,7,4,4,7,4,7,5,4,5,8,6,6,4,16,12,5,19,5,6,7,4,5,8,11,4,10,3,6,10,7,7,6,3,9,4,7,5,4,5,6,8,9,5,7,10,6,8,9,4,2,6,5,5,6,3,5,8,3,3,6,2,5,8,2,4,3,7,8,3,4,3,6,6,3,6,6,4,3,3,4,8,7,7,6,3,10,6,8,7,5,7,9,6,4,3,5,6,7,7,8,8,7,9,5,7,9,7,6,8,8,9,7,7,8,8,7,9,6,6,9,5,7,6,7,8,7,6,6,8,6,8,7,10,10,8,9,6,9,7,7,7,6,7,5,5,4,7,4,7,7,9,8,6,6,4,5,7,5,3,6,9,8,7,7,7,9,10,7,13,7,10,7,8,5,4,7,7,6,8,7,8,9,9,6,7,6,9,5,2,7,6,9,6,5,4,8,6,5,3,3,3,4,6,3,3,5,6,4,6,9,5,10,6,4,6,7,5,5,6,7,6,7,4,4,2,7,9,8,5,4,6,4,2,4,5,4,7,6,5
NOUN + CCONJ + ADJ + NOUN,3,5,5,2,4,2,4,6,3,1,4,6,6,3,3,3,3,4,3,6,5,3,5,6,3,3,5,3,4,5,5,4,4,3,3,5,5,4,4,4,3,5,5,5,3,2,5,4,5,6,4,4,5,4,4,6,5,5,4,5,7,4,4,3,6,3,5,4,3,6,3,7,7,4,4,7,4,3,3,7,1,5,6,7,5,4,4,5,5,6,2,4,3,2,4,4,7,7,4,4,5,7,5,3,2,0,3,6,5,7,5,4,6,4,4,4,4,6,6,5,6,5,3,4,4,7,4,4,5,5,7,5,4,6,4,5,6,2,6,5,5,3,3,4,6,6,7,6,2,7,5,4,2,6,6,9,7,3,6,5,4,6,6,4,7,7,7,9,8,8,7,6,8,4,2,3,5,4,4,5,5,4,4,5,6,7,7,7,2,5,2,8,7,8,5,11,4,7,7,8,7,6,6,9,6,4,4,4,5,9,5,5,7,8,4,5,5,4,4,7,4,7,5,4,5,8,6,6,4,16,12,5,19,5,6,7,4,3,6,11,4,10,5,6,8,5,5,6,5,9,4,7,3,4,5,4,8,9,7,5,8,6,8,7,6,4,4,3,5,4,3,3,8,3,3,6,4,5,8,2,4,3,7,6,5,4,3,6,6,5,4,4,2,3,5,6,8,5,5,6,5,10,6,6,5,5,7,9,6,4,3,5,6,5,5,8,6,7,9,5,7,9,7,6,8,6,7,7,5,6,8,5,7,6,6,9,3,5,6,7,6,7,4,4,6,4,6,7,10,8,8,9,6,9,7,7,7,4,7,5,5,6,5,4,7,5,9,8,4,6,4,5,7,5,3,6,7,8,7,7,7,9,10,7,11,7,10,7,6,3,6,7,5,6,6,7,8,9,9,6,9,6,9,5,4,5,6,7,6,5,4,8,6,5,3,3,3,4,6,3,5,5,6,6,6,9,5,10,4,2,6,5,5,5,6,5,4,7,4,4,2,5,9,8,5,4,6,4,2,4,5,4,5,6,5
NOUN + PROPN + NOUN,2,4,2,3,3,1,1,3,4,2,3,5,3,4,2,4,2,5,2,5,4,4,4,5,2,4,4,4,3,2,4,3,3,2,2,4,4,5,3,3,2,6,4,4,2,3,6,3,4,5,3,3,4,3,3,5,2,4,5,4,6,5,3,4,5,4,4,3,2,5,4,4,4,3,3,4,3,4,2,4,2,4,5,6,2,5,3,4,6,5,3,3,4,3,3,5,4,4,3,3,4,6,4,2,3,3,0,3,4,6,4,5,5,5,3,5,5,3,5,4,3,6,4,5,5,6,5,3,4,4,4,4,5,5,3,4,5,3,3,4,2,4,4,3,5,5,4,3,3,6,4,5,3,5,3,8,4,2,5,4,5,5,5,5,6,6,6,8,7,7,6,5,7,5,3,2,2,3,3,6,4,5,3,6,5,6,6,4,5,4,3,7,6,7,4,10,5,6,4,7,6,5,5,6,5,3,3,5,4,10,4,4,6,5,3,6,6,3,3,6,3,6,4,3,4,5,3,5,5,17,15,4,18,4,5,4,3,4,7,10,5,7,4,5,7,4,4,5,4,8,3,4,4,3,6,5,7,8,6,6,7,5,7,8,7,3,3,4,4,5,2,4,5,4,2,5,3,2,7,3,3,2,4,5,4,5,4,3,5,4,5,3,3,2,4,5,5,4,4,5,4,9,5,7,4,2,6,6,5,3,4,2,7,6,6,7,7,6,8,4,6,8,6,5,7,7,6,6,6,7,7,4,8,5,5,8,4,6,5,6,7,6,5,3,7,5,7,4,9,9,5,8,5,8,6,6,6,5,6,4,4,3,6,3,6,6,8,7,5,5,3,6,6,4,4,5,8,7,6,6,6,8,9,6,10,6,9,6,7,6,5,6,6,5,7,6,7,8,8,5,8,3,8,4,3,6,3,6,5,6,1,5,5,4,2,2,2,3,5,4,4,4,5,5,5,8,4,9,3,3,3,6,4,2,5,4,5,6,3,1,3,6,8,5,4,3,5,3,3,3,6,3,6,5,4
VERB + PROPN,3,1,1,4,2,4,2,2,3,5,2,2,2,5,5,3,3,4,5,2,3,3,3,2,3,3,3,5,4,3,3,4,4,3,3,3,3,2,4,4,3,3,3,3,5,6,5,4,5,4,6,4,5,6,4,2,3,3,2,5,5,4,4,5,2,3,3,6,5,4,5,3,3,4,4,3,4,3,3,1,5,3,2,3,3,4,4,3,3,6,6,6,3,6,4,4,3,3,4,4,7,3,7,3,6,6,3,0,3,3,3,4,2,6,4,4,6,4,4,3,2,3,5,6,4,3,4,4,5,3,3,3,4,4,4,3,8,4,2,5,3,7,5,4,2,4,3,4,4,3,5,4,4,4,2,9,1,5,4,3,6,4,4,6,9,5,7,5,6,4,5,6,8,6,6,3,3,4,4,5,5,8,4,7,4,3,7,7,6,5,6,6,3,6,5,9,6,7,7,8,5,4,2,3,4,4,4,4,5,11,5,5,7,4,2,5,3,6,4,5,6,3,5,6,5,4,2,4,4,18,16,7,19,3,4,3,4,5,6,9,2,4,5,6,6,3,3,4,5,5,6,3,7,4,9,6,8,9,7,7,8,6,6,9,10,6,2,5,3,4,5,5,2,5,5,4,6,3,6,6,4,5,7,8,7,6,5,4,4,7,4,4,6,5,7,8,2,5,3,2,5,6,4,6,3,3,7,5,6,6,7,3,6,5,5,6,8,5,9,5,3,5,3,4,4,4,5,5,5,6,6,5,7,6,4,7,5,5,6,5,8,7,8,4,6,6,6,3,8,8,8,7,8,5,5,5,5,6,7,3,3,6,9,4,5,5,5,4,6,4,4,9,5,5,7,6,9,4,7,5,5,9,6,5,7,5,8,7,4,5,8,7,7,8,6,3,6,5,7,4,9,4,7,7,6,3,2,5,4,7,2,2,6,3,5,5,5,4,4,3,7,7,8,8,6,5,5,8,4,4,4,3,3,3,4,3,6,3,4,2,4,3,5,4,3,4,2,4,4,4,3,4,5,4,5
VERB + NOUN + ADV,2,2,4,3,3,3,3,5,4,4,1,3,3,4,4,4,4,3,4,3,4,2,2,1,4,2,4,4,3,4,2,3,3,2,2,2,2,3,5,3,4,4,4,4,2,5,6,1,4,5,5,5,4,5,3,3,4,6,3,4,6,5,3,4,3,4,2,5,4,3,4,6,4,5,5,2,3,4,4,4,4,2,3,4,2,3,3,4,4,5,5,5,2,5,3,5,6,4,5,5,6,4,6,4,5,5,4,3,0,2,4,5,5,5,3,5,5,3,3,4,5,4,4,5,3,2,3,3,4,4,4,4,3,5,3,4,7,5,3,4,2,6,4,5,3,5,4,5,3,4,6,5,5,7,5,8,4,4,3,4,5,3,5,5,8,4,6,6,5,5,4,5,7,5,5,4,4,3,5,6,2,7,3,6,5,4,8,8,5,2,5,7,4,5,4,10,5,6,6,7,4,5,3,6,5,3,5,3,4,10,4,6,6,7,5,6,4,5,5,4,3,2,4,5,6,7,5,3,3,17,15,6,20,4,3,6,3,4,7,6,3,7,4,5,7,6,4,5,4,6,5,6,6,5,8,5,9,10,6,6,7,5,5,8,9,5,5,2,4,5,4,4,5,4,4,3,5,4,5,5,3,6,6,7,6,5,6,5,5,6,5,5,5,4,6,7,5,6,6,3,4,7,3,5,6,4,8,6,7,5,6,4,5,6,4,5,5,2,8,4,4,6,4,5,5,5,6,6,4,7,7,6,8,5,3,4,4,4,3,4,7,6,7,5,7,5,5,6,7,9,9,8,5,4,4,6,4,5,6,2,4,7,8,3,4,6,4,5,5,3,3,8,4,4,6,5,8,5,6,4,6,8,7,6,10,6,9,6,5,6,7,6,6,7,5,4,7,6,8,3,8,3,8,6,5,2,5,6,3,6,3,5,7,4,4,2,4,5,5,4,6,6,5,7,7,6,4,7,5,3,5,2,2,4,5,4,5,2,5,3,3,4,6,7,4,5,3,5,3,3,4,3,4,3,4
VERB + VERB + ADV,4,2,4,5,3,5,5,5,4,6,3,3,3,6,6,4,4,5,6,1,4,4,2,1,6,4,4,6,5,6,2,5,5,4,4,2,4,3,5,5,6,2,4,4,4,7,6,3,6,5,7,7,6,7,5,3,4,6,3,6,6,3,5,6,3,4,4,7,6,3,6,6,4,7,5,2,5,4,6,4,6,4,3,4,4,3,3,2,4,7,7,7,4,7,5,5,6,2,5,7,8,2,8,6,7,7,6,3,2,0,4,5,3,7,5,5,5,5,5,4,5,4,4,7,5,2,5,3,6,4,6,4,3,5,3,4,9,5,5,6,4,8,6,5,3,5,4,5,5,4,6,5,7,7,5,10,4,6,3,4,7,5,3,7,10,6,8,4,5,3,4,7,9,7,7,6,6,5,5,6,4,9,5,6,5,4,10,8,7,4,7,7,4,7,6,8,7,8,8,7,6,5,3,6,5,5,7,5,4,12,6,8,8,7,5,6,2,5,7,2,5,2,6,7,6,7,5,5,3,17,17,8,20,4,5,6,3,6,7,6,3,7,6,7,5,6,4,3,6,6,7,6,8,3,10,7,9,10,8,8,9,5,5,10,11,7,5,4,4,5,6,6,3,6,6,5,7,4,5,7,5,8,6,9,6,7,8,5,5,8,5,7,7,4,8,9,5,8,6,3,6,5,5,7,6,6,8,6,7,7,8,6,7,6,6,7,7,4,10,6,2,6,4,5,5,5,6,6,4,7,7,8,8,7,5,6,6,6,5,6,7,8,9,7,7,7,5,6,5,7,11,8,7,4,4,6,6,7,6,4,6,9,10,5,6,6,4,3,7,5,5,10,6,6,8,7,10,5,8,4,6,10,5,6,10,6,7,6,3,6,9,6,8,7,7,4,5,4,6,5,10,5,8,8,7,2,5,6,5,6,5,5,9,4,6,4,6,5,5,4,8,8,7,9,9,6,6,7,5,5,7,2,4,6,5,4,7,2,5,5,5,4,6,7,4,5,3,7,5,5,4,3,4,5,6
NOUN + AUX + VERB,2,2,4,3,1,3,3,5,4,4,3,3,3,4,4,2,2,5,4,3,4,4,4,3,4,4,4,4,3,4,2,3,3,4,2,2,4,3,3,3,4,4,4,4,4,5,6,3,6,5,5,5,4,5,3,3,2,6,3,4,6,3,5,4,3,2,2,5,4,5,4,6,4,5,3,4,3,2,4,4,4,4,3,4,4,5,3,2,4,5,5,5,4,5,5,5,6,4,3,5,6,4,6,4,5,5,4,3,4,4,0,3,5,5,3,5,5,5,1,2,5,4,4,5,5,4,5,3,4,2,6,4,3,3,3,2,5,3,5,4,4,6,4,3,3,5,4,3,3,4,4,5,5,7,5,8,4,4,5,2,5,5,3,5,6,6,6,6,5,5,6,5,9,7,5,4,4,3,1,6,4,7,3,6,1,2,8,8,5,4,5,7,2,5,4,6,5,8,6,7,6,5,3,6,5,3,5,5,4,8,6,6,8,7,5,4,4,5,5,6,5,4,4,5,4,7,5,5,5,17,13,6,20,4,5,6,3,4,7,8,3,5,4,7,7,6,6,3,4,6,5,4,6,3,8,5,9,8,6,6,9,7,5,10,9,5,5,4,2,5,4,4,5,4,4,5,5,2,5,5,5,6,6,5,6,5,6,5,3,6,5,5,5,4,6,7,5,6,6,3,6,7,5,5,6,4,6,6,5,5,6,4,5,4,6,5,7,6,8,4,4,6,4,5,3,5,6,4,4,5,3,6,6,5,5,6,4,6,5,6,7,6,7,5,5,5,5,6,7,7,9,6,5,4,2,4,2,7,8,4,6,7,8,3,6,6,4,5,3,3,3,8,4,6,6,3,8,3,6,4,4,6,7,2,8,2,7,6,5,4,7,6,6,7,7,4,5,6,8,5,8,5,4,6,5,4,5,6,3,6,3,5,7,4,4,4,4,3,5,4,6,6,7,7,7,4,2,7,3,3,5,4,4,4,3,4,5,4,3,3,3,4,6,7,4,3,3,5,5,3,4,5,4,5,6
ADJ + ADJ + NOUN + VERB,3,3,5,2,2,4,4,6,3,5,4,4,4,1,3,1,3,4,5,4,5,3,5,4,5,5,5,5,4,5,3,4,4,5,3,3,5,4,4,4,3,5,5,5,5,6,5,4,5,6,2,6,5,6,4,4,3,7,2,5,7,4,6,3,4,3,3,4,5,6,3,7,5,6,2,5,4,3,3,5,3,5,4,5,5,4,4,3,1,6,4,4,3,4,4,4,7,5,4,4,5,5,3,5,6,4,5,4,5,5,3,0,6,4,4,2,4,6,4,3,6,5,3,2,4,5,4,4,5,3,7,5,4,4,4,3,4,4,6,5,5,5,3,4,4,6,5,4,4,5,5,4,4,6,6,9,5,5,6,3,6,6,4,4,9,7,9,7,6,6,7,6,10,8,4,5,5,4,4,5,5,6,4,5,4,5,9,9,4,5,4,8,5,8,5,9,6,7,9,6,7,6,4,7,6,4,6,4,5,9,7,7,9,8,4,5,3,4,6,7,6,5,5,4,3,8,6,6,6,16,14,5,19,5,6,7,4,3,4,9,4,8,5,8,8,5,5,4,5,7,6,7,5,4,9,4,8,5,5,7,8,8,6,7,8,6,4,3,3,4,5,5,6,5,5,6,6,3,6,4,4,7,7,8,5,4,7,6,6,7,4,4,2,5,7,8,6,3,5,4,7,8,6,2,5,5,7,9,6,6,7,5,8,3,5,8,6,7,11,5,5,7,5,6,6,4,7,5,3,6,6,5,7,6,6,9,3,5,6,7,6,7,4,4,4,4,6,7,8,8,8,9,8,7,5,5,5,6,9,5,7,8,7,4,7,5,7,6,6,4,4,9,5,7,5,6,9,6,7,5,7,9,8,5,9,5,8,7,6,5,6,7,5,6,6,5,6,7,9,6,9,6,7,7,4,5,6,7,4,7,4,6,8,5,5,5,5,4,6,5,5,7,8,8,8,7,5,10,2,4,6,3,5,5,4,3,6,5,4,4,4,3,7,8,5,4,4,4,6,4,3,6,3,6,5
VERB + CCONJ + PROPN + VERB,5,3,3,6,4,6,4,4,5,5,4,4,2,7,7,5,5,6,7,2,5,5,5,4,5,3,5,7,6,5,3,6,6,5,5,5,5,4,6,6,5,1,5,5,7,6,7,6,5,6,8,4,7,8,6,4,3,3,4,7,7,2,6,7,4,3,5,8,7,6,7,5,3,6,6,3,6,5,5,3,7,5,4,5,3,6,4,3,5,8,8,8,5,8,4,6,5,3,6,6,9,3,9,5,6,6,5,2,5,3,5,6,0,8,6,6,8,4,6,5,4,5,7,8,6,5,6,6,7,5,5,5,2,6,6,5,10,4,4,7,5,7,7,4,4,2,3,4,6,5,5,4,6,4,4,11,3,7,4,5,8,6,4,8,11,7,7,5,6,4,7,8,10,6,6,5,5,6,6,7,7,10,6,9,6,5,9,9,6,7,8,8,5,8,7,9,6,7,9,10,7,4,4,5,6,6,6,6,7,11,7,7,7,6,4,7,3,8,6,5,8,5,7,8,7,6,4,6,2,18,16,9,19,5,6,5,4,7,8,9,2,6,7,6,6,5,5,4,7,7,8,5,9,4,9,8,10,9,9,7,8,6,6,11,10,8,4,7,5,6,7,7,2,5,7,6,8,3,6,8,6,7,7,8,7,8,7,4,6,9,6,6,8,7,9,10,4,7,5,4,7,6,6,8,5,5,9,7,8,8,7,5,6,7,7,8,10,7,11,7,3,7,5,6,6,6,7,7,7,8,8,7,9,8,6,9,7,7,8,7,10,9,10,6,8,8,8,5,8,8,10,9,10,7,7,7,7,8,9,5,5,8,11,6,7,7,7,4,8,6,6,9,7,5,9,8,9,6,9,7,7,11,6,7,9,7,8,7,4,5,10,7,9,10,8,5,6,5,5,6,11,4,9,9,6,5,4,7,6,5,4,4,8,5,7,7,7,4,6,3,9,9,10,10,8,7,7,8,4,6,6,5,5,5,6,3,8,5,6,4,4,5,7,6,3,6,4,6,4,6,3,4,5,6,7
ADP + DET + ADJ + NOUN,3,5,5,2,4,4,4,6,3,5,4,6,6,3,3,3,5,2,5,6,5,3,5,6,5,5,5,3,4,5,5,4,2,5,5,5,3,4,6,2,3,7,5,3,5,6,1,4,3,6,4,6,3,4,4,4,5,7,4,1,7,6,4,1,6,5,5,4,3,6,1,7,7,6,4,7,4,5,3,5,3,3,6,5,5,4,6,5,5,4,2,4,3,4,4,2,5,7,4,4,5,7,5,5,6,4,5,6,5,7,5,4,8,0,4,4,2,4,6,3,4,3,3,4,2,7,4,4,3,5,5,5,6,4,6,5,6,6,4,5,5,5,3,6,6,8,7,6,4,7,7,6,4,6,6,7,7,5,4,5,2,4,6,4,5,3,7,7,4,8,3,6,8,4,4,5,3,4,6,3,5,4,4,5,4,7,7,7,4,5,4,6,7,8,5,9,4,3,9,6,7,6,6,7,6,4,6,2,3,11,5,7,7,8,4,5,5,4,4,7,4,7,5,4,5,8,6,4,6,16,12,3,17,5,4,5,6,3,6,9,6,8,5,6,8,5,5,6,7,9,2,7,1,6,7,2,8,9,5,3,6,6,8,5,6,6,4,3,5,4,3,5,8,5,5,4,6,5,8,4,4,7,9,6,5,6,7,8,6,5,4,4,4,5,7,4,8,5,5,6,5,10,6,6,5,3,7,9,6,4,5,5,8,3,1,6,4,7,9,5,7,7,7,6,8,6,7,5,3,6,8,5,3,6,4,7,3,5,6,5,4,7,4,2,4,2,4,7,8,8,6,7,8,9,7,5,5,4,7,5,7,8,5,4,5,5,9,8,4,4,4,9,5,5,3,6,7,6,5,7,7,5,8,7,11,5,8,7,6,5,6,7,1,6,4,7,8,9,9,2,7,6,9,5,4,5,6,7,6,9,4,6,4,5,5,5,5,6,6,5,5,5,4,4,4,9,7,10,4,4,6,5,5,5,6,5,2,7,6,6,6,5,9,6,7,4,4,4,6,4,5,6,5,4,3
NOUN + ADP,1,3,3,2,2,2,2,4,3,3,2,4,4,3,3,3,3,4,3,4,3,3,3,4,3,3,3,3,2,3,3,2,2,3,3,3,3,4,4,2,3,5,3,1,3,4,3,2,5,4,4,4,3,2,2,2,3,5,4,3,5,4,2,3,4,3,3,4,1,4,3,5,5,4,4,5,2,3,3,3,3,3,4,3,3,4,4,3,5,4,2,2,3,4,4,2,3,5,4,4,5,5,5,3,4,4,3,4,3,5,3,4,6,4,0,4,4,4,4,3,2,3,3,4,4,5,4,2,3,1,5,3,4,4,4,3,6,4,4,1,3,5,3,4,4,6,5,4,2,5,5,6,4,6,4,7,5,3,4,3,2,4,4,4,5,5,7,5,6,6,5,4,8,4,4,3,3,4,4,5,1,4,2,5,4,5,5,5,4,3,2,4,5,6,3,9,6,7,7,6,5,6,4,5,4,2,4,4,3,11,3,5,5,6,4,5,5,4,2,5,4,5,3,4,5,6,4,4,4,16,14,5,19,3,4,3,4,3,6,7,4,6,3,6,8,5,5,4,5,7,2,5,3,4,5,2,8,9,5,5,6,4,6,7,6,4,4,3,3,2,3,3,6,3,3,4,4,3,6,4,4,5,7,8,5,6,5,6,4,3,4,4,4,3,5,4,6,3,5,4,3,8,4,6,5,3,5,7,6,2,3,3,6,3,5,6,6,5,7,3,5,5,5,4,6,6,7,5,5,6,4,5,5,4,4,7,3,5,4,5,6,5,6,4,6,4,4,5,8,6,8,5,4,7,5,3,5,4,7,3,5,6,5,2,5,5,7,6,4,4,2,7,3,5,5,4,9,4,3,5,5,5,6,5,9,5,8,7,6,5,4,5,5,6,6,5,6,7,7,4,7,4,5,5,4,5,4,7,2,7,2,4,4,3,3,3,1,4,4,3,3,3,4,4,4,7,5,8,4,4,4,5,3,3,4,5,4,5,4,4,4,5,7,4,5,2,4,4,4,4,5,4,5,4,5
ADJ + ADJ,3,3,3,2,4,4,4,4,1,5,4,4,4,1,3,3,5,4,5,4,3,3,3,4,5,5,3,5,4,5,5,4,4,5,5,5,5,2,6,4,3,5,3,3,5,6,3,4,5,4,2,6,5,6,6,4,5,5,2,5,5,6,6,3,4,5,5,4,5,4,3,5,5,6,4,5,4,3,3,5,3,5,4,5,5,2,6,5,1,6,4,4,3,4,4,2,5,5,6,4,5,5,3,3,6,4,5,4,5,5,5,2,6,4,4,0,4,6,6,5,4,3,3,2,4,5,4,4,7,5,7,3,6,6,6,5,4,6,6,5,5,5,1,6,4,6,5,6,2,5,7,4,4,4,4,11,5,5,6,5,4,6,6,2,9,7,9,7,8,6,7,6,10,8,4,3,5,6,6,3,5,6,4,5,6,5,9,9,4,5,4,6,5,8,7,11,6,7,9,8,7,4,4,7,4,4,6,4,5,11,7,7,9,6,2,3,3,4,6,7,6,5,5,4,5,6,4,6,6,16,14,5,21,3,6,5,6,3,2,11,4,8,7,8,6,3,3,6,7,7,6,5,5,6,9,4,8,7,7,7,6,8,8,7,8,6,2,3,5,2,5,3,6,5,5,6,6,5,8,4,4,7,9,8,5,4,7,8,4,7,2,4,2,5,7,8,6,3,3,4,7,8,6,4,3,5,9,7,6,6,7,5,8,5,5,8,4,7,11,5,5,7,5,4,6,4,5,7,5,4,8,5,5,8,6,9,3,5,6,7,6,9,4,4,6,4,4,5,10,8,8,7,8,7,7,7,7,6,9,5,7,8,7,4,7,3,7,6,4,6,4,9,7,7,5,8,9,6,7,7,5,9,8,7,9,7,10,9,4,3,6,9,5,6,6,5,8,7,9,6,11,6,9,7,4,3,4,5,6,9,4,6,8,3,5,5,5,6,4,3,5,7,8,8,8,7,7,10,4,4,6,3,5,5,6,3,4,5,6,6,6,1,7,6,5,6,4,4,6,6,3,6,5,6,5
DET + ADV + ADJ + NOUN,3,5,5,2,4,4,4,6,3,5,4,6,6,3,3,3,5,4,5,6,5,3,3,4,5,5,5,5,4,5,5,4,4,5,5,5,5,4,6,2,3,7,5,5,5,6,3,4,5,6,4,6,5,6,6,6,5,7,4,3,7,6,6,1,4,5,5,4,5,4,3,7,7,6,4,5,4,5,3,7,3,3,6,7,5,2,6,5,5,4,4,4,3,4,4,4,7,7,6,4,5,7,5,5,6,4,5,6,5,5,5,4,8,2,4,4,0,4,6,3,6,5,1,4,4,5,4,2,5,5,7,5,6,4,6,5,6,6,6,5,5,5,3,6,6,8,5,6,4,7,7,6,4,6,6,9,7,5,6,3,4,6,6,4,7,5,7,9,6,8,5,6,10,6,4,5,5,4,6,3,5,6,4,3,4,7,7,7,4,5,4,8,7,8,7,9,4,5,9,6,7,4,6,9,6,4,6,2,3,9,7,7,5,8,4,5,5,2,6,5,4,5,5,4,5,8,6,4,6,16,14,3,19,5,4,7,6,3,6,9,6,10,7,6,8,5,3,6,7,9,4,7,3,6,7,2,6,7,7,5,6,6,8,7,8,6,4,3,5,4,3,5,8,5,5,6,6,5,8,4,4,7,9,6,5,6,7,8,6,7,4,4,4,3,7,6,8,5,5,6,7,10,6,6,5,5,7,7,6,6,7,5,8,3,3,6,4,7,9,5,7,7,5,6,8,6,5,5,3,6,8,5,5,6,6,9,3,5,4,5,4,7,4,2,4,4,4,7,8,8,6,9,6,7,7,5,5,6,7,5,5,8,5,4,5,5,7,8,4,4,4,9,5,5,3,6,7,8,5,7,7,7,10,7,11,5,8,9,6,5,6,9,3,4,4,7,8,9,11,4,9,6,9,5,4,3,6,5,6,9,4,8,6,5,5,3,5,6,6,5,5,5,6,6,6,9,7,8,4,4,6,5,3,5,6,5,4,5,4,6,6,5,9,8,7,6,4,4,6,4,5,6,5,4,3
PROPN + VERB + DET + NOUN,3,3,3,4,4,4,2,4,5,5,2,4,2,5,5,5,5,4,5,4,5,3,5,4,3,3,5,5,4,3,3,4,4,3,3,5,3,4,6,2,3,5,5,5,5,6,5,4,3,6,6,4,5,6,4,4,3,5,4,3,7,6,4,3,4,5,5,6,5,6,5,5,3,4,6,3,4,5,3,5,5,1,4,5,1,6,4,5,5,4,6,6,3,6,2,6,5,3,6,4,7,5,7,5,6,6,3,4,3,5,5,6,4,4,4,6,4,0,6,3,4,5,5,6,4,5,4,4,3,5,5,5,4,4,6,5,8,6,4,5,3,7,5,4,4,4,3,4,4,5,5,4,4,6,4,7,5,5,4,5,6,4,6,6,7,3,3,7,4,6,3,6,8,4,6,3,3,2,6,5,5,8,4,7,4,5,7,7,6,5,6,8,5,6,5,9,2,3,7,8,5,4,4,7,6,4,4,2,5,13,5,5,7,6,4,7,5,6,4,5,4,5,5,6,7,6,4,2,4,16,16,5,17,5,2,5,4,5,8,7,4,8,5,2,6,5,5,6,5,7,4,5,5,6,7,4,8,11,5,3,4,4,6,7,8,6,4,5,5,6,3,5,4,5,5,4,6,3,6,6,4,5,7,4,7,6,5,6,6,7,6,4,6,5,7,6,4,7,5,4,5,8,4,8,5,3,7,7,6,6,7,3,6,5,3,4,6,5,7,5,5,7,5,6,6,6,7,5,5,8,8,5,7,6,4,7,5,5,6,5,6,7,6,2,6,4,8,5,8,8,8,9,8,7,7,5,5,6,7,3,5,6,7,4,3,7,7,6,4,4,4,9,5,1,5,6,7,6,5,7,7,7,8,7,11,5,8,5,6,7,8,7,5,8,4,5,8,7,7,2,7,2,9,5,6,5,4,7,6,7,4,4,4,5,5,5,5,6,6,5,7,5,6,6,6,7,5,8,4,4,4,5,3,3,6,3,4,5,6,4,4,5,7,6,3,6,4,4,4,4,5,4,7,2,3
NOUN + AUX + ADV + VERB,3,3,5,4,2,4,4,6,5,5,4,4,4,5,5,3,3,6,5,4,5,5,3,4,5,5,5,5,4,5,3,4,4,5,3,3,5,4,4,4,5,5,5,5,3,6,7,2,7,6,6,6,5,6,4,4,3,7,4,5,7,4,6,5,2,3,1,6,5,4,5,7,5,6,4,5,4,3,5,5,5,5,4,5,5,4,4,3,5,6,6,6,5,6,6,6,7,5,4,6,7,5,7,5,6,6,5,4,3,5,1,4,6,6,4,6,6,6,0,3,6,5,5,6,6,5,6,4,5,3,7,5,4,4,4,3,6,4,6,5,3,7,5,4,4,6,3,4,4,5,5,6,6,8,6,9,5,5,6,3,6,6,4,6,7,7,7,7,6,6,7,6,10,8,6,5,5,4,2,7,3,8,4,7,2,3,9,9,6,3,6,8,3,6,5,7,6,9,5,8,7,4,4,7,6,4,6,6,5,9,7,7,7,8,6,5,5,6,6,7,4,5,5,6,5,8,6,6,6,18,14,7,21,5,6,7,4,5,8,9,4,6,5,8,8,7,5,4,5,7,6,5,7,4,9,6,10,9,7,7,10,8,6,11,10,6,6,3,3,6,5,5,6,5,5,6,6,3,6,6,6,7,7,6,7,6,7,6,4,7,6,6,6,5,7,8,6,7,7,4,7,8,6,4,7,5,7,5,6,6,7,5,6,5,7,6,6,5,9,5,5,5,3,6,4,6,5,5,5,6,4,7,7,6,6,7,5,7,4,5,8,5,8,6,6,6,6,7,6,8,10,7,4,5,3,5,1,8,9,5,5,8,9,4,7,7,5,6,4,2,4,9,3,7,7,4,9,4,7,5,5,7,8,3,9,3,8,7,6,5,8,7,7,8,6,5,6,7,9,6,9,6,5,7,6,5,6,5,2,7,4,6,8,5,5,3,5,4,6,5,7,7,6,8,8,5,3,6,4,4,6,5,3,5,4,5,6,5,4,4,4,5,7,8,5,4,4,6,6,4,5,6,3,6,7
DET + NOUN + VERB,2,2,4,3,1,3,3,5,4,4,3,3,3,4,4,2,2,5,4,3,4,4,4,3,4,4,4,4,3,4,2,3,3,4,2,2,4,3,3,1,4,4,4,4,4,5,4,3,6,5,5,5,4,5,3,3,2,6,3,2,6,3,5,2,3,2,2,5,4,5,4,6,4,5,3,4,3,2,4,4,4,2,3,4,4,5,3,2,4,3,5,5,4,5,5,5,6,4,3,5,6,4,6,4,5,5,4,3,4,4,2,3,5,3,3,5,3,3,3,0,5,4,4,5,5,4,5,3,4,2,6,4,3,1,3,2,7,3,5,4,4,6,4,3,3,5,4,3,3,4,4,5,5,7,5,6,4,4,5,2,5,5,3,5,6,4,6,6,3,5,4,5,9,5,5,4,4,3,3,4,4,7,3,6,1,4,6,8,5,4,5,7,4,7,4,6,5,6,8,5,6,5,3,6,5,3,5,3,4,10,6,6,6,7,5,6,4,5,5,6,3,4,4,5,4,7,5,3,5,15,13,4,18,4,3,6,3,4,7,6,3,7,4,5,7,6,6,3,4,6,3,6,4,3,6,3,9,8,6,6,7,5,5,8,7,5,5,4,2,5,2,4,5,4,4,5,5,2,5,5,5,6,6,7,6,5,6,5,5,6,5,5,5,4,6,5,5,6,6,3,6,7,5,5,6,4,4,8,3,5,6,4,7,2,4,5,5,6,8,4,4,6,4,5,5,5,8,2,2,7,5,6,6,3,5,8,4,6,5,6,5,4,5,3,3,3,7,6,5,5,7,8,7,6,4,2,2,7,8,4,6,7,6,3,4,6,6,5,3,1,3,8,2,4,4,3,6,5,4,4,6,6,7,4,10,2,5,6,5,6,7,6,4,7,5,4,5,6,8,3,8,5,6,4,5,4,5,8,3,6,3,5,5,4,4,4,4,3,5,4,6,4,5,5,5,6,4,9,3,3,5,4,4,4,3,4,3,4,3,3,3,4,6,7,4,3,1,5,5,1,4,5,4,3,4
ADP + PROPN,3,3,1,4,4,4,2,2,3,5,4,4,2,5,5,5,5,4,5,4,3,5,3,4,3,5,3,5,4,3,5,4,2,5,5,5,3,4,6,4,3,5,3,1,5,6,3,4,5,4,6,4,3,4,4,2,3,3,4,3,5,6,4,5,4,5,5,6,3,4,3,3,3,4,6,3,4,5,3,1,5,5,4,3,3,4,6,5,5,6,4,4,5,6,4,2,1,3,4,4,5,5,7,3,6,6,3,2,5,5,5,6,4,4,2,4,6,4,6,5,0,3,5,6,4,5,6,4,5,3,3,3,6,6,6,5,8,6,2,3,3,7,5,4,4,4,3,4,4,5,5,4,4,4,2,9,3,5,4,5,4,4,6,6,7,5,7,5,6,6,5,6,8,6,6,3,1,6,6,5,3,6,4,7,6,5,5,5,6,5,4,4,5,8,5,11,6,7,7,8,7,4,4,3,4,4,4,6,3,13,5,5,7,4,2,5,5,6,4,7,6,5,5,6,7,4,2,6,6,18,16,7,19,3,6,1,6,5,6,9,4,4,5,6,6,3,3,6,7,7,4,3,5,6,7,4,8,11,7,7,8,6,8,9,8,6,2,5,5,2,5,5,4,5,5,4,6,3,8,6,6,5,7,8,7,8,5,6,4,5,4,4,6,5,7,6,4,3,3,4,5,8,6,8,3,3,7,5,8,4,5,3,8,5,5,8,8,7,9,5,5,5,5,4,6,6,5,7,7,6,6,5,5,6,4,7,3,7,6,5,8,7,8,4,8,4,4,3,10,8,8,5,6,7,7,5,7,6,7,5,5,6,7,4,7,5,7,6,6,6,4,9,5,5,7,6,9,4,5,7,5,7,6,7,7,7,10,7,6,5,6,7,5,6,6,5,8,7,7,4,9,4,7,7,6,5,2,5,4,9,2,2,6,3,5,5,3,6,4,3,5,5,6,6,4,7,7,10,4,6,4,5,5,3,6,3,4,5,6,4,6,5,7,2,3,4,4,4,6,6,5,6,7,6,7
VERB + ADP + ADJ,4,2,4,3,3,5,5,5,2,6,3,3,3,4,4,4,4,1,6,3,4,2,4,3,6,4,4,2,5,6,4,5,3,4,4,4,2,1,5,5,4,4,4,2,6,7,2,5,2,5,5,7,4,5,3,1,4,6,3,4,6,5,3,4,3,4,4,5,4,5,2,6,4,7,5,4,5,2,4,2,4,4,3,2,4,3,5,4,4,7,3,5,4,5,3,1,4,4,5,5,6,4,6,4,7,5,6,3,4,4,4,5,5,3,3,3,5,5,5,4,3,0,4,5,3,4,3,5,4,2,4,4,5,5,5,4,7,5,3,4,6,6,4,5,3,5,4,5,3,4,6,5,5,5,5,8,4,6,3,4,3,3,5,5,8,4,8,4,5,5,4,7,7,5,5,4,4,5,5,4,4,5,5,6,5,4,8,8,5,6,5,5,4,7,4,10,5,4,10,9,6,3,3,4,5,5,7,3,4,12,4,8,6,7,3,4,4,5,5,6,7,4,6,5,6,7,5,5,5,15,13,6,18,4,5,4,5,4,5,8,3,5,6,7,5,4,4,5,6,6,5,6,4,5,8,5,9,10,6,4,5,5,7,6,9,7,3,4,4,3,6,4,5,6,6,3,7,4,7,5,3,8,8,7,6,5,8,7,5,6,3,5,5,6,8,7,5,6,4,3,4,7,5,7,4,4,6,8,5,5,6,6,7,4,2,7,7,6,8,6,4,4,4,5,5,5,6,6,6,5,5,6,4,5,3,6,4,4,7,4,7,8,7,5,7,5,3,6,9,7,9,6,7,6,6,4,6,3,6,4,6,9,6,5,6,4,6,5,5,5,5,10,4,6,6,5,10,3,6,6,6,8,5,6,8,6,9,6,3,4,7,6,4,7,7,4,7,6,6,3,8,5,6,8,5,2,5,6,3,8,5,3,7,4,6,6,4,5,5,4,6,6,7,7,7,6,6,9,5,3,7,4,4,6,5,4,3,4,5,5,5,2,6,5,4,5,3,5,5,5,4,5,6,5,4
ADV + ADJ + NOUN,2,4,4,1,3,3,3,5,2,4,3,5,5,2,2,2,4,3,4,5,4,2,2,3,4,4,4,4,3,4,4,3,3,4,4,4,4,3,5,3,2,6,4,4,4,5,4,3,4,5,3,5,4,5,5,5,4,6,3,4,6,5,5,2,3,4,4,3,4,3,2,6,6,5,3,4,3,4,2,6,2,4,5,6,4,1,5,4,4,5,3,3,2,3,3,3,6,6,5,3,4,6,4,4,5,3,4,5,4,4,4,3,7,3,3,3,1,5,5,4,5,4,0,3,3,4,3,1,6,4,6,4,5,5,5,4,5,5,5,4,4,4,2,5,5,7,4,5,3,6,6,5,3,5,5,10,6,4,5,2,5,5,5,3,8,6,8,8,7,7,4,5,9,7,3,4,4,5,5,4,4,5,3,2,5,6,8,6,3,4,3,7,6,7,6,10,5,6,8,7,6,3,5,8,5,3,5,3,2,8,6,6,6,7,3,4,4,1,5,4,5,4,4,3,4,7,5,5,5,17,15,4,20,4,5,6,5,2,5,10,5,9,6,7,7,4,2,5,6,8,5,6,4,5,8,3,5,6,6,6,7,7,7,8,7,5,3,2,4,3,4,4,7,4,4,5,5,4,7,3,3,6,8,7,4,5,6,7,5,6,3,3,3,2,6,7,7,4,4,5,6,9,5,5,4,4,8,6,7,5,6,4,7,4,4,7,5,6,10,4,6,6,4,5,7,5,4,4,4,5,7,4,6,7,5,8,2,4,3,4,3,8,5,3,5,3,3,6,9,9,7,8,5,6,6,6,6,5,6,4,4,7,6,3,6,4,6,7,5,5,3,8,6,6,4,7,8,7,6,6,6,8,9,6,10,6,9,8,5,4,5,8,4,3,3,6,7,8,10,5,10,5,8,6,3,2,5,4,5,8,3,7,7,4,4,2,4,5,5,4,4,6,7,7,7,8,6,7,3,3,5,4,2,4,5,4,5,4,3,5,5,4,8,7,6,5,5,3,5,5,4,5,4,5,4
ADJ + ADJ + ADJ + NOUN,3,5,5,2,4,4,4,6,3,5,4,6,6,1,3,3,5,4,5,6,5,3,5,6,5,5,5,5,4,5,5,4,4,5,5,5,5,4,6,4,3,7,5,5,5,6,5,4,5,6,2,6,5,6,6,6,5,7,4,5,7,6,6,3,6,5,5,4,5,6,3,7,7,6,4,7,4,5,3,7,3,5,6,7,5,4,6,5,3,6,4,4,3,4,4,4,7,7,6,4,5,7,1,5,6,4,5,6,5,7,5,2,8,4,4,2,4,6,6,5,6,5,3,0,4,7,4,4,7,5,7,5,6,6,6,5,4,6,6,5,5,5,3,6,6,8,7,6,4,7,7,6,4,6,6,11,7,5,6,5,6,6,6,4,9,7,9,9,8,8,7,6,10,8,4,5,5,6,6,5,5,6,4,5,6,7,9,9,4,5,4,8,7,8,7,11,6,7,9,8,7,6,6,9,6,4,6,4,5,11,7,7,9,8,4,5,5,4,6,7,6,7,5,4,5,8,6,6,6,16,14,5,21,5,6,7,6,3,4,11,6,10,7,8,8,5,5,6,7,9,6,7,5,6,9,4,8,7,7,7,8,8,8,7,8,6,4,3,5,4,5,5,8,5,5,6,6,5,8,4,4,7,9,8,5,4,7,8,6,7,4,4,2,5,7,8,8,3,5,6,7,10,6,4,5,5,9,9,8,6,7,5,8,5,5,8,6,7,11,5,7,9,7,6,8,6,7,7,5,6,8,5,7,8,6,9,3,5,6,7,6,9,4,4,6,4,6,7,10,10,8,9,8,9,7,7,7,6,9,5,7,8,7,4,7,5,9,8,6,6,4,9,7,7,5,8,9,8,7,7,7,9,10,7,11,7,10,9,6,5,6,9,5,6,6,7,8,9,11,6,11,6,9,7,4,5,6,7,6,9,4,8,8,5,5,5,5,6,6,5,5,7,8,8,8,9,7,10,4,4,6,5,5,5,6,5,6,7,6,6,6,3,9,8,7,6,6,4,6,6,5,6,5,6,5
ADP + VERB + ADJ + NOUN,3,3,5,2,4,4,4,6,3,5,2,4,4,3,3,3,5,2,5,4,5,1,5,4,5,3,5,3,4,5,3,4,2,3,3,5,3,2,6,4,3,5,5,3,5,6,3,4,3,6,4,6,3,4,4,4,5,7,4,3,7,6,4,3,4,5,5,4,3,6,1,7,5,6,4,5,4,3,3,5,3,3,4,5,3,4,4,5,5,6,2,4,3,4,2,2,5,5,4,4,5,5,5,5,6,4,5,4,3,5,5,4,6,2,4,4,4,4,6,5,4,3,3,4,0,5,2,4,5,5,5,5,4,6,6,5,6,6,4,5,5,5,3,6,4,6,5,6,4,5,7,6,4,6,6,7,5,5,4,5,4,4,6,4,7,5,7,5,6,6,5,6,8,6,4,5,3,4,6,5,5,4,4,5,6,5,7,7,4,5,4,6,5,6,5,11,4,5,9,8,5,4,4,7,6,4,6,2,3,11,5,7,7,8,4,5,5,4,4,5,6,5,5,4,5,8,6,4,4,16,12,5,19,5,4,5,4,3,6,9,4,8,3,6,6,5,5,6,5,7,4,7,3,6,7,4,8,9,7,5,6,6,6,7,8,6,4,3,5,4,5,5,6,5,5,4,6,5,6,4,2,7,9,6,5,4,7,6,6,5,4,4,4,5,7,6,6,5,5,4,5,8,4,6,5,3,9,9,6,4,5,5,6,5,3,6,6,5,9,5,5,7,5,6,6,6,7,7,5,6,8,5,5,6,4,7,3,3,6,5,6,7,6,4,6,4,4,7,10,6,8,7,8,7,7,7,7,4,7,3,5,8,5,4,5,5,7,6,6,6,4,9,7,5,5,6,9,6,7,7,7,7,8,7,11,7,10,7,4,5,6,7,3,6,4,5,8,7,9,4,9,4,9,7,4,3,6,7,6,7,4,6,6,5,5,5,5,6,6,5,5,5,6,6,6,7,5,8,4,2,6,5,3,5,6,5,4,5,6,4,4,3,7,6,5,4,4,4,4,4,5,4,5,4,3
PRON + VERB + ADV,4,2,4,5,3,5,5,5,4,6,3,1,3,6,6,4,4,5,6,3,2,4,2,1,6,4,4,6,5,6,4,5,5,4,4,2,4,3,5,5,6,4,4,4,4,7,6,3,6,5,7,7,6,7,5,3,4,6,3,6,6,5,5,6,3,4,4,7,6,3,6,6,4,7,5,2,5,4,6,4,6,4,3,4,4,3,5,4,4,5,7,7,4,7,5,5,6,4,5,7,8,2,8,6,7,7,6,3,2,2,4,5,5,7,5,5,5,5,5,4,5,4,4,7,5,0,3,3,6,4,6,4,5,5,3,4,9,5,5,4,4,8,6,5,3,5,4,5,5,2,6,5,7,7,5,8,4,6,5,4,7,5,5,7,10,6,8,4,5,3,4,5,7,7,7,6,6,5,5,6,4,9,3,6,5,2,8,8,7,4,7,5,2,5,6,8,7,8,8,7,4,5,3,6,3,5,7,5,4,12,6,8,8,7,5,4,4,5,7,2,5,2,6,7,6,7,5,5,5,19,15,6,22,4,5,6,5,4,7,6,3,5,6,5,5,4,4,5,6,4,7,4,8,5,8,7,9,10,8,8,9,7,7,10,11,7,5,4,4,5,6,6,5,6,6,5,7,4,7,7,5,8,6,9,6,7,8,7,3,8,5,7,7,4,8,9,5,8,6,3,6,7,5,7,6,6,6,4,7,7,8,6,7,6,6,5,7,2,8,4,2,4,2,5,3,5,4,6,4,5,7,8,6,7,5,4,6,4,5,6,7,6,9,7,7,7,5,4,5,7,9,6,7,2,4,6,6,7,4,4,6,9,10,3,4,4,2,3,7,5,5,10,6,6,8,7,10,3,6,2,4,8,5,4,8,6,7,8,5,6,9,6,8,7,7,2,5,4,8,5,8,5,8,6,7,2,5,4,5,8,5,5,9,4,6,4,6,5,5,4,8,8,7,9,9,4,6,7,5,5,7,2,4,6,5,4,7,2,5,5,5,4,4,7,4,5,3,7,5,5,4,5,4,3,6
PRON + VERB + ADJ + NOUN,3,3,5,2,4,4,4,6,3,5,2,2,4,3,3,3,5,2,5,4,3,1,5,4,5,3,5,3,4,5,3,4,4,3,3,5,3,2,6,4,3,5,5,5,5,6,5,4,3,6,4,6,5,6,4,4,5,7,4,5,7,6,4,3,4,5,5,4,5,6,3,7,5,6,4,5,4,3,3,5,3,3,4,5,3,4,4,5,5,4,4,4,3,4,2,4,7,5,6,4,5,3,5,5,6,4,5,4,3,5,5,4,6,4,4,4,4,4,6,5,6,3,3,4,2,3,0,4,5,5,5,5,4,6,6,5,6,6,4,5,5,5,3,6,4,6,5,6,4,3,7,6,4,6,6,7,5,5,4,5,6,4,6,4,9,5,7,5,4,4,5,4,6,6,4,5,5,4,6,5,5,6,4,5,6,3,7,9,4,5,4,6,3,4,5,9,4,5,9,8,3,4,4,7,4,4,6,2,5,11,5,7,7,8,4,3,5,4,6,3,6,5,5,4,5,8,6,4,4,16,12,3,19,5,4,7,4,1,6,7,4,6,5,4,4,3,5,6,5,5,6,5,5,6,7,4,8,9,7,5,6,6,6,7,8,6,4,3,5,4,5,5,6,5,5,4,6,5,6,4,2,7,9,6,5,4,7,6,4,7,4,4,4,5,7,8,6,5,5,4,5,8,4,6,5,5,7,7,6,6,7,5,6,5,3,4,6,3,7,5,3,5,3,6,4,6,5,7,5,4,8,5,5,6,4,5,3,1,6,5,6,7,6,4,6,4,6,5,8,6,6,7,8,5,7,7,7,4,5,3,5,8,7,2,3,3,5,4,6,6,4,9,7,5,5,6,9,4,5,5,5,7,6,5,9,7,8,7,4,5,6,5,5,6,6,3,6,5,9,4,7,4,9,5,4,3,6,5,6,7,4,6,8,5,5,5,5,6,6,5,5,7,8,8,8,5,5,6,4,2,6,5,3,5,6,5,6,5,6,4,4,3,5,8,5,6,4,4,4,4,5,4,5,2,3
ADV + NOUN,1,3,3,2,2,2,2,4,3,3,2,4,4,3,3,3,3,4,3,4,3,3,1,2,3,3,3,5,2,3,3,2,2,3,3,3,3,4,4,2,3,5,3,3,3,4,5,2,5,4,4,4,3,4,4,4,3,5,4,3,5,4,4,3,2,3,3,4,3,2,3,5,5,4,4,3,2,3,3,5,3,3,4,5,3,2,4,3,5,4,4,4,3,4,4,4,5,5,4,4,5,5,5,3,4,4,3,4,3,3,3,4,6,4,2,4,2,4,4,3,4,5,1,4,4,3,4,0,5,3,5,3,4,4,4,3,6,4,4,3,3,5,3,4,4,6,3,4,2,5,5,6,4,6,4,9,5,3,4,1,4,4,4,4,7,5,7,7,6,6,3,4,8,6,4,3,3,4,4,5,3,6,2,3,4,5,7,5,4,3,4,6,5,6,5,9,6,7,7,8,5,4,4,7,4,2,4,4,1,9,5,5,5,6,4,5,5,2,4,3,4,3,3,4,5,6,4,4,4,18,16,5,21,3,4,5,4,3,6,9,4,8,5,6,8,5,3,4,5,7,4,5,5,4,7,4,6,7,7,7,8,6,6,9,8,4,4,3,3,4,3,3,6,3,3,4,4,3,6,4,4,5,7,8,3,6,5,6,4,5,4,4,4,1,5,6,6,5,5,4,5,8,4,6,5,3,7,5,6,4,5,3,6,5,5,6,6,5,9,3,5,5,3,4,6,6,5,3,5,6,6,5,7,6,4,7,3,5,2,3,4,7,6,4,6,4,4,5,8,8,8,7,4,5,5,5,5,6,5,3,3,6,7,2,5,5,5,6,4,4,2,7,5,5,5,6,9,6,5,5,5,7,8,5,11,5,8,7,6,5,6,7,5,4,4,5,6,7,9,4,9,4,7,5,4,3,4,5,4,7,2,6,6,3,3,1,3,4,4,3,5,5,6,6,6,7,5,6,4,4,4,3,1,3,4,5,4,3,2,4,4,5,7,6,5,4,4,4,4,4,5,4,5,4,5
NOUN + VERB + ADP + DET + NOUN,4,4,6,5,3,3,5,7,6,4,3,5,5,6,4,4,4,3,4,5,6,4,6,5,4,4,6,2,5,6,4,5,3,4,2,4,2,5,5,3,6,6,6,4,4,5,4,5,4,7,5,7,4,3,1,3,4,8,5,2,8,5,3,4,5,4,4,5,2,7,4,8,6,5,5,6,5,4,6,4,4,2,5,4,4,7,3,4,6,5,3,3,4,5,5,5,6,6,5,7,6,6,6,6,5,5,4,5,4,6,4,5,7,3,3,7,5,3,5,4,5,4,6,7,5,6,5,5,0,2,4,6,5,5,5,4,7,5,3,4,6,6,6,5,5,7,6,5,5,6,6,7,7,9,7,4,6,4,3,4,3,3,5,7,4,2,6,6,3,7,2,7,7,3,5,6,4,1,5,6,4,5,5,8,5,6,6,6,7,6,3,7,6,7,2,10,3,4,8,7,6,7,5,6,7,5,5,3,4,12,4,6,6,9,7,8,6,5,3,6,5,6,6,5,6,9,7,3,5,15,13,6,18,6,3,6,3,6,9,8,5,7,4,5,9,8,8,5,4,8,1,8,2,5,6,5,11,10,2,2,7,5,7,6,5,5,7,6,4,5,4,6,7,6,4,3,5,4,7,5,5,6,8,5,6,5,6,7,7,4,7,7,5,4,6,3,7,6,8,5,4,9,5,7,8,4,6,10,7,3,4,6,7,4,2,5,7,6,8,6,6,6,6,7,7,7,10,6,6,9,5,8,6,3,3,6,4,6,7,4,7,6,7,5,7,3,7,8,9,9,9,8,7,8,6,4,6,5,6,4,6,7,6,5,4,8,8,7,5,5,5,8,4,4,4,3,8,5,6,6,8,6,7,6,10,6,9,6,7,8,5,4,4,7,5,6,7,8,8,1,4,5,6,6,5,6,7,10,3,6,5,5,3,6,4,4,4,5,7,6,4,4,3,3,3,8,4,9,5,3,7,6,4,6,5,6,3,6,5,3,3,6,8,7,6,3,5,5,5,3,6,5,6,3,4
NOUN + VERB + ADP,2,2,4,3,1,3,3,5,4,4,3,3,3,4,4,2,2,3,4,3,4,4,4,3,4,4,4,2,3,4,2,3,3,4,2,2,2,3,3,3,4,4,4,2,4,5,4,3,4,5,5,5,4,3,1,1,2,6,3,4,6,3,3,4,3,2,2,5,2,5,4,6,4,5,3,4,3,2,4,2,4,4,3,2,4,5,3,2,4,5,3,3,4,5,5,3,4,4,3,5,6,4,6,4,5,5,4,3,4,4,2,3,5,5,1,5,5,5,3,2,3,2,4,5,5,4,5,3,2,0,4,4,3,3,3,2,7,3,3,2,4,6,4,3,3,5,4,3,3,4,4,5,5,7,5,6,4,4,3,2,3,3,3,5,6,4,8,4,5,5,4,5,7,5,5,4,4,3,3,6,2,5,3,6,3,4,6,6,5,4,3,5,4,7,2,8,5,6,8,7,6,5,3,4,5,3,5,5,4,10,4,6,6,7,5,6,4,5,3,6,5,4,4,5,4,7,5,5,5,15,13,6,18,4,5,4,3,4,7,8,3,5,4,7,7,6,6,3,4,6,3,6,4,3,6,3,9,8,4,4,7,5,5,8,7,5,5,4,2,3,4,4,5,4,4,3,5,2,5,5,5,6,6,7,6,5,6,5,5,4,5,5,5,4,6,5,5,4,6,3,4,7,5,5,6,4,4,8,5,3,4,4,7,2,4,7,7,6,8,4,4,4,4,5,5,5,8,4,4,7,3,6,6,3,3,6,4,6,5,4,7,6,7,5,5,5,5,6,7,7,9,6,5,6,4,2,4,5,6,4,6,7,6,3,6,6,6,5,5,3,3,8,2,6,6,3,8,3,4,4,6,6,5,4,8,4,7,6,5,6,5,4,6,7,7,4,5,6,6,3,6,5,4,6,5,4,5,8,1,6,3,3,5,4,4,4,2,3,5,4,4,4,5,5,5,6,4,9,3,3,5,4,4,4,3,4,5,4,3,3,3,4,6,5,4,3,3,5,5,3,4,5,4,5,6
VERB + ADP + PROPN + PROPN + NOUN,4,4,4,5,5,5,3,3,6,6,3,5,5,6,6,6,6,3,6,5,6,4,6,5,4,4,6,4,5,2,4,5,3,4,4,6,2,5,7,5,4,6,6,4,6,7,6,5,4,7,7,3,4,5,3,3,4,4,5,4,8,7,3,6,5,6,6,7,4,7,4,4,4,5,7,6,5,6,4,2,6,4,5,4,4,7,5,6,6,7,5,5,4,7,5,5,2,6,5,5,6,6,8,6,7,7,4,3,4,6,6,7,5,5,5,7,7,5,7,6,3,4,6,7,5,6,5,5,4,4,0,6,5,7,7,6,9,7,1,6,4,8,6,5,5,5,6,3,5,6,6,7,5,5,5,8,4,6,3,6,7,3,7,7,8,4,6,6,5,7,4,7,7,5,7,4,2,5,7,8,6,7,5,8,7,6,8,6,7,6,5,7,6,7,4,12,7,6,8,9,6,7,5,4,7,5,5,5,4,14,4,4,6,5,5,8,6,7,5,6,7,6,6,7,8,5,5,5,5,17,15,8,18,6,5,4,5,6,9,10,5,3,6,7,9,6,6,7,6,8,5,6,6,7,8,7,7,12,6,6,9,5,7,8,9,7,5,6,6,5,6,6,3,6,6,3,7,6,7,7,5,6,8,9,8,7,6,5,7,6,7,3,7,6,8,7,3,6,4,5,4,9,5,9,6,4,8,8,9,5,6,4,7,6,4,7,9,6,8,6,6,6,6,7,7,7,8,8,8,9,7,6,8,5,3,6,4,6,7,4,9,8,9,5,9,5,7,6,11,11,9,8,9,8,8,6,8,5,6,4,4,7,8,5,6,8,8,7,7,7,5,10,6,6,8,5,10,5,8,8,8,8,7,8,8,8,11,6,7,8,7,6,6,7,7,6,9,8,8,3,8,5,8,8,7,6,5,8,5,8,5,3,5,6,6,6,6,7,7,6,6,6,7,7,7,8,6,9,5,5,3,6,4,4,7,6,5,6,7,3,5,6,8,5,6,5,5,5,5,5,6,5,8,5,6
X,2,2,2,3,3,3,3,3,2,4,3,3,3,4,4,4,4,5,4,3,2,4,2,3,4,4,2,6,3,4,4,3,3,4,4,4,4,3,5,3,4,4,2,2,4,5,4,3,6,3,5,5,4,5,5,3,4,4,3,4,2,5,5,4,3,4,4,5,4,3,4,4,4,5,5,4,1,4,4,4,4,4,3,4,4,3,5,4,4,5,5,5,4,5,5,3,4,4,5,5,6,4,6,4,5,5,4,3,4,4,4,5,5,5,3,3,5,5,5,4,3,4,4,5,5,4,5,3,6,4,6,0,5,5,5,4,5,5,5,4,4,6,4,5,3,5,4,5,3,4,6,5,5,5,3,10,4,4,5,4,5,5,5,5,8,6,8,6,7,5,6,5,9,7,5,4,4,5,5,4,4,7,3,6,5,4,8,8,5,4,5,5,4,7,6,10,7,8,8,9,6,5,3,6,3,3,5,5,4,12,6,6,8,5,3,4,4,5,5,6,5,4,4,5,6,3,1,5,5,19,17,6,22,2,5,2,5,4,5,10,3,7,6,7,7,4,4,5,6,6,5,4,6,5,8,5,9,10,8,8,9,7,7,10,9,5,3,4,4,3,4,2,5,4,4,5,5,4,7,5,5,6,8,9,6,7,6,7,3,6,3,5,5,4,6,7,5,6,4,3,6,7,5,7,4,4,8,6,7,5,6,4,7,6,6,7,7,6,10,4,4,6,4,3,5,5,6,6,6,5,7,6,6,7,5,8,4,6,5,6,7,8,7,5,7,5,5,4,9,9,9,6,7,6,6,6,6,7,8,4,6,7,8,3,6,4,6,5,5,5,3,8,6,6,6,7,10,5,6,6,4,8,7,6,10,6,9,8,5,4,7,8,6,7,7,4,7,6,8,5,10,5,8,6,5,4,3,6,5,8,3,5,7,2,4,4,4,5,3,2,6,6,7,7,7,6,6,9,5,5,5,4,4,4,5,4,5,4,5,5,5,4,6,5,4,5,3,5,5,5,4,5,6,5,6
VERB + NOUN + CCONJ + VERB,3,3,5,4,2,4,4,6,5,3,2,4,4,5,5,3,3,4,5,2,5,3,5,4,5,3,5,5,4,5,1,4,4,3,3,3,3,4,4,4,5,1,5,5,5,4,7,4,5,6,6,6,5,6,4,4,3,5,4,5,7,2,4,5,4,1,3,6,5,6,5,7,5,6,4,5,4,3,5,5,5,3,4,5,3,6,2,3,5,6,6,6,3,6,4,6,7,3,4,6,7,3,7,5,4,4,5,4,3,3,3,4,2,6,4,6,6,4,4,3,6,5,5,6,4,5,4,4,5,3,5,5,0,4,4,3,8,2,4,5,5,5,5,4,4,4,5,4,4,5,5,4,6,6,6,9,5,5,4,3,6,4,4,6,9,5,7,5,4,4,5,6,8,4,4,5,5,4,4,7,5,8,4,7,4,5,9,9,6,5,6,8,5,6,5,9,6,7,9,8,5,6,4,7,6,4,6,4,5,9,5,7,7,8,6,7,3,6,6,5,6,5,5,6,5,8,6,4,2,16,14,7,19,5,4,7,2,5,8,7,2,8,5,6,6,7,7,4,5,7,6,7,7,4,7,6,10,7,7,7,8,6,4,9,8,6,6,5,3,6,5,5,4,5,5,4,6,3,4,6,4,5,5,8,7,6,5,4,6,7,6,6,6,5,7,8,6,7,7,4,5,6,4,6,7,5,7,9,6,6,5,5,6,5,5,6,8,5,9,5,3,7,5,6,6,6,9,5,5,8,6,7,9,6,4,7,5,5,6,5,8,7,8,6,6,6,8,7,8,8,10,9,8,7,5,5,5,6,7,3,5,8,9,4,5,7,7,4,6,4,4,7,5,5,7,6,9,6,7,5,7,9,6,5,11,5,8,5,4,5,8,7,7,8,6,5,6,5,7,4,9,4,7,7,6,5,6,9,4,3,4,6,8,5,5,5,5,2,6,3,7,7,8,8,8,7,5,8,4,4,6,5,3,5,4,5,6,5,4,4,4,5,7,8,3,4,4,6,2,4,3,4,5,4,5
DET + NOUN + VERB + INTJ,3,3,5,4,2,4,4,6,5,5,4,4,4,5,5,3,3,6,5,4,5,5,5,4,5,5,5,5,4,5,3,4,4,5,3,3,5,4,4,2,5,5,3,5,5,6,5,4,7,6,6,6,5,6,4,4,3,7,4,3,7,4,6,3,4,3,3,6,5,6,5,7,5,6,4,5,4,3,5,5,5,3,4,5,5,6,4,3,5,4,6,6,5,6,6,6,7,5,4,6,7,5,7,5,6,6,5,4,5,5,3,4,6,4,4,6,4,4,4,1,6,5,5,6,6,5,6,4,5,3,7,5,4,0,4,3,8,4,6,5,5,7,5,4,4,6,5,4,4,5,5,6,6,8,6,7,5,5,6,3,6,6,4,6,7,5,7,7,4,6,5,6,10,6,6,5,5,4,4,5,5,8,4,7,2,5,7,9,6,5,6,8,5,8,5,7,6,7,9,6,7,6,2,7,6,2,6,4,5,11,7,7,7,8,6,7,5,6,6,7,4,5,5,6,5,8,6,4,6,16,14,5,19,5,4,7,4,5,8,7,4,8,5,6,8,7,7,4,5,7,4,7,5,4,7,4,10,9,7,7,8,6,6,9,8,6,6,5,1,6,3,5,6,5,5,6,6,3,6,6,6,7,7,8,7,6,7,6,6,7,6,6,6,5,7,6,6,7,7,4,7,8,6,6,7,5,5,9,4,6,7,5,8,3,5,6,6,7,9,5,5,7,5,6,6,6,9,3,3,6,6,7,7,4,6,9,5,7,6,7,6,5,6,4,4,4,8,7,6,6,8,9,8,7,5,3,3,8,9,5,7,8,7,4,5,7,7,6,4,2,4,9,3,5,5,4,7,6,5,5,7,7,8,5,11,3,6,7,6,7,8,7,5,8,6,5,6,7,9,4,9,6,7,5,6,5,4,9,4,7,4,6,6,5,5,5,5,4,4,5,7,3,6,6,6,7,5,10,4,4,6,5,5,5,4,5,4,3,4,4,4,5,7,8,5,4,2,6,6,2,5,6,5,4,5
NOUN + NOUN + VERB + ADV,3,3,5,4,2,2,4,6,5,3,4,4,4,5,3,3,1,6,3,4,5,5,3,2,3,5,5,5,4,5,3,4,4,3,3,1,5,4,2,4,5,5,5,5,1,4,7,2,7,6,4,6,5,4,4,4,3,7,4,5,7,4,4,5,4,3,3,4,3,4,5,7,5,4,2,3,4,3,5,5,3,5,4,5,5,4,2,3,5,6,4,4,5,4,6,6,7,5,2,6,5,5,5,5,4,4,3,4,3,3,3,4,6,6,4,6,6,6,4,3,6,5,5,6,6,3,6,4,5,3,7,5,4,4,0,3,6,2,6,5,3,5,5,2,4,6,5,4,4,5,3,6,6,8,6,9,5,3,6,3,6,6,4,6,7,7,7,7,6,6,5,6,8,6,4,5,5,4,2,7,3,6,4,7,4,5,7,7,6,3,4,8,5,8,5,9,6,9,5,4,7,6,4,7,6,4,4,6,5,9,5,5,7,8,6,7,5,4,4,5,2,3,5,4,3,8,6,6,6,16,14,5,19,5,6,7,4,5,8,7,4,8,3,6,8,7,5,4,3,7,4,7,5,2,7,6,10,7,7,7,10,6,6,9,8,4,6,3,3,6,3,5,6,5,3,6,4,3,6,4,4,5,3,8,5,4,5,4,6,5,6,6,4,3,5,6,6,7,7,4,5,8,6,6,7,5,5,7,4,4,5,5,8,5,7,8,6,5,9,5,5,7,5,6,6,6,7,5,3,8,6,7,9,6,6,7,5,7,4,7,8,5,6,6,6,6,6,7,6,8,8,9,4,5,3,5,5,6,7,5,5,6,7,4,7,7,5,6,6,4,4,7,5,5,5,6,9,6,7,3,7,9,8,5,11,5,8,5,6,7,6,7,7,6,8,5,6,7,9,6,9,6,7,5,4,3,6,7,4,7,4,6,6,5,3,3,3,2,6,5,5,5,4,6,6,7,5,10,4,4,6,3,5,5,4,5,6,3,2,4,4,5,7,8,5,2,4,4,4,4,5,4,3,6,5
INTJ + NOUN + VERB,2,2,4,3,1,3,3,5,4,4,3,3,3,4,4,2,2,5,4,3,4,4,4,3,4,4,4,4,3,4,2,3,3,4,2,2,4,3,3,3,4,4,2,4,4,5,6,3,6,5,5,5,4,5,3,3,2,6,3,4,6,3,5,4,3,2,2,5,4,5,4,6,4,5,3,4,3,2,4,4,4,4,3,4,4,5,3,2,4,5,5,5,4,5,5,5,6,4,3,5,6,4,6,4,5,5,4,3,4,4,2,3,5,5,3,5,5,5,3,2,5,4,4,5,5,4,5,3,4,2,6,4,3,3,3,0,7,3,5,4,4,6,4,3,3,5,4,3,3,4,4,5,5,7,5,8,4,4,5,2,5,5,3,5,8,6,8,6,5,3,6,5,9,7,5,4,4,3,3,6,4,7,3,6,3,4,8,8,5,4,5,7,4,7,4,8,5,8,8,7,6,5,3,6,5,3,5,5,4,10,6,6,8,7,5,6,4,5,5,6,5,4,4,5,4,7,5,5,5,17,15,6,20,4,5,6,3,4,7,8,3,7,4,7,7,6,6,3,4,6,5,6,6,3,8,5,9,8,6,6,9,7,5,10,9,5,5,4,2,5,4,4,5,4,4,5,5,2,5,5,5,6,6,7,6,5,6,5,5,6,5,5,5,4,6,7,5,6,6,3,6,7,5,5,6,4,6,8,5,5,6,4,7,4,6,7,7,6,10,4,4,6,4,5,5,5,8,4,4,5,5,6,8,5,5,8,4,6,5,6,7,6,7,5,5,5,7,6,7,7,9,8,7,6,4,4,4,7,8,4,6,7,8,3,6,6,6,5,5,3,1,8,4,6,6,5,8,5,6,4,6,8,7,4,10,4,7,6,5,6,7,6,6,7,7,4,5,6,8,5,8,5,6,6,5,4,3,8,3,6,3,5,7,4,4,4,4,3,3,4,6,4,7,7,7,6,4,9,3,3,5,4,4,2,3,4,5,4,3,3,3,4,4,7,4,3,3,5,5,3,4,5,4,5,6
X + ADJ + ADJ + NOUN + NOUN + AUX,5,7,7,4,6,4,6,8,5,5,6,8,8,3,3,5,5,6,5,8,7,5,7,8,5,7,7,7,6,7,7,6,6,5,5,7,7,6,6,6,5,9,7,7,5,6,7,6,7,8,2,8,7,6,6,8,7,9,6,7,7,8,6,5,8,7,7,4,5,8,5,9,9,6,4,9,4,7,5,9,5,7,8,9,7,6,6,7,5,8,6,4,5,4,6,6,9,9,6,6,5,9,3,7,6,6,5,8,7,9,5,4,10,6,6,4,6,8,6,7,8,7,5,4,6,9,6,6,7,7,9,5,8,8,6,7,0,6,8,7,7,5,5,6,6,10,9,8,6,9,7,8,6,8,8,11,9,5,8,7,8,8,8,6,7,9,9,11,10,10,9,8,10,8,6,7,7,6,4,7,7,8,6,7,6,7,9,9,6,7,6,10,7,10,7,11,8,9,7,8,9,8,8,11,8,6,6,6,7,11,7,7,9,10,6,7,7,4,6,9,6,9,7,4,5,8,6,8,8,18,14,5,21,7,8,7,6,5,6,13,8,10,7,8,10,7,7,8,7,9,6,7,7,6,9,6,10,7,7,9,10,8,10,9,8,6,6,5,7,6,5,5,10,7,5,8,6,7,10,6,4,7,9,10,5,6,7,8,6,7,6,6,4,5,7,8,10,5,7,8,7,12,8,6,7,7,9,9,8,6,7,7,10,7,7,10,8,9,11,7,9,11,9,8,8,8,9,9,7,8,8,7,9,8,8,11,5,7,8,9,8,9,6,6,8,6,8,9,12,12,8,9,8,9,7,9,7,8,9,7,7,8,9,6,9,7,9,10,6,8,6,9,9,7,7,8,11,8,9,9,7,9,12,7,13,7,12,9,8,5,6,9,7,6,8,9,10,11,13,8,11,8,9,7,4,7,8,9,8,9,6,10,8,7,5,5,5,6,8,7,5,7,8,8,8,9,7,12,6,6,8,7,7,7,8,7,8,9,6,6,6,5,11,10,9,6,8,4,6,6,7,6,7,8,5
NOUN + CCONJ + NOUN + VERB,3,3,5,4,2,2,4,6,5,1,4,4,4,5,3,3,1,6,3,4,5,5,5,4,3,3,5,5,4,5,3,4,4,3,3,3,5,4,2,4,5,3,5,5,3,2,7,4,7,6,4,4,5,4,4,4,3,5,4,5,7,2,4,5,4,1,3,4,3,6,5,7,5,4,2,5,4,3,5,5,3,5,4,5,5,6,2,3,5,6,4,4,5,4,6,6,7,5,2,6,5,5,5,5,2,2,3,4,5,5,3,4,4,6,4,6,6,6,4,3,6,5,5,6,6,5,6,4,5,3,7,5,2,4,2,3,6,0,6,5,5,3,5,2,4,4,5,4,4,5,3,4,4,6,6,9,5,3,6,3,6,6,4,6,7,7,7,7,6,6,7,6,8,4,2,5,5,4,2,7,5,6,4,7,4,5,7,7,4,5,4,8,5,8,5,9,6,9,7,6,7,6,4,7,6,4,4,6,5,7,5,5,7,8,6,7,5,4,4,7,4,5,5,4,3,8,6,6,4,16,12,5,19,5,6,7,4,5,8,9,2,8,3,6,8,7,7,4,3,7,4,7,5,2,5,6,8,7,7,7,10,6,6,9,6,4,6,5,3,6,3,5,6,3,3,6,4,3,6,4,4,3,5,8,5,4,3,4,6,5,6,6,4,3,5,6,6,7,7,4,5,8,6,6,7,5,5,9,4,4,3,5,6,5,7,8,8,7,9,5,5,7,5,6,6,6,9,5,5,8,6,7,9,6,6,9,5,7,6,7,8,5,6,6,6,6,8,7,8,8,8,9,6,7,5,5,5,6,7,5,5,6,7,4,7,7,7,6,6,4,4,5,5,5,5,6,9,6,7,5,7,9,8,5,11,5,8,5,6,5,6,7,7,6,8,5,6,7,7,6,9,6,7,5,4,5,6,9,4,5,4,6,6,5,3,3,3,2,6,3,5,5,6,6,6,7,5,10,4,4,6,5,5,5,4,5,6,5,2,4,2,5,7,8,3,2,4,4,2,4,3,4,5,6,5
VERB + ADP + PROPN + NOUN,3,3,3,4,4,4,2,4,5,5,2,4,4,5,5,5,5,2,5,4,5,3,5,4,3,3,5,3,4,3,3,4,2,3,3,5,1,4,6,4,3,5,5,3,5,6,5,4,3,6,6,4,3,4,2,2,3,5,4,3,7,6,2,5,4,5,5,6,3,6,3,5,5,4,6,5,4,5,3,1,5,3,4,3,3,6,4,5,5,6,4,4,3,6,4,4,3,5,4,4,5,5,7,5,6,6,3,2,3,5,5,6,4,4,4,6,6,4,6,5,2,3,5,6,4,5,4,4,3,3,1,5,4,6,6,5,8,6,0,5,3,7,5,4,4,6,5,4,4,5,5,6,4,6,4,7,3,5,2,5,6,2,6,6,7,3,7,5,4,6,3,6,6,4,6,3,1,4,6,7,5,6,4,7,6,5,7,5,6,5,4,6,5,6,3,11,6,5,7,8,5,6,4,3,6,4,4,4,3,13,3,5,5,6,4,7,5,6,4,5,6,5,5,6,7,6,4,4,4,16,14,7,17,5,4,3,4,5,8,9,4,4,5,6,8,5,5,6,5,7,4,5,5,6,7,6,8,11,5,5,8,4,6,7,8,6,4,5,5,4,5,5,4,5,5,2,6,5,6,6,4,5,7,8,7,6,5,4,6,5,6,4,6,5,7,6,4,5,5,4,3,8,4,8,5,3,7,7,8,4,5,3,6,5,3,6,8,5,7,5,5,5,5,6,6,6,7,7,7,8,6,5,7,4,2,5,3,5,6,3,8,7,8,4,8,4,6,5,10,10,8,7,8,7,7,5,7,4,5,3,3,6,7,4,5,7,7,6,6,6,4,9,5,5,7,4,9,4,7,7,7,7,6,7,7,7,10,5,6,7,6,5,5,6,6,5,8,7,7,2,7,4,7,7,6,5,4,7,4,7,4,2,6,5,5,5,5,6,6,5,5,5,6,6,6,7,5,8,4,4,4,5,3,3,6,5,4,5,6,2,4,5,7,4,5,4,4,4,4,4,5,4,7,4,5
NOUN + ADP + PRON,2,4,4,3,3,3,3,5,4,4,3,3,5,4,4,4,4,5,4,5,2,4,4,5,4,4,4,4,3,4,4,3,3,4,4,4,4,5,5,3,4,6,4,2,4,5,4,3,6,5,5,5,4,3,3,3,4,6,5,4,6,5,3,4,5,4,4,5,2,5,4,6,6,5,5,6,3,4,4,4,4,4,5,4,4,5,5,4,6,5,3,3,4,5,5,3,4,6,5,5,6,4,6,4,5,5,4,5,4,6,4,5,7,5,1,5,5,5,5,4,3,4,4,5,5,4,5,3,4,2,6,4,5,5,5,4,7,5,5,0,4,6,4,5,5,7,6,5,3,4,6,7,5,7,5,8,6,4,5,4,3,5,5,5,6,6,8,4,7,5,6,5,9,5,5,4,4,5,5,6,2,5,1,6,5,4,6,6,5,4,3,3,4,7,2,8,7,8,8,7,6,7,5,6,3,3,5,5,4,12,4,6,6,7,5,4,6,5,3,6,5,6,4,5,6,7,5,5,5,17,13,6,18,4,5,4,5,4,7,8,5,7,4,7,7,4,6,5,4,6,3,4,4,5,4,3,9,10,6,6,7,5,7,6,7,5,5,4,4,3,4,4,7,4,4,5,5,4,7,5,5,6,6,9,6,7,6,7,3,4,5,5,5,4,6,5,7,4,6,5,4,9,5,7,6,4,6,6,7,3,4,4,7,4,6,7,7,6,6,2,4,6,4,5,5,5,6,6,6,5,3,6,6,3,3,6,4,6,5,4,7,4,7,5,7,5,5,4,7,5,9,4,5,6,6,4,6,5,8,4,6,7,6,3,6,4,6,5,5,5,3,8,4,6,6,5,8,5,4,6,4,6,7,6,8,6,9,8,7,6,5,6,6,7,7,4,7,6,8,5,8,5,6,6,5,6,5,6,3,8,3,5,5,4,4,4,2,5,5,4,4,4,5,5,5,6,4,9,5,5,5,6,4,4,3,6,5,6,5,5,5,6,6,5,6,3,5,5,5,5,6,5,6,5,6
PROPN + NOUN + ADV,2,4,2,3,3,3,1,3,4,4,3,5,3,4,4,4,4,5,4,5,4,4,2,3,2,4,4,6,3,2,4,3,3,4,4,2,4,5,5,3,2,6,4,4,2,5,6,1,4,5,5,3,4,5,5,5,2,4,5,4,6,5,5,4,3,4,2,5,4,3,4,4,4,3,5,2,3,4,2,4,4,4,5,6,2,3,5,4,6,5,5,5,4,5,3,5,4,4,5,3,6,6,6,4,5,5,2,3,2,4,4,5,5,5,3,5,5,3,3,4,3,6,4,5,5,4,5,3,6,4,4,4,5,5,3,4,7,5,3,4,0,6,4,3,5,5,2,3,3,6,4,5,3,5,3,10,4,4,5,4,5,5,5,5,8,6,6,8,7,7,6,5,9,7,5,2,2,5,5,6,2,7,3,6,5,6,8,6,5,2,5,7,6,7,6,10,5,6,4,7,6,3,5,6,5,3,3,5,4,10,6,4,8,5,3,6,6,5,3,6,3,4,4,5,6,5,3,5,5,19,17,6,20,4,5,4,5,4,7,8,5,7,6,5,7,4,2,5,6,8,5,4,6,5,8,5,7,10,8,6,7,7,7,10,9,5,3,2,4,5,4,4,5,4,4,5,5,4,7,5,5,4,4,7,6,7,4,5,5,6,5,3,5,4,6,7,5,6,4,5,6,9,5,5,4,2,8,4,7,5,6,2,7,6,6,7,5,4,10,4,6,6,4,5,7,7,6,6,4,7,7,4,8,7,5,6,4,6,3,6,7,6,7,3,7,5,5,4,7,9,7,8,5,6,4,6,4,7,8,4,4,5,8,3,6,6,6,7,5,3,3,8,4,4,6,7,8,7,6,4,6,8,9,6,10,6,9,6,7,6,7,8,6,7,7,6,7,8,8,5,10,3,8,6,5,4,3,4,3,8,3,5,5,4,4,2,4,5,5,4,6,6,5,7,7,8,6,9,3,5,3,4,4,2,5,4,5,4,5,3,5,6,8,5,4,5,5,3,5,5,6,5,4,5,6
ADJ + NOUN + CCONJ + NOUN + NOUN,4,6,6,3,5,3,5,7,4,2,5,7,7,4,2,4,4,5,2,7,6,4,6,7,4,4,6,6,5,6,6,5,5,4,4,6,6,5,3,5,4,6,6,6,4,3,6,5,6,7,3,5,6,3,5,7,6,6,5,6,8,5,5,4,7,4,6,1,4,7,4,8,8,3,3,8,5,6,4,8,4,6,7,8,6,5,5,6,6,7,5,3,4,3,5,5,8,8,5,5,2,8,4,6,1,3,4,7,6,8,6,5,7,5,5,5,5,7,7,6,7,6,4,5,5,8,5,5,6,6,8,6,5,7,5,6,5,3,7,6,6,0,4,5,7,7,8,7,5,8,4,7,5,5,7,10,8,4,7,6,7,7,7,5,6,8,8,10,9,9,8,7,7,5,3,6,6,5,5,6,6,7,5,6,7,8,8,8,3,6,5,9,8,9,6,12,7,8,6,7,8,7,7,10,7,5,3,5,6,10,4,6,6,9,5,6,6,3,5,8,5,8,6,3,4,9,7,7,5,15,11,4,18,6,7,8,5,4,7,12,5,11,4,7,9,6,6,7,4,10,5,8,6,5,6,5,7,8,4,8,9,7,9,8,3,3,5,4,6,5,4,6,9,4,4,7,3,6,9,3,3,4,8,9,2,3,4,7,7,4,5,5,3,4,4,5,9,6,6,7,4,11,7,7,6,6,8,10,7,5,4,6,7,6,6,9,7,8,10,6,8,10,8,7,9,7,8,8,6,7,9,6,8,7,7,10,4,6,7,8,7,8,5,5,7,5,7,8,11,11,7,10,7,10,8,8,8,7,8,6,6,5,8,5,8,6,10,9,7,7,5,6,8,6,4,7,10,9,8,8,8,10,11,8,12,8,11,8,7,6,3,8,6,5,7,8,9,10,10,7,8,7,10,6,1,6,7,8,7,6,5,9,7,6,4,4,4,5,7,4,2,6,7,5,7,10,6,11,5,5,7,6,6,6,7,6,7,8,5,5,3,6,10,9,6,5,7,3,3,5,4,5,6,7,4
ADJ + NOUN + ADJ,2,4,4,1,3,3,3,5,2,4,3,5,5,2,2,2,4,3,4,5,4,2,4,5,4,4,4,4,3,4,4,3,3,4,4,4,4,3,5,3,2,6,4,4,4,5,4,3,4,5,3,5,4,5,5,5,4,6,3,4,6,5,5,2,5,4,4,3,4,5,2,6,6,5,3,6,3,2,2,6,2,4,5,6,4,3,5,4,2,5,3,3,2,3,3,3,6,6,5,3,4,6,4,2,5,3,4,5,4,6,4,3,7,3,3,1,3,5,5,4,5,4,2,3,3,6,3,3,6,4,6,4,5,5,5,4,5,5,5,4,4,4,0,5,5,7,6,5,1,6,6,5,3,5,5,10,6,4,5,4,3,5,5,1,8,6,8,8,7,7,6,5,9,7,3,2,4,5,5,4,4,5,3,4,5,6,8,8,3,4,3,7,6,7,6,10,5,6,8,7,6,5,5,8,5,3,5,3,4,10,6,6,8,7,3,4,4,3,5,6,5,6,4,3,4,7,5,5,5,15,13,4,20,4,5,6,5,2,3,10,5,9,6,7,7,4,4,5,6,8,5,6,4,5,8,3,7,8,6,6,5,7,7,6,7,5,3,2,4,3,4,2,7,4,4,5,5,4,7,3,3,6,8,7,4,3,6,7,5,6,3,3,1,4,6,7,7,4,4,5,6,9,5,5,4,4,8,8,5,5,6,4,7,4,4,7,3,6,10,4,6,8,6,5,7,5,6,6,4,5,7,4,6,7,5,8,2,4,5,6,5,8,3,3,5,3,5,6,9,7,7,8,7,8,6,6,6,5,8,4,6,7,6,3,6,4,8,7,3,5,3,8,6,6,4,7,8,7,6,6,6,8,9,6,10,6,9,8,5,4,5,8,4,5,5,6,7,8,10,5,10,5,8,6,3,4,5,6,5,8,3,7,7,4,4,4,4,5,5,4,4,6,7,7,7,8,6,9,3,3,5,4,4,4,5,4,3,6,5,5,5,2,8,7,6,5,5,3,5,5,4,5,4,5,4
PROPN + NOUN + NOUN + VERB,3,3,3,4,2,2,2,4,5,3,4,4,2,5,3,3,1,6,3,4,5,5,5,4,1,5,5,5,4,3,3,4,4,3,3,3,5,4,2,4,3,5,5,5,3,4,7,4,5,6,4,4,5,4,4,4,1,5,4,5,7,4,4,5,4,3,3,4,3,6,5,5,3,2,2,3,4,3,3,5,3,5,4,5,3,6,2,3,5,6,4,4,5,4,4,6,5,3,2,4,5,5,5,5,4,4,3,4,5,5,3,4,4,6,4,6,6,4,4,3,4,5,5,6,6,5,6,4,5,3,5,5,4,4,2,3,6,2,4,5,3,5,5,0,4,4,3,2,4,5,1,4,4,6,4,9,5,3,6,3,6,6,4,6,7,7,5,7,6,6,7,6,8,6,4,3,3,4,2,7,5,6,4,7,4,5,7,7,6,5,4,8,5,8,5,9,4,7,5,6,7,4,4,7,6,4,2,6,5,9,5,3,7,6,4,7,5,4,2,7,4,5,5,4,3,6,4,6,6,16,14,5,17,5,6,5,4,5,8,9,4,8,3,4,6,5,5,4,3,7,4,5,5,2,7,6,8,7,7,5,8,6,6,9,8,4,4,5,3,6,3,5,4,5,3,6,4,3,6,4,4,3,5,8,5,4,3,4,6,5,6,4,4,3,5,6,4,7,5,4,5,8,6,6,5,3,5,7,4,4,5,3,8,5,7,8,8,7,9,5,5,7,5,6,6,6,7,5,5,8,6,5,9,6,6,9,5,7,6,7,8,5,6,4,6,6,8,5,8,8,8,9,6,7,5,5,5,6,7,5,3,4,7,4,7,7,7,6,6,4,4,7,5,3,5,6,7,6,7,5,7,9,8,5,11,5,8,3,6,7,6,7,7,6,8,5,6,7,7,6,9,4,7,5,4,5,4,7,4,7,4,4,4,5,3,3,3,2,6,5,5,5,6,6,6,7,5,10,2,4,4,5,5,3,4,3,6,5,2,4,4,5,7,6,3,2,4,2,4,4,5,4,5,6,5
VERB + AUX,3,1,3,4,2,4,4,4,3,5,2,2,2,5,5,3,3,4,5,2,3,3,3,2,5,3,3,5,4,5,3,4,4,3,3,3,3,2,4,4,5,3,3,3,5,6,5,4,5,4,6,6,5,6,4,2,3,5,2,5,5,4,4,5,2,3,3,6,5,4,5,5,3,6,4,3,4,3,5,3,5,3,2,3,3,4,4,3,3,4,6,6,3,6,4,4,5,3,4,6,7,3,7,5,6,6,5,2,3,3,3,4,4,6,4,4,6,4,4,3,4,3,5,6,4,3,4,4,5,3,5,3,4,4,4,3,6,4,4,5,5,7,5,4,0,4,3,4,4,3,5,4,6,6,4,9,3,5,4,3,6,4,4,6,7,5,7,5,6,4,5,4,8,6,6,5,5,4,4,5,5,8,4,7,4,3,7,9,6,5,6,6,3,4,5,9,6,7,7,8,5,4,2,5,4,4,6,4,5,11,5,7,7,6,4,3,3,6,6,5,6,3,5,6,5,6,4,4,4,18,16,7,21,3,4,5,4,5,6,9,2,6,5,6,6,5,5,4,5,3,6,3,7,4,9,6,10,9,7,7,8,6,6,9,10,6,4,5,3,4,5,5,4,5,5,4,6,3,6,6,4,7,7,8,7,6,7,6,2,7,4,6,6,5,7,8,4,7,5,2,5,6,4,6,5,5,7,5,6,6,7,5,6,5,5,6,6,5,9,5,3,5,3,4,4,4,5,5,5,4,6,7,5,6,4,7,5,5,6,5,6,7,8,6,6,6,4,5,8,8,8,5,6,5,5,5,5,6,7,3,5,8,9,4,5,5,5,4,4,4,4,9,5,5,7,6,9,4,5,5,3,7,6,5,9,5,8,7,4,3,8,7,7,8,6,3,6,5,7,4,9,4,7,5,6,3,4,5,4,7,4,4,8,3,5,5,5,4,4,3,7,7,8,8,8,5,5,8,4,4,6,3,3,5,4,3,6,3,4,4,4,3,5,6,3,4,2,6,4,4,3,4,5,4,5
PROPN + CCONJ + PROPN + VERB,5,3,3,6,4,6,4,2,5,5,4,4,2,7,7,5,5,6,7,4,5,5,5,4,5,5,5,7,6,3,5,6,6,5,5,5,5,4,6,6,5,3,5,5,7,6,7,6,5,6,8,2,7,8,6,4,3,1,4,7,7,4,6,7,4,3,5,8,7,6,7,3,1,4,6,3,6,5,5,5,7,5,4,5,3,6,6,5,5,8,8,8,5,8,4,6,3,3,6,6,9,5,9,5,6,6,5,4,5,5,5,6,2,8,6,6,8,4,6,5,4,5,7,8,6,5,6,6,7,5,5,5,4,6,6,5,10,4,6,7,5,7,7,4,4,0,3,2,6,5,5,2,4,4,4,11,5,7,6,5,8,6,6,8,11,7,5,7,8,6,7,8,10,8,6,5,5,6,6,7,7,10,6,9,6,5,9,9,6,7,8,8,5,8,7,11,6,7,9,10,7,4,4,7,6,6,6,6,7,11,7,5,7,4,4,7,5,8,6,7,8,5,7,8,7,4,4,6,4,20,16,9,19,5,6,5,6,7,8,11,2,6,7,6,6,5,5,6,7,7,8,5,9,6,9,8,8,9,9,7,8,8,8,11,10,8,4,7,5,6,7,7,2,5,7,6,8,3,8,8,6,5,5,8,7,8,5,6,6,9,6,4,8,7,9,10,4,7,3,4,7,8,6,8,5,5,9,7,8,8,7,5,6,7,7,8,10,7,11,7,5,7,5,6,6,6,7,7,7,8,8,5,9,8,6,9,7,7,8,7,10,9,10,6,8,8,8,5,10,10,10,9,10,7,7,7,7,8,9,5,7,8,11,6,7,7,7,6,8,6,6,9,7,5,9,8,9,6,9,7,7,11,8,7,11,7,10,7,6,5,10,9,9,10,8,5,8,7,5,6,11,4,9,9,6,5,4,7,6,7,4,4,6,5,7,7,7,4,6,3,9,9,10,10,8,7,7,10,4,6,4,5,5,5,6,3,8,5,6,6,6,5,7,4,1,6,4,6,6,6,3,6,7,6,7
PROPN + ADV + VERB,4,2,2,5,3,5,3,3,4,6,3,3,1,6,6,4,4,5,6,3,4,4,2,3,4,4,4,6,5,4,4,5,5,4,4,4,4,3,5,5,4,4,4,4,4,7,6,3,4,5,7,5,6,7,5,3,2,4,3,6,6,5,5,6,1,4,2,7,6,3,6,4,2,5,5,2,5,4,4,4,6,4,3,4,2,3,5,4,4,7,7,7,4,7,3,5,4,2,5,5,8,4,8,4,7,7,4,3,4,4,4,5,3,7,5,5,5,3,3,4,3,4,4,7,5,4,5,3,6,4,6,4,5,5,5,4,9,5,5,6,2,8,6,3,3,3,0,3,5,4,4,3,5,5,3,10,4,6,5,2,7,5,5,7,10,6,6,6,7,5,6,7,9,7,7,4,4,5,5,6,4,9,5,6,5,4,8,8,7,4,7,7,4,7,6,10,5,6,6,9,6,1,3,6,5,5,5,5,4,10,6,6,6,5,3,6,4,5,5,6,5,4,6,7,6,5,3,5,5,19,17,8,20,4,5,4,5,6,7,10,3,7,6,5,5,4,2,5,6,6,7,4,8,5,10,7,9,8,8,6,7,7,7,10,11,7,3,4,4,5,6,6,3,6,6,5,7,2,7,7,5,6,6,7,6,7,6,5,5,8,5,5,7,4,8,9,3,6,4,3,6,7,5,5,4,4,8,4,7,7,8,4,7,6,6,7,7,6,10,6,4,4,2,5,5,5,6,4,6,7,7,6,8,7,5,8,6,6,5,4,7,6,9,5,7,7,5,4,7,9,9,8,7,6,6,6,4,7,8,4,4,7,10,5,6,6,6,5,7,3,5,10,4,4,8,7,8,5,8,6,6,10,7,6,10,6,9,6,5,6,9,8,8,7,5,4,7,6,6,5,10,3,8,8,7,4,3,4,3,8,3,3,7,4,6,4,6,5,5,4,8,8,7,9,7,6,6,7,3,5,5,4,2,4,5,2,7,4,3,5,5,4,6,5,2,5,3,5,5,5,4,5,4,5,6
PROPN + PROPN + NOUN + VERB,3,3,3,4,2,4,2,2,5,5,4,4,2,5,5,3,3,6,5,4,5,5,5,4,3,5,5,5,4,1,3,4,4,5,3,3,5,4,4,4,3,5,5,5,5,6,7,4,5,6,6,2,5,6,4,4,1,3,4,5,7,4,6,5,4,3,3,6,5,6,5,3,1,4,4,3,4,3,3,5,5,5,4,5,3,6,4,3,5,6,6,6,5,6,4,6,3,3,4,4,7,5,7,5,6,6,3,4,5,5,3,4,4,6,4,6,6,4,4,3,4,5,5,6,6,5,6,4,5,3,3,5,4,4,4,3,8,4,4,5,3,7,5,2,4,2,3,0,4,5,3,4,4,4,4,9,5,5,6,3,6,6,4,6,9,7,5,7,6,6,7,6,10,8,6,3,3,4,4,7,5,8,4,7,4,5,9,7,6,5,6,8,5,8,5,9,4,7,7,8,7,4,4,7,6,4,4,6,5,11,7,3,9,4,4,7,5,6,4,7,6,5,5,6,5,4,4,6,6,18,16,7,17,5,6,5,4,5,8,9,4,6,5,6,6,5,5,4,5,7,6,5,7,4,9,6,6,9,7,5,8,8,6,11,10,6,4,5,3,6,5,5,2,5,5,6,6,3,6,6,6,5,5,8,7,6,5,4,6,7,6,2,6,5,7,8,4,7,3,4,7,8,6,6,5,3,7,7,6,6,7,3,8,5,7,8,8,7,11,5,5,7,5,6,6,6,7,5,5,8,6,5,9,6,6,9,5,7,6,7,8,7,8,4,6,6,8,5,8,8,8,9,8,7,5,5,5,8,9,5,5,6,9,4,7,7,7,6,6,4,4,9,5,5,7,6,7,6,7,5,7,9,8,5,11,5,8,5,6,7,8,7,7,8,8,5,6,7,7,6,9,4,7,7,6,5,4,7,4,7,4,4,4,5,5,5,5,4,6,5,7,7,8,8,8,7,5,10,2,4,2,5,5,3,4,3,6,5,4,4,4,5,7,4,3,4,4,4,6,4,5,6,5,6,7
NOUN + ADJ,1,3,3,2,2,2,2,4,1,3,2,4,4,3,3,3,3,4,3,4,3,3,3,4,3,3,3,3,2,3,3,2,2,3,3,3,3,2,4,2,3,5,3,3,3,4,3,2,5,4,4,4,3,4,4,4,3,5,2,3,5,4,4,3,4,3,3,4,3,4,3,5,5,4,4,5,2,1,3,5,1,3,4,5,3,2,4,3,3,4,2,4,3,2,4,2,5,5,4,4,5,5,5,1,4,2,3,4,3,5,3,4,6,4,2,2,4,4,4,3,4,3,3,4,4,5,4,2,5,3,5,3,4,4,4,3,6,4,4,3,3,5,1,4,4,6,5,4,0,5,5,4,4,4,4,9,5,3,4,3,2,4,4,2,7,5,7,7,6,6,5,4,8,6,2,1,3,4,4,3,3,4,2,5,4,5,7,7,4,3,2,6,5,6,5,9,4,7,7,8,5,4,4,7,4,2,4,4,3,9,5,5,7,6,2,3,3,4,4,5,4,5,3,4,5,6,4,4,4,16,14,5,19,3,4,5,4,3,4,9,4,8,5,6,6,3,3,4,5,7,4,5,3,4,7,4,8,9,7,5,6,6,6,7,8,4,2,3,3,2,3,1,6,3,3,4,4,3,6,2,4,5,7,6,5,4,5,6,4,5,2,4,2,3,5,6,6,5,3,4,5,8,4,6,3,3,7,7,4,4,5,3,6,5,5,6,4,5,9,3,5,7,5,4,6,4,5,5,5,4,6,5,5,6,4,7,3,5,4,5,6,7,4,4,6,4,4,5,8,6,8,7,6,7,5,5,5,4,7,3,5,6,5,2,5,3,7,6,2,4,2,7,5,5,3,6,7,6,5,5,5,7,8,5,9,5,8,7,4,3,6,7,5,6,6,5,6,7,9,4,9,4,7,5,4,3,4,5,4,7,2,6,6,3,3,3,3,4,4,3,5,5,6,6,6,7,5,8,4,2,4,3,3,3,4,3,2,5,4,4,4,3,7,6,5,4,4,4,4,4,3,4,5,4,5
PRON + PRON + VERB,4,2,4,5,3,5,5,5,4,6,3,1,3,6,6,4,4,5,6,3,2,4,4,3,6,4,4,6,5,6,4,5,5,4,4,4,4,3,5,5,6,4,4,4,6,7,6,5,6,5,7,7,6,7,5,3,4,6,3,6,6,5,5,6,3,4,4,7,6,5,6,6,4,7,5,4,5,4,6,4,6,4,3,4,4,5,5,4,4,5,7,7,4,7,5,5,6,4,5,7,8,2,8,6,7,7,6,3,4,4,4,5,5,7,5,5,7,5,5,4,5,4,6,7,5,2,3,5,6,4,6,4,5,5,5,4,9,5,5,4,6,8,6,5,3,5,4,5,5,0,6,5,7,7,5,8,4,6,5,4,7,5,5,7,10,6,8,4,5,3,6,3,7,7,7,6,6,5,5,6,6,9,3,8,5,2,8,10,7,6,7,3,2,3,6,8,7,8,10,9,4,5,3,6,3,5,7,5,6,12,6,8,8,7,5,4,4,7,7,4,7,4,6,7,6,7,5,5,5,19,15,6,20,4,5,6,5,4,7,8,3,5,6,5,3,4,6,5,6,4,7,4,8,5,8,7,9,10,8,8,9,7,7,10,11,7,5,6,4,5,6,6,5,6,6,5,7,4,7,7,5,8,8,9,8,7,8,7,3,8,5,7,7,6,8,9,5,8,6,3,6,7,5,7,6,6,6,6,7,7,8,6,7,6,6,5,9,4,8,4,2,2,2,5,3,5,6,6,6,5,7,8,6,7,5,6,6,4,7,6,9,6,9,7,7,7,7,4,7,7,9,4,9,4,6,6,6,7,6,4,6,9,10,3,4,4,2,3,7,5,5,10,6,6,8,7,10,3,6,4,2,6,5,4,8,6,7,8,5,6,9,6,8,9,7,2,5,2,8,5,8,5,8,6,7,4,5,6,5,8,5,5,9,4,6,6,6,5,5,4,8,8,9,9,9,4,6,7,5,5,7,4,4,6,3,4,7,4,5,5,5,4,4,7,4,5,3,7,5,5,4,5,6,3,6
PROPN + NOUN + NOUN + NOUN + VERB,4,4,4,5,3,3,3,5,6,4,5,5,3,6,4,4,2,7,2,5,6,6,6,5,2,6,6,6,5,4,4,5,5,4,4,4,6,5,1,5,4,6,6,6,4,3,8,5,6,7,5,5,6,3,5,5,2,6,5,6,8,5,5,6,5,4,4,3,4,7,6,6,4,3,3,4,5,4,4,6,4,6,5,6,4,7,3,4,6,7,5,5,6,3,5,7,6,4,3,5,4,6,6,6,3,5,4,5,6,6,4,5,5,7,5,7,7,5,5,4,5,6,6,7,7,6,7,5,6,4,6,6,5,5,3,4,7,3,5,6,4,4,6,1,5,5,4,3,5,6,0,5,5,7,5,10,6,4,7,4,7,7,5,7,6,8,6,8,7,7,8,7,7,7,5,4,4,5,3,8,6,7,5,8,5,6,8,8,7,6,5,9,6,9,6,10,5,8,6,7,8,5,5,8,7,5,1,7,6,10,4,4,8,7,5,8,6,5,3,8,5,6,6,5,4,7,5,7,7,17,13,6,16,6,7,6,5,6,9,10,5,9,4,5,7,6,6,5,4,8,5,6,6,3,6,7,9,8,6,6,9,7,7,10,7,3,5,6,4,7,4,6,5,6,4,7,3,4,7,3,5,4,6,9,6,5,2,5,7,4,7,5,5,4,4,5,5,8,6,5,4,9,7,7,6,4,6,8,5,5,4,4,9,6,8,9,9,8,10,6,6,8,6,7,7,7,8,6,6,9,7,6,10,7,7,10,6,8,7,8,9,6,7,5,7,7,9,6,9,9,9,10,7,8,6,6,6,7,8,6,4,5,8,5,8,8,8,7,7,5,5,6,6,4,4,7,8,7,8,6,8,10,9,6,12,6,9,4,7,8,5,8,8,7,9,6,7,8,8,7,8,5,8,6,5,6,5,8,5,8,5,5,5,6,4,4,4,3,7,6,4,6,7,5,7,8,6,11,3,5,5,6,6,4,5,4,7,6,3,5,5,6,8,7,4,3,5,3,5,5,6,5,6,7,6
PROPN + CCONJ + ADJ + VERB,5,3,3,4,4,6,4,4,3,5,4,4,2,5,5,3,5,6,7,4,5,5,5,4,5,5,5,7,6,5,5,6,6,5,5,5,5,4,6,6,3,3,5,5,7,6,5,6,5,6,6,4,7,8,6,4,3,3,2,7,7,4,6,5,4,3,5,6,7,6,5,5,3,4,4,3,6,5,5,5,5,5,4,5,3,4,6,5,3,8,6,6,3,6,4,4,5,3,6,4,7,5,7,3,6,4,5,4,5,5,5,4,4,6,6,4,6,4,6,5,4,5,5,6,6,5,6,6,7,5,7,5,4,6,6,5,8,4,6,7,5,7,5,4,4,2,3,4,4,5,5,0,2,6,4,11,5,7,6,5,6,6,6,6,11,7,7,7,8,6,7,8,10,8,6,3,5,6,6,5,7,8,6,7,6,5,9,9,4,7,6,8,5,8,7,11,6,7,9,8,7,4,4,7,6,6,6,6,7,11,7,7,7,6,2,5,3,6,6,7,8,5,7,6,5,6,4,6,4,18,16,7,19,5,6,5,6,5,6,11,2,8,7,6,6,3,3,6,7,7,8,5,7,6,9,6,8,9,7,7,8,8,8,11,10,8,4,5,5,4,7,5,4,5,7,6,8,3,8,6,6,5,5,8,7,6,5,6,6,9,4,4,6,7,9,10,4,7,3,4,7,8,6,6,5,5,9,7,8,8,7,5,6,5,7,8,8,7,11,7,5,7,5,6,6,4,7,7,5,6,8,5,7,8,6,9,5,7,8,7,8,9,8,4,6,6,6,5,10,10,10,9,10,7,7,7,7,8,9,5,7,8,9,6,7,5,7,6,6,6,6,9,7,5,7,8,7,6,9,7,7,11,8,7,9,7,10,7,6,3,8,9,7,8,6,5,8,7,7,6,11,4,9,9,6,5,4,5,6,7,4,4,8,5,7,7,7,4,6,3,7,9,10,10,8,7,7,10,2,6,6,3,5,5,6,1,6,5,6,6,6,5,7,6,1,6,4,6,6,6,3,6,5,6,7
PROPN + CCONJ + ADJ + NOUN,3,5,3,2,4,4,2,4,3,3,4,6,4,3,3,3,5,4,5,6,5,3,5,6,3,3,5,5,4,3,5,4,4,5,5,5,5,4,6,4,1,5,5,5,5,4,5,4,3,6,4,2,5,6,6,6,3,3,4,5,7,6,6,3,6,5,5,4,5,6,3,5,5,2,4,5,4,5,3,5,3,5,6,7,3,4,6,5,5,6,4,4,3,4,2,4,5,5,6,2,5,7,5,3,4,2,3,4,5,7,5,4,6,4,4,4,4,4,6,5,4,5,3,4,4,7,4,4,7,5,5,5,6,6,6,5,6,4,4,5,3,5,3,4,6,4,5,4,4,7,5,2,0,6,4,11,5,5,6,5,6,6,6,4,9,7,7,9,8,8,7,6,10,6,4,3,3,6,6,5,5,6,4,5,6,7,9,7,2,5,4,8,7,8,7,11,4,5,7,8,7,4,6,7,6,4,4,4,5,11,7,5,7,6,2,5,5,4,4,7,6,7,5,4,5,6,4,6,4,18,14,5,19,5,6,5,6,3,6,11,4,8,7,6,6,3,3,6,7,9,6,5,5,6,7,4,6,9,7,5,6,8,8,9,8,6,4,3,5,4,5,5,6,3,5,6,6,5,8,4,4,3,7,6,5,6,3,6,6,7,4,2,4,5,7,8,6,5,3,6,7,10,6,6,5,3,9,7,8,6,5,3,6,5,5,8,6,7,11,5,7,9,7,6,8,6,7,7,5,6,8,3,7,8,6,9,3,5,6,7,6,9,6,2,6,4,6,5,10,10,8,9,8,9,7,7,7,6,9,5,5,6,7,4,7,5,9,8,6,6,4,7,7,5,5,8,7,8,7,7,7,9,10,7,11,7,10,7,6,3,6,9,5,6,6,7,8,9,9,6,11,4,9,7,4,5,4,5,6,7,4,6,6,5,5,5,5,6,6,3,5,7,8,8,8,9,7,10,2,4,4,5,5,3,6,3,6,7,6,4,4,5,9,6,3,6,6,4,4,6,5,6,5,6,5
ADJ + CCONJ + PROPN + PROPN,5,5,3,4,6,6,4,2,3,5,6,6,4,5,5,5,7,6,7,6,5,5,5,6,5,5,5,7,6,3,7,6,6,7,7,7,7,4,8,6,5,5,5,5,7,6,5,6,7,6,6,4,7,8,8,6,5,3,4,7,7,6,8,5,6,5,7,6,7,6,5,3,3,6,6,5,6,5,3,5,5,7,6,7,5,4,8,7,5,8,6,6,5,6,6,4,3,5,8,6,7,7,7,5,6,6,5,4,7,7,7,6,4,6,6,4,6,6,8,7,4,5,5,6,6,7,6,6,9,7,5,5,6,8,8,7,8,6,6,7,5,5,5,6,6,4,5,4,4,7,7,6,6,0,4,13,5,7,8,7,6,8,8,6,11,9,7,9,10,8,9,8,12,8,4,5,5,8,8,5,7,8,6,7,8,7,9,9,4,7,6,8,7,10,9,13,8,9,9,10,9,6,6,7,6,6,6,6,7,11,9,5,9,4,4,5,5,6,6,9,8,7,7,6,7,4,4,8,6,20,16,7,21,5,8,5,8,5,6,13,4,6,9,8,8,5,5,8,9,9,8,5,7,8,9,6,6,9,9,9,10,10,10,11,8,8,2,5,7,4,7,5,4,5,7,8,8,5,10,6,6,7,9,10,5,8,7,8,6,9,4,4,6,7,9,10,4,5,3,6,9,10,8,8,3,5,11,7,8,8,7,5,8,7,7,10,8,9,13,7,7,9,7,6,8,6,5,9,7,6,10,5,7,10,8,11,5,7,8,9,8,11,8,6,8,6,6,5,12,10,8,9,10,9,9,9,9,8,11,7,7,8,9,6,9,5,9,8,6,8,6,9,9,7,7,10,11,8,9,9,7,11,10,9,9,9,12,9,6,5,8,11,7,8,8,7,10,9,7,8,13,6,11,9,4,5,4,7,8,9,4,4,6,5,7,7,7,6,6,3,7,9,10,10,8,9,9,12,6,6,4,5,7,5,8,5,6,7,8,6,6,5,9,4,5,8,6,4,6,8,3,8,7,8,7
PROPN + NUM,3,3,1,4,4,4,2,2,3,5,4,4,2,5,5,5,5,6,5,4,3,5,3,4,3,5,1,7,2,3,5,2,4,5,5,5,5,4,6,4,3,5,3,3,5,6,5,4,5,2,6,4,3,6,6,4,3,3,4,5,5,6,6,5,4,5,5,6,5,4,5,3,3,4,6,3,4,5,3,3,5,5,2,5,3,4,6,5,5,6,6,6,5,6,4,4,3,3,6,4,7,5,7,3,6,6,3,2,5,5,5,6,4,6,4,4,6,4,6,5,2,5,5,6,6,5,6,4,7,5,5,3,6,6,6,5,8,6,4,5,3,7,5,4,4,4,3,4,4,5,5,4,4,4,0,11,1,3,6,5,6,4,6,4,9,7,7,7,8,6,7,6,10,8,6,3,3,6,6,3,5,6,4,5,6,5,7,7,6,3,6,6,5,8,7,11,6,7,7,10,7,4,4,5,4,4,4,6,5,11,7,5,9,4,2,5,5,6,4,7,6,5,3,6,7,4,2,6,6,18,18,7,19,3,6,3,6,5,6,11,4,6,7,6,6,3,3,6,7,7,6,3,7,6,9,6,8,11,9,7,8,8,8,11,10,6,2,5,5,4,5,5,4,3,3,6,6,3,8,6,6,5,7,8,7,8,5,6,4,7,2,4,6,5,5,8,4,5,3,4,7,6,4,8,3,3,9,5,6,4,7,3,8,7,7,8,8,5,11,3,5,7,5,4,6,6,5,7,7,6,8,5,7,8,6,9,5,7,4,7,8,9,8,4,8,6,6,1,10,10,8,7,8,7,7,5,7,6,9,5,5,6,7,4,7,5,7,6,6,6,4,7,7,5,7,8,9,6,7,7,5,9,8,7,9,5,8,7,6,5,8,9,5,6,8,5,8,7,7,6,11,2,7,7,6,5,2,5,6,9,2,4,6,3,5,5,5,6,4,3,7,7,8,8,6,7,7,10,4,6,4,5,5,3,6,3,6,5,6,4,6,5,7,4,3,6,4,4,6,6,5,6,7,6,7
PRON + AUX + DET + NOUN + ADP + VERB + ADP + DET + NOUN,8,8,10,9,7,7,9,11,10,8,7,7,9,10,8,8,8,7,8,9,8,8,10,9,8,8,10,6,9,10,8,9,7,8,6,8,6,9,9,7,10,10,10,8,8,9,8,9,8,11,9,11,8,7,5,7,8,12,9,6,12,9,7,8,9,8,8,9,6,11,8,12,10,9,9,10,9,8,10,8,8,6,9,8,8,11,7,8,10,5,7,7,8,9,9,9,10,10,9,11,10,8,10,10,9,9,8,9,8,10,8,9,11,7,7,11,9,7,9,6,9,8,10,11,7,8,7,9,4,6,8,10,9,7,9,8,11,9,7,8,10,10,10,9,9,11,10,9,9,8,10,11,11,13,11,0,10,8,7,8,7,7,9,11,6,6,8,10,5,9,6,7,9,7,9,10,8,5,9,10,8,9,9,12,7,8,4,10,11,10,7,9,6,7,6,12,7,8,12,9,8,11,9,8,9,9,9,7,8,16,8,10,8,13,11,8,10,9,7,8,7,10,10,9,10,13,11,7,9,17,11,8,18,10,7,10,7,8,13,8,9,7,6,7,11,10,12,9,8,10,5,8,6,9,8,7,13,14,6,6,9,7,11,10,9,9,11,10,8,9,6,10,11,10,8,7,9,8,11,9,9,10,12,9,10,9,10,11,7,8,11,11,9,8,10,7,11,10,12,9,8,13,9,11,12,8,4,10,9,7,8,10,9,6,6,7,9,8,6,10,8,8,8,11,7,11,10,8,8,9,9,12,8,5,7,6,8,8,11,8,9,8,9,9,7,7,11,10,11,9,7,8,9,8,10,6,8,9,8,8,10,11,8,7,6,10,8,9,9,7,9,12,6,8,8,5,8,5,4,8,8,8,9,8,10,8,7,10,11,10,9,6,8,11,7,8,7,10,12,5,4,9,10,4,9,10,11,10,7,10,9,9,7,10,8,8,8,9,11,10,8,6,5,5,5,10,8,9,9,7,11,10,8,10,9,10,7,10,9,7,7,10,10,11,10,7,7,9,9,5,10,9,10,5,8
VERB + PROPN + NUM,4,2,2,5,3,5,3,3,4,6,3,3,3,6,6,4,4,5,6,3,4,4,4,3,4,4,2,6,3,4,4,3,5,4,4,4,4,3,5,5,4,4,4,4,6,7,6,5,6,3,7,5,4,7,5,3,4,4,3,6,6,5,5,6,3,4,4,7,6,5,6,4,4,5,5,4,5,4,4,2,6,4,1,4,4,5,5,4,4,7,7,7,4,7,5,5,4,4,5,5,8,4,8,4,7,7,4,1,4,4,4,5,3,7,5,5,7,5,5,4,3,4,6,7,5,4,5,5,6,4,4,4,5,5,5,4,9,5,3,6,4,8,6,5,3,5,4,5,5,4,6,5,5,5,1,10,0,4,5,4,7,3,5,5,10,6,8,6,7,5,6,7,9,7,7,4,4,5,5,4,6,7,5,6,5,4,8,8,7,4,7,7,4,7,6,10,7,8,8,9,6,5,3,4,5,5,5,5,6,12,6,6,8,5,3,6,4,7,5,6,7,4,4,7,6,5,3,5,5,17,17,8,18,4,5,4,5,6,7,10,3,5,6,7,7,4,4,5,6,6,7,4,8,5,10,7,9,10,8,8,9,7,7,10,11,7,3,6,4,5,6,6,3,4,4,5,7,4,7,7,5,6,8,9,8,7,6,5,5,8,3,5,7,6,6,9,3,6,4,3,6,5,3,7,4,4,8,6,7,5,8,4,7,6,6,7,9,4,10,4,4,6,4,5,5,5,6,6,6,7,7,6,8,7,5,8,6,6,5,6,9,8,9,5,7,7,7,2,9,9,9,8,9,6,6,4,6,5,8,4,4,7,8,5,6,6,6,5,7,5,5,8,6,6,8,7,10,5,8,6,6,10,7,6,8,6,9,8,5,6,9,8,6,7,7,4,7,6,8,5,10,3,6,8,7,4,3,6,5,8,3,3,7,4,6,6,6,5,5,4,8,8,9,9,7,6,6,9,5,5,5,4,4,4,5,4,7,4,5,3,5,4,6,5,4,5,3,5,5,5,4,5,6,5,6
NOUN + NUM + NOUN,2,4,4,3,3,1,3,5,4,2,3,5,5,4,2,4,2,5,2,5,4,4,4,5,2,4,2,4,1,4,4,1,3,2,2,4,4,5,3,3,4,6,4,4,2,3,6,3,6,3,3,5,2,3,3,5,4,6,5,4,6,5,3,4,5,4,4,3,2,5,4,6,6,3,3,6,3,4,4,6,2,4,3,6,4,5,3,4,6,5,3,3,4,3,5,5,6,6,3,5,4,6,4,4,3,3,2,5,4,6,4,5,7,5,3,5,5,5,5,4,5,6,4,5,5,6,5,3,4,4,6,4,5,5,3,4,5,3,5,4,4,4,4,3,5,7,6,5,3,6,4,7,5,7,3,8,4,0,5,4,5,3,5,3,6,6,6,8,7,7,6,5,7,5,3,4,4,3,3,4,4,3,3,4,5,6,6,6,5,2,3,7,6,7,4,10,5,8,6,7,6,7,5,8,5,3,3,5,4,8,4,4,6,7,5,6,6,3,3,6,3,6,2,3,4,7,5,5,5,15,15,4,18,4,5,6,3,4,7,10,5,9,4,5,9,6,6,5,4,8,3,6,4,3,6,5,9,8,6,6,9,5,7,8,7,3,5,4,4,5,2,4,7,2,2,5,3,4,7,3,3,4,6,7,4,5,4,5,5,4,3,5,3,2,4,5,7,6,6,5,4,7,3,7,6,4,6,8,5,3,4,4,7,6,6,7,7,4,8,2,6,8,6,5,7,7,8,6,6,7,7,6,8,5,5,8,4,6,3,6,7,6,5,5,7,5,7,4,9,9,7,8,5,8,6,4,6,5,6,4,4,5,4,3,6,6,8,7,5,5,3,4,6,4,4,5,8,7,6,6,6,8,9,6,12,4,7,6,7,6,5,6,4,5,7,6,7,8,10,5,8,3,6,4,3,6,5,8,5,6,3,7,5,4,2,2,2,3,5,4,4,4,5,5,5,8,4,9,5,3,5,6,4,4,5,6,5,6,3,3,3,6,8,7,6,3,5,3,3,3,6,3,6,5,4
VERB + VERB + ADP + NOUN,3,3,5,4,4,4,4,6,5,5,2,4,4,5,5,5,5,2,5,2,5,3,5,4,5,3,5,3,4,5,3,4,2,3,3,5,1,4,6,4,5,3,5,3,5,6,5,4,3,6,6,6,3,4,2,2,5,7,4,3,7,4,2,5,4,5,5,6,3,6,3,7,5,6,6,5,4,5,5,3,5,3,4,3,3,6,4,3,5,6,4,4,3,6,4,4,5,3,4,6,5,3,7,5,6,6,5,4,3,3,5,6,4,4,4,6,6,4,6,5,4,3,5,6,4,5,4,4,3,3,3,5,4,6,6,5,8,6,2,5,5,7,5,6,4,6,5,6,4,5,7,6,6,8,6,7,5,5,0,5,6,2,4,6,7,3,7,5,4,4,3,6,6,4,6,5,3,4,6,7,5,6,4,7,6,5,7,7,6,5,4,6,5,6,3,9,6,5,9,8,5,6,4,5,6,4,6,4,3,13,3,7,5,8,6,7,3,6,4,3,6,5,5,6,7,8,6,4,2,14,14,7,17,5,4,5,2,5,8,7,4,6,5,6,6,7,7,4,5,7,4,7,5,4,7,6,10,11,5,5,8,2,4,7,8,6,6,5,5,4,5,5,4,5,5,2,6,5,4,6,4,7,9,8,7,6,7,4,6,5,6,6,6,5,7,6,6,7,7,4,3,6,4,8,7,3,7,9,8,4,5,5,6,5,3,6,8,5,7,5,3,5,5,6,6,6,9,7,7,8,6,7,7,4,2,5,3,5,6,3,8,7,8,6,8,4,6,7,8,8,10,7,8,7,7,5,7,4,5,3,5,8,7,4,5,7,7,4,6,6,4,9,5,5,7,4,9,4,7,7,7,7,4,7,9,7,8,5,4,7,6,3,5,6,6,5,6,5,5,2,7,4,7,7,6,5,6,9,4,5,4,4,6,5,5,5,5,6,6,5,5,5,6,6,6,7,5,6,6,4,6,5,3,5,6,5,4,5,6,4,4,5,7,6,5,4,4,6,4,4,5,2,5,4,5
ADV + NOUN + VERB,2,2,4,3,1,3,3,5,4,4,3,3,3,4,4,2,2,5,4,3,4,4,2,3,4,4,4,4,3,4,2,3,3,4,2,2,4,3,3,3,4,4,4,4,4,5,6,3,6,5,5,5,4,5,3,3,2,6,3,4,6,3,5,4,1,2,2,5,4,3,4,6,4,5,3,4,3,2,4,4,4,4,3,4,4,3,3,2,4,5,5,5,4,5,5,5,6,4,3,5,6,4,6,4,5,5,4,3,4,4,2,3,5,5,3,5,3,5,3,2,5,4,2,5,5,4,5,1,4,2,6,4,3,3,3,2,7,3,5,4,4,6,4,3,3,5,2,3,3,4,4,5,5,7,5,8,4,4,5,0,5,5,3,5,8,6,8,6,5,5,4,5,9,7,5,4,4,3,3,6,4,7,3,4,3,4,8,6,5,4,5,7,4,7,4,8,5,8,8,7,6,3,3,6,5,3,5,5,2,8,6,6,6,7,5,6,4,3,5,4,5,4,4,5,4,7,5,5,5,17,15,6,20,4,5,6,3,4,7,8,3,7,4,7,7,6,4,3,4,6,5,6,6,3,8,5,7,6,6,6,9,7,5,10,9,5,5,4,2,5,4,4,5,4,4,5,5,2,5,5,5,6,6,7,4,5,6,5,5,6,5,5,5,2,6,7,5,6,6,3,6,7,5,5,6,4,6,6,5,5,6,4,7,4,6,7,7,6,10,4,4,4,2,5,5,5,6,2,4,7,5,6,8,5,5,8,4,6,3,4,5,6,7,5,5,5,5,6,7,7,9,8,5,6,4,4,4,7,6,4,4,7,8,3,6,6,6,5,5,3,3,8,4,6,6,5,8,5,6,4,6,8,7,4,10,4,7,6,5,6,7,6,6,5,5,4,5,6,8,5,8,5,6,6,5,4,5,6,3,6,3,5,7,4,4,2,4,3,5,4,6,6,7,7,7,6,4,7,3,3,5,4,2,4,3,4,5,4,1,3,3,4,6,7,4,3,3,5,5,3,4,5,4,5,6
NOUN + ADP + DET + ADJ,3,5,5,4,4,4,4,6,3,5,4,6,6,5,5,5,5,4,5,6,5,5,5,6,5,5,5,3,4,5,5,4,4,5,5,5,5,4,6,4,5,7,5,3,5,6,1,4,5,6,6,6,5,4,4,4,5,7,4,3,7,6,4,3,6,5,5,6,3,6,3,7,7,6,6,7,4,3,5,5,3,5,6,5,5,4,6,5,5,6,2,4,5,4,6,2,5,7,6,6,7,7,7,3,6,4,5,6,5,7,5,6,8,2,2,4,4,6,6,5,4,3,5,6,4,7,6,4,3,3,7,5,6,6,6,5,8,6,6,3,5,7,3,6,6,8,7,6,2,7,7,6,6,6,6,7,7,5,6,5,0,6,6,4,5,5,9,7,6,8,5,6,10,4,4,3,5,4,6,3,3,4,4,7,6,7,7,7,6,5,4,6,7,8,5,11,4,5,9,8,7,6,6,7,6,4,6,4,5,11,5,7,7,8,4,5,5,6,4,7,6,7,5,6,7,8,6,6,6,16,12,5,17,5,6,5,6,5,6,9,6,8,5,8,8,5,5,6,7,9,2,7,1,6,7,4,10,11,5,3,4,6,8,7,6,6,4,5,5,4,5,3,8,5,5,6,6,5,8,4,6,7,9,6,7,6,7,8,6,5,4,6,4,5,7,4,8,5,5,6,5,10,6,8,5,5,7,9,6,4,5,5,8,5,3,8,6,7,9,5,7,7,7,6,8,6,7,7,5,6,6,7,3,6,6,9,5,7,6,7,6,7,6,4,6,4,4,7,10,6,8,7,6,9,7,5,7,4,9,5,7,8,5,4,7,5,9,8,4,6,4,9,5,7,3,6,9,6,5,7,7,7,8,7,11,7,10,9,6,5,6,7,3,8,6,7,8,9,9,4,7,6,7,7,6,5,6,7,4,9,4,6,4,5,5,5,3,6,6,5,5,5,4,4,4,9,7,10,6,4,6,5,5,5,6,5,2,7,6,6,6,5,9,6,7,4,4,6,6,6,5,6,7,6,5
VERB + ADP + NUM + NOUN,3,3,5,4,4,4,4,6,5,5,2,4,4,5,5,5,5,2,5,4,5,3,5,4,5,3,3,3,2,5,3,4,2,3,3,5,1,4,6,4,5,5,5,3,5,6,5,4,3,4,6,6,1,4,2,2,5,7,4,3,7,6,2,5,4,5,5,6,3,6,3,7,5,6,6,5,4,5,5,3,5,3,2,3,3,6,4,5,5,6,4,4,3,6,4,4,5,5,4,6,5,5,7,5,6,6,5,4,3,5,5,6,6,4,4,6,6,4,6,5,4,3,5,6,4,5,4,4,3,3,3,5,4,6,6,5,8,6,2,5,5,7,5,6,4,6,5,6,4,5,7,6,6,8,4,7,3,3,2,5,6,0,6,6,7,3,7,5,4,6,3,6,6,4,6,5,3,4,6,5,5,4,4,5,6,5,7,7,6,3,4,6,5,6,3,11,6,5,9,8,5,6,4,5,6,4,6,4,3,11,3,7,5,8,6,7,5,6,4,5,6,5,3,6,7,8,6,4,4,14,14,7,17,5,4,5,4,5,8,9,4,6,5,6,8,7,7,6,5,7,4,7,5,6,7,6,10,11,5,5,8,4,6,7,8,6,6,5,5,4,5,5,6,3,3,2,6,5,6,6,4,7,9,8,7,6,7,6,6,5,4,6,6,5,5,6,6,7,7,4,3,6,2,8,7,3,7,9,6,4,5,5,6,5,3,6,8,3,7,5,5,5,5,6,6,6,9,7,7,8,6,7,7,4,2,5,3,5,4,3,8,7,8,6,8,4,6,5,10,10,10,7,8,7,7,3,7,4,5,3,5,8,5,4,5,7,7,6,6,6,4,7,5,5,7,4,9,4,7,7,7,7,6,7,9,5,8,5,6,7,6,5,3,6,6,5,8,7,7,2,7,2,5,7,6,5,6,9,4,7,4,4,6,5,5,5,5,6,6,5,5,5,6,6,6,7,5,8,6,4,6,5,3,5,6,5,4,5,6,4,4,5,7,6,5,4,4,6,4,4,5,4,7,4,5
NOUN + VERB + PART + VERB,3,3,5,4,2,4,4,6,5,5,4,4,4,5,5,3,3,6,5,2,5,5,5,4,5,5,5,5,4,5,3,4,4,5,3,3,5,4,4,4,5,3,5,5,5,6,7,4,7,6,6,6,5,6,4,4,3,7,4,5,7,2,6,5,4,3,3,6,5,6,5,7,5,6,4,5,4,3,5,5,5,5,4,5,5,6,2,1,5,6,6,6,5,6,6,6,7,3,4,6,7,3,7,5,6,6,5,4,5,3,3,4,4,6,4,6,6,6,4,3,6,5,5,6,6,5,6,4,5,3,7,5,4,4,4,3,8,4,6,5,5,7,5,4,4,6,5,4,4,5,5,6,6,8,6,9,5,5,4,3,6,6,0,6,9,7,9,3,6,4,7,6,8,8,6,5,5,4,4,7,5,6,4,7,4,5,9,7,6,5,6,8,5,8,5,5,6,9,7,8,7,6,4,7,4,4,6,6,5,11,7,7,9,8,6,7,3,6,6,5,6,5,5,4,3,8,6,6,4,14,16,7,21,3,4,7,4,5,8,7,4,8,5,8,6,7,7,2,5,5,6,7,7,2,9,6,10,9,7,7,10,6,4,11,10,4,6,5,3,6,5,5,4,5,5,6,6,3,4,6,6,7,7,6,7,6,7,6,6,7,6,6,6,5,7,8,6,7,7,2,7,6,6,6,7,5,7,9,6,6,7,5,6,5,7,8,8,7,9,5,3,7,5,6,4,4,9,5,5,8,4,7,9,6,6,9,5,7,6,7,8,7,6,6,6,6,8,7,6,4,8,9,8,7,5,5,5,8,9,5,7,6,7,4,7,5,7,2,6,4,4,9,5,7,7,6,7,6,7,5,7,9,4,5,9,5,4,7,2,7,8,3,7,8,8,5,2,5,5,6,7,6,7,7,6,5,6,9,4,5,4,6,8,5,5,5,5,4,6,5,7,7,8,8,8,7,5,6,4,4,6,5,5,5,4,5,6,5,4,4,4,5,5,8,5,4,4,6,6,4,5,4,3,6,7
ADJ + NOUN + NUM + ADJ,3,5,5,2,4,4,4,6,3,5,4,6,6,3,3,3,5,4,5,6,5,3,5,6,5,5,3,5,4,5,5,2,4,5,5,5,5,4,6,4,3,7,5,5,5,6,5,4,5,4,4,6,5,6,6,6,5,7,4,5,7,6,6,3,6,5,5,4,5,6,3,7,7,6,4,7,4,3,3,7,3,5,4,7,5,4,6,5,3,6,4,4,3,4,4,4,7,7,6,4,5,7,5,3,6,4,5,6,5,7,5,4,8,4,4,2,4,6,6,5,6,5,3,4,4,7,4,4,7,5,7,5,6,6,6,5,6,6,6,5,5,5,1,6,6,8,7,6,2,7,7,6,4,6,4,11,5,3,6,5,4,6,6,0,9,7,9,9,8,8,7,6,10,8,4,3,5,6,6,3,5,6,4,5,6,7,9,9,4,5,4,8,7,8,7,11,6,7,9,8,7,6,6,9,6,4,6,4,5,11,7,7,9,8,4,5,5,4,6,7,6,7,5,4,5,8,6,6,6,14,14,5,19,5,6,7,6,3,4,11,6,10,7,8,8,5,5,6,7,9,6,7,5,6,9,4,8,9,7,7,6,8,8,7,8,6,4,3,5,4,5,3,8,5,5,6,6,5,8,4,4,7,9,8,5,4,7,8,6,7,2,4,2,5,7,8,8,5,5,6,7,8,6,6,5,5,9,9,6,4,7,5,8,5,5,8,4,7,11,3,7,9,7,6,8,6,7,7,5,6,8,5,7,8,6,9,3,5,6,7,6,9,4,4,6,4,6,5,10,8,8,9,8,9,7,5,7,6,9,5,7,8,7,4,7,5,9,8,4,6,4,7,7,7,5,8,9,8,7,7,7,9,10,7,11,7,10,9,6,5,6,9,5,6,6,7,8,9,11,6,11,6,7,7,4,5,6,7,6,9,4,8,8,5,5,5,5,6,6,5,5,7,8,8,8,9,7,10,4,4,6,5,5,5,6,5,4,7,6,6,6,3,9,8,7,6,6,4,6,6,5,6,5,6,5
DET + NOUN + NOUN + AUX + ADP + DET + NOUN,6,8,8,7,7,5,7,9,8,6,7,9,9,8,6,8,6,7,4,9,8,8,8,9,6,8,8,6,7,8,8,7,5,6,6,8,6,9,5,5,8,10,8,6,6,5,6,7,8,9,7,9,6,3,5,7,8,10,9,4,10,9,5,6,9,8,8,5,4,9,6,10,10,7,7,10,7,8,8,8,6,6,9,8,8,9,7,8,10,5,5,5,8,5,9,7,8,10,7,9,6,10,8,8,5,7,6,9,8,10,6,9,11,5,5,9,7,7,7,6,7,8,8,9,7,10,9,7,4,6,8,8,9,7,7,8,7,7,7,6,8,6,8,7,7,11,10,9,7,10,6,11,9,11,9,6,10,6,7,8,5,7,9,9,0,6,8,10,7,11,6,7,9,5,7,8,6,5,5,8,6,7,7,10,5,8,6,8,9,8,5,9,8,9,6,10,7,8,8,7,10,11,9,10,9,7,5,7,6,12,6,8,6,11,9,8,10,7,5,10,5,10,8,7,8,11,9,7,9,15,13,6,16,8,7,8,7,8,11,10,9,9,6,7,13,10,10,9,6,10,3,8,4,7,6,5,13,12,6,6,7,5,11,8,7,5,9,8,8,7,4,8,11,8,6,7,5,8,11,5,7,6,10,7,8,7,6,9,7,4,9,9,7,6,6,5,11,8,10,9,4,13,9,11,10,6,6,10,7,5,6,8,9,6,6,7,7,10,8,8,10,10,10,9,9,11,10,8,8,9,7,10,6,5,7,8,6,10,9,8,7,6,7,7,7,5,9,10,11,9,9,8,7,10,8,6,6,7,10,8,8,7,6,7,8,10,10,11,5,7,7,8,6,6,4,3,10,7,6,8,8,6,11,8,12,6,9,10,11,8,5,8,6,9,7,10,9,12,12,5,6,9,8,6,7,10,9,10,7,10,7,9,5,8,6,6,4,7,9,8,6,4,3,3,3,10,6,11,9,7,9,10,8,8,9,10,5,10,7,7,7,10,12,9,10,5,7,7,7,5,10,7,10,7,6
VERB + PRON + ADP + DET + NOUN,4,4,6,5,5,5,5,7,6,6,3,5,5,6,6,6,6,3,6,5,4,4,6,5,6,4,6,4,5,6,4,5,3,4,4,6,2,5,7,3,6,6,6,4,6,7,4,5,4,7,7,7,4,5,3,3,6,8,5,2,8,7,3,4,5,6,6,7,4,7,4,8,6,7,7,6,5,6,6,4,6,2,5,2,4,7,5,6,6,3,5,5,4,7,5,5,6,6,5,7,6,6,8,6,7,7,6,5,4,6,6,7,7,3,5,7,5,3,7,4,5,4,6,7,5,6,5,5,2,4,4,6,5,5,7,6,9,7,3,6,6,8,6,7,5,7,6,7,5,6,8,7,7,9,7,6,6,6,3,6,5,3,7,7,6,0,6,6,3,5,2,5,7,3,7,6,4,3,7,6,6,7,5,8,5,6,6,8,7,6,5,5,6,7,4,10,5,4,10,9,4,7,5,4,5,5,7,3,4,14,4,8,6,9,7,6,6,7,5,6,5,6,6,7,8,9,7,1,5,17,15,6,18,6,3,6,5,4,9,8,5,7,6,5,7,6,8,7,4,6,3,6,4,7,8,5,9,12,4,4,7,5,7,6,7,7,7,6,6,5,4,6,7,6,6,3,7,6,7,7,5,8,8,7,8,7,8,7,5,6,7,7,7,6,8,5,7,8,8,5,4,9,5,9,8,4,6,8,7,5,6,6,5,6,2,3,7,6,8,6,4,6,6,7,7,5,8,6,6,7,7,8,4,5,3,6,4,4,7,4,7,8,7,5,7,3,7,6,9,9,7,6,9,8,8,6,6,5,6,2,6,9,8,3,4,6,8,5,5,5,5,10,6,4,6,5,8,5,4,6,6,4,5,6,10,6,7,6,7,8,7,6,4,7,5,4,7,6,6,1,6,5,8,4,7,6,7,8,5,8,5,5,5,6,6,6,6,7,7,6,6,6,5,5,5,6,4,9,7,5,7,6,4,6,5,6,3,6,7,5,5,6,8,7,6,5,5,7,5,5,6,5,8,3,4
PROPN + PROPN + AUX + VERB + DET + NOUN + NOUN,6,6,6,7,7,5,5,5,8,6,5,7,5,8,6,8,6,7,6,7,8,6,8,7,4,6,8,8,7,4,6,7,7,4,6,8,6,7,7,5,6,8,8,8,6,7,8,7,6,9,7,5,8,7,7,7,6,6,7,6,10,9,5,6,7,8,8,7,6,9,8,6,4,5,7,6,7,8,6,8,6,4,7,8,4,9,7,8,8,5,7,7,6,7,5,9,6,6,7,7,8,8,8,8,7,7,6,7,6,8,6,9,7,7,7,9,7,3,7,6,7,8,8,9,7,8,7,7,6,8,6,8,7,7,7,8,9,7,7,8,6,8,8,5,7,5,6,5,7,8,6,7,7,7,7,8,8,6,7,8,9,7,9,9,8,6,0,10,7,9,6,7,9,7,7,6,6,5,7,8,8,9,7,10,7,6,6,10,9,8,7,11,6,7,8,12,5,6,8,9,8,7,7,10,9,7,5,5,8,14,6,4,8,7,7,8,8,7,5,8,5,8,8,7,8,7,7,5,7,17,15,6,18,8,5,8,5,8,11,10,7,9,8,3,9,8,8,9,8,10,7,8,8,7,8,7,9,12,6,6,7,5,9,8,9,7,7,8,8,9,4,8,5,8,6,7,7,6,9,7,5,6,10,5,8,9,6,7,7,8,9,5,7,6,8,7,7,10,6,7,6,11,7,11,8,6,6,8,7,7,8,6,7,8,6,5,7,8,6,8,8,10,8,9,7,9,10,8,8,9,9,8,8,7,7,8,8,8,9,8,7,8,7,5,7,7,9,8,11,11,7,10,9,8,8,8,8,7,8,6,6,7,8,7,6,10,8,9,7,7,7,10,8,2,8,7,6,7,6,8,8,10,11,8,12,8,9,6,9,8,9,10,8,9,7,8,9,10,10,5,8,5,10,4,7,8,7,8,9,8,7,7,5,8,6,6,6,7,9,8,8,6,7,7,7,8,6,9,7,7,5,8,6,6,9,6,7,8,7,7,7,8,10,7,6,7,7,5,5,5,8,5,10,5,4
VERB + ADP + PRON + PART + VERB,6,4,6,7,5,7,7,7,6,8,5,3,5,8,8,6,6,5,8,3,4,6,6,5,8,6,6,6,7,8,4,7,5,6,6,6,4,5,7,7,8,4,6,4,8,9,6,7,6,7,9,9,6,7,5,3,6,8,5,6,8,5,5,8,5,6,6,9,6,7,6,8,6,9,7,6,7,6,8,4,8,6,5,4,6,7,5,4,6,7,7,7,6,9,7,5,6,4,5,7,8,4,10,8,9,9,8,5,6,4,6,7,5,7,5,7,9,7,7,6,5,4,8,9,5,4,5,7,6,4,6,6,5,7,7,6,11,7,5,4,8,10,8,7,5,7,6,7,7,4,8,7,9,9,7,10,6,8,5,6,7,5,3,9,10,6,10,0,5,3,6,7,7,7,9,8,6,7,7,8,6,7,5,8,7,4,10,8,9,8,7,5,4,7,4,8,9,8,10,9,6,7,5,6,5,7,9,7,6,14,6,10,8,9,7,6,4,9,7,6,9,6,8,7,6,9,7,5,5,17,15,8,20,4,5,6,5,6,9,8,5,7,6,7,5,6,8,5,6,6,7,6,8,5,8,7,11,12,8,8,9,7,5,8,11,7,7,8,6,5,8,8,5,8,8,5,9,6,7,9,7,10,8,9,10,9,10,7,5,8,7,9,9,8,10,9,7,8,8,3,6,7,7,9,8,6,8,8,9,7,8,6,7,6,6,7,11,6,8,6,2,6,4,7,3,5,8,8,8,7,5,8,8,5,3,6,6,6,9,4,11,6,9,9,9,7,7,6,9,5,9,6,9,6,8,6,8,7,8,4,8,9,8,5,6,4,6,1,9,7,7,12,6,8,10,7,10,5,8,6,6,8,5,6,8,8,7,6,3,8,9,6,8,9,7,4,5,4,6,5,8,7,8,8,9,6,7,8,5,6,7,5,9,6,8,8,6,7,7,6,8,8,9,9,9,6,6,7,7,7,9,6,6,8,5,6,7,6,7,7,7,6,6,7,6,5,5,9,7,7,6,5,6,5,8
PRON + VERB + ADP + DET + NOUN + VERB,5,5,7,6,4,6,6,8,7,7,4,4,6,7,7,5,5,4,7,4,5,5,7,6,7,5,7,5,6,7,3,6,4,5,5,5,3,6,6,4,7,5,7,5,7,8,5,6,5,8,8,8,5,6,4,4,5,9,6,3,9,6,4,5,6,5,5,8,5,8,5,9,7,8,6,7,6,5,7,5,7,3,6,5,5,8,4,5,7,4,6,6,5,8,6,6,7,5,4,8,7,3,9,7,8,8,7,6,5,5,5,6,6,4,6,8,6,4,6,3,6,5,7,8,6,5,4,6,3,5,5,7,4,4,6,5,10,6,4,7,7,9,7,6,6,8,7,6,6,5,7,8,8,10,8,5,7,7,4,5,6,4,6,8,7,3,7,5,0,6,3,6,6,4,8,7,5,4,6,7,7,8,6,9,4,5,7,9,8,7,6,6,5,6,5,9,6,5,11,8,5,8,6,7,6,6,8,4,5,13,5,9,7,10,8,7,5,8,6,5,6,7,7,8,7,10,8,4,6,16,14,7,17,7,4,7,4,5,10,5,6,6,5,4,6,7,9,6,7,7,4,7,5,6,9,6,10,11,5,5,8,6,6,7,8,8,8,7,5,6,5,7,6,7,7,4,8,5,6,8,6,9,9,8,9,8,9,6,6,7,8,8,8,7,9,6,8,9,9,6,5,8,6,8,9,5,5,9,6,6,7,7,8,5,3,4,8,5,7,7,5,5,5,8,6,8,9,5,5,8,8,9,5,6,4,5,5,5,8,5,8,7,8,6,6,4,8,7,8,8,8,7,10,7,7,5,5,6,5,5,7,10,9,4,3,7,7,6,6,4,6,11,5,5,7,6,9,4,5,5,7,5,6,5,9,5,6,5,6,9,8,5,5,8,6,5,6,5,9,2,5,6,9,5,8,7,8,9,6,7,6,6,6,7,7,7,7,6,8,7,7,7,6,6,6,7,7,8,6,6,8,7,5,7,6,7,4,7,6,6,6,7,7,8,7,4,4,8,6,4,7,6,7,2,5
INTJ + VERB + PRON + VERB,5,3,5,6,4,6,6,6,5,7,4,2,4,7,7,5,5,6,7,2,3,5,5,4,7,5,5,7,6,7,3,6,6,5,5,5,5,4,6,6,7,3,3,5,7,8,7,6,7,6,8,8,7,8,6,4,5,7,4,7,7,4,6,7,4,5,5,8,7,6,7,7,5,8,6,5,6,5,7,5,7,5,4,3,5,6,4,3,5,6,8,8,5,8,6,6,7,3,6,8,9,3,9,7,8,8,7,4,5,3,5,6,4,8,6,6,8,6,6,5,6,5,7,8,6,3,4,6,7,5,7,5,4,6,6,3,10,6,6,5,7,9,7,6,4,6,5,6,6,3,7,6,8,8,6,9,5,7,4,5,8,6,4,8,11,5,9,3,6,0,7,6,8,8,8,7,7,6,6,7,7,10,4,9,6,3,9,11,8,7,8,6,3,6,5,9,8,9,11,10,5,6,4,5,4,4,8,6,7,13,7,9,9,8,6,5,3,8,8,5,8,5,7,8,7,8,6,4,4,18,16,7,21,5,6,7,4,5,8,9,4,6,7,6,4,5,7,4,5,5,8,5,9,4,9,8,10,11,9,9,10,6,6,9,12,8,6,7,5,6,7,7,4,7,7,6,8,5,6,8,6,9,7,10,9,8,9,6,4,9,6,8,8,7,9,10,6,9,7,4,7,6,6,8,7,7,7,7,8,8,9,7,6,7,7,6,10,5,9,5,1,5,3,6,4,4,7,7,7,4,6,9,7,6,4,7,7,5,8,5,10,7,10,8,8,8,8,5,8,8,10,7,10,5,7,7,7,8,7,3,7,10,11,4,5,5,5,2,8,6,4,11,7,7,9,8,9,4,7,5,5,9,6,5,9,7,8,7,4,7,10,7,9,10,8,3,6,3,7,6,9,6,9,7,8,5,4,7,6,7,6,6,10,5,7,7,7,6,4,5,9,7,10,10,10,5,5,8,6,6,8,5,5,5,4,5,8,5,6,6,6,5,3,8,5,6,4,8,6,6,5,4,5,4,7
VERB + ADV + ADP + DET + NOUN,4,4,6,5,5,5,5,7,6,6,3,5,5,6,6,6,6,3,6,5,6,4,4,3,6,4,6,4,5,6,4,5,3,4,4,4,2,5,7,3,6,6,6,4,6,7,4,5,4,7,7,7,4,5,3,3,6,8,5,2,8,7,3,4,5,6,6,7,4,5,4,8,6,7,7,4,5,6,6,4,6,2,5,4,4,5,5,6,6,5,5,5,4,7,5,5,6,6,5,7,6,6,8,6,7,7,6,5,4,4,6,7,7,3,5,7,5,3,7,4,5,4,4,7,5,4,5,3,2,4,4,6,5,5,5,6,9,7,3,6,6,8,6,7,5,7,6,7,5,6,8,7,7,9,7,6,6,6,3,4,5,3,7,7,6,2,6,6,3,7,0,7,7,3,7,6,4,3,7,6,6,7,5,6,5,6,8,6,7,6,5,7,6,7,4,10,5,4,10,9,6,7,5,6,7,5,7,3,2,12,4,8,6,9,7,8,6,5,5,4,5,4,6,7,8,9,7,3,5,17,15,6,18,6,3,6,5,6,9,8,5,7,6,5,9,8,6,7,6,8,3,8,4,7,8,5,9,10,4,4,7,5,7,6,7,7,7,6,6,5,4,6,7,6,6,3,7,6,7,7,5,8,8,7,6,7,8,7,7,6,7,7,7,4,8,5,7,8,8,5,4,9,5,9,8,4,8,8,7,5,6,6,7,6,2,5,7,6,8,6,6,6,6,7,7,7,8,4,6,9,7,8,6,5,3,6,4,6,5,4,5,8,7,5,7,3,5,8,9,9,9,8,7,6,6,6,6,5,4,4,6,9,8,5,4,8,6,7,5,5,5,10,6,4,6,5,10,5,6,6,8,6,7,8,10,6,9,6,7,8,7,6,4,5,3,6,9,8,8,1,6,5,8,6,7,4,7,8,5,8,5,5,5,6,6,4,6,7,7,6,6,6,5,5,5,8,6,9,7,5,7,4,4,6,7,6,3,4,5,5,5,6,8,7,6,5,5,7,5,5,6,5,6,3,4
PRON + AUX + PRON + NOUN,3,5,5,4,4,4,4,6,5,5,4,4,6,5,5,5,5,6,5,6,3,5,5,6,5,5,5,7,4,5,5,4,4,5,5,5,5,6,6,4,5,7,5,5,5,6,7,4,7,6,6,6,5,6,6,6,5,7,6,5,7,6,6,5,6,5,5,6,5,6,5,7,7,6,6,7,4,5,5,7,5,5,6,5,5,6,6,5,7,2,6,6,5,6,6,6,7,7,6,6,7,5,7,5,6,6,5,6,5,7,5,6,8,6,4,6,6,6,6,5,6,7,5,6,6,5,4,4,7,5,7,5,6,6,6,5,8,6,6,5,5,7,5,6,4,8,7,6,4,3,7,8,6,8,6,7,7,5,6,5,6,6,6,6,7,5,7,7,6,6,7,0,8,8,6,5,5,6,6,7,5,8,4,7,6,3,5,9,6,5,6,4,3,4,5,9,8,9,9,10,3,8,6,7,4,4,6,6,5,13,7,7,9,8,6,3,7,6,6,5,6,7,5,6,7,8,6,4,6,20,14,5,19,5,6,7,6,3,8,9,6,6,7,6,6,5,7,6,5,3,6,3,7,6,7,6,8,11,9,9,10,8,8,9,10,6,6,5,5,6,5,5,8,5,5,6,6,5,8,6,6,7,9,8,7,8,7,8,2,7,6,6,6,5,7,8,8,7,7,6,7,10,6,8,7,5,5,5,8,6,7,5,4,7,7,4,6,5,5,5,5,5,5,6,4,6,5,7,7,4,6,7,5,6,4,3,5,3,6,5,6,7,8,6,6,6,6,5,10,10,6,3,6,5,7,7,7,8,7,3,7,8,9,2,5,5,3,6,6,6,4,9,7,7,7,6,7,4,3,3,1,5,6,5,7,7,6,9,8,5,8,7,7,8,8,3,4,5,9,6,7,6,9,3,6,7,6,5,6,9,4,8,8,5,5,5,5,6,6,5,7,7,8,8,8,5,3,6,6,6,6,7,5,5,4,7,6,7,6,6,6,7,7,8,7,6,6,6,6,6,7,6,7,4,7
SCONJ + PRON + VERB + ADP + NOUN + NOUN + PART + NOUN,7,7,9,8,8,6,8,10,9,7,6,6,8,9,7,9,7,6,5,8,7,7,9,8,7,7,9,7,8,9,7,8,6,5,7,9,5,8,6,8,9,9,9,7,7,6,9,8,7,10,8,10,7,6,6,6,9,11,8,7,11,10,6,9,8,9,9,6,7,10,7,11,9,8,8,9,8,9,9,7,7,7,8,7,7,10,8,9,9,8,8,8,7,6,8,8,9,9,6,8,5,7,9,9,6,8,7,8,7,9,9,10,10,8,8,10,10,8,10,9,8,7,9,10,8,7,6,8,7,7,7,9,8,10,8,9,10,8,6,9,9,7,9,8,8,10,9,10,8,7,7,10,10,12,10,9,9,7,6,9,10,6,8,10,9,7,9,7,6,8,7,8,0,8,8,9,7,8,8,11,9,8,8,9,10,7,9,7,10,9,8,8,7,8,7,11,10,9,9,12,5,10,8,9,8,8,6,8,7,15,5,9,9,12,10,9,9,8,8,7,8,9,9,6,7,12,10,8,8,18,16,7,19,7,8,9,6,7,10,9,8,8,7,6,10,9,11,8,7,7,8,9,9,8,9,10,12,13,7,9,12,8,8,9,10,6,10,9,9,8,7,9,10,9,7,6,6,9,10,6,6,7,11,10,9,8,7,8,8,7,10,10,8,7,7,6,10,11,11,8,5,12,8,10,9,7,9,11,10,8,7,7,10,9,7,8,12,7,9,9,7,7,7,8,8,10,11,11,11,10,10,9,9,8,6,7,7,7,10,7,12,11,8,10,10,8,10,9,10,10,8,7,10,9,11,9,11,8,5,7,7,6,9,6,5,7,9,8,10,10,8,9,9,7,7,8,11,6,9,9,9,9,8,9,11,11,10,7,8,11,6,7,9,8,10,7,8,7,11,6,9,8,11,7,8,9,10,11,8,7,8,8,10,9,7,7,7,8,10,9,7,9,10,8,10,7,9,8,10,8,10,9,7,9,10,9,8,9,8,8,8,9,7,10,9,8,8,8,6,8,9,6,11,6,7
VERB + NOUN + CCONJ + ADP + DET + NOUN,5,5,7,6,6,4,6,8,7,3,4,6,6,7,5,7,5,4,5,6,7,5,7,6,5,3,7,5,6,7,5,6,4,3,5,7,3,6,6,4,7,5,7,5,5,4,5,6,5,8,6,6,5,4,4,4,7,7,6,3,9,6,2,5,6,5,7,6,3,8,5,9,7,6,6,7,6,7,7,5,5,3,6,5,5,8,6,7,7,6,4,4,5,6,6,6,7,7,6,8,7,7,7,7,4,4,5,6,5,7,7,8,6,4,4,8,6,4,8,5,6,5,7,8,6,7,6,6,3,5,5,7,4,6,6,7,8,4,4,5,7,5,7,6,6,8,7,8,6,7,7,8,6,8,8,7,7,5,4,7,4,4,8,8,5,3,7,7,4,8,3,8,8,0,4,7,5,4,6,7,5,6,6,9,6,7,7,7,6,7,4,8,7,8,5,11,6,5,9,8,7,8,6,7,8,6,6,4,5,11,3,7,5,10,8,9,7,6,4,7,6,7,7,6,7,10,8,4,4,16,14,7,17,7,4,7,4,7,10,9,6,8,5,6,10,9,9,8,7,9,2,9,3,6,7,6,10,11,5,5,6,4,8,7,4,6,8,7,7,6,5,7,8,5,5,4,6,7,8,6,4,5,9,8,7,8,5,6,8,5,8,8,6,5,7,4,8,7,9,6,3,10,6,10,9,5,9,11,8,4,5,7,8,7,3,6,8,7,7,7,7,7,7,8,8,8,11,7,7,10,8,9,7,6,4,7,5,7,8,5,8,7,8,6,8,4,8,9,10,10,10,9,8,9,9,7,7,4,7,5,5,8,7,6,5,9,9,8,6,6,6,7,7,5,5,6,11,6,7,9,9,7,8,9,11,7,10,7,8,7,6,7,5,8,6,7,10,9,9,2,5,6,9,7,6,7,8,11,6,5,6,6,4,7,5,5,5,6,8,5,5,5,4,4,4,9,7,10,8,6,8,7,5,7,8,7,4,7,6,6,4,7,9,8,7,4,6,6,2,6,7,4,9,4,5
NOUN + ADJ + CCONJ + NOUN,3,5,5,2,4,2,4,6,3,1,4,6,6,3,3,3,3,4,3,6,5,3,5,6,3,3,5,3,4,5,5,4,4,3,3,5,5,4,4,4,3,5,5,5,3,2,5,4,5,6,4,4,5,4,4,6,5,5,4,5,7,4,4,3,6,3,5,4,3,6,3,7,7,4,4,7,4,3,3,7,1,5,6,7,5,4,4,5,5,6,2,4,3,2,4,4,7,7,4,4,5,7,5,3,2,2,3,6,5,7,5,4,6,4,4,4,4,6,6,5,6,5,3,4,4,7,4,4,5,5,7,5,4,6,4,5,6,2,6,5,5,3,3,4,6,6,7,6,2,7,5,6,4,4,6,9,7,3,6,5,4,6,6,4,7,7,7,9,8,8,7,6,8,4,0,3,5,4,4,5,5,4,4,5,6,7,7,7,2,5,2,8,7,8,5,11,4,7,7,8,7,6,6,9,6,4,4,4,5,7,5,5,7,8,4,5,5,4,4,7,4,7,5,4,5,8,6,6,4,16,12,5,19,5,6,7,4,3,6,11,4,10,5,6,8,5,5,6,5,9,4,7,3,4,5,4,6,9,7,5,8,6,8,7,6,4,4,3,5,4,3,3,8,3,3,6,4,5,8,2,4,3,7,6,3,4,3,6,6,5,4,4,2,3,5,6,8,5,5,6,5,10,6,6,5,5,7,9,6,4,3,5,6,5,5,8,6,7,9,5,7,9,7,6,8,6,7,7,5,6,8,5,7,6,6,9,3,5,6,7,6,7,4,4,6,4,6,7,10,8,8,9,6,9,7,7,7,4,7,5,5,6,5,4,7,5,9,8,4,6,4,5,7,5,3,6,7,8,7,7,7,9,10,7,11,7,10,7,6,5,6,7,5,6,6,7,8,9,9,6,9,6,9,5,2,5,6,7,6,5,4,8,6,5,3,3,3,4,6,3,5,5,6,6,6,9,5,10,4,2,6,5,5,5,6,5,4,7,4,4,2,5,9,8,5,4,6,4,2,4,3,4,5,6,5
PROPN + NOUN + ADJ,2,4,2,3,3,3,1,3,2,4,3,5,3,4,4,4,4,5,4,5,4,4,4,5,2,4,4,4,3,2,4,3,3,4,4,4,4,3,5,3,2,6,4,4,4,5,4,3,4,5,5,3,4,5,5,5,2,4,3,4,6,5,5,4,5,4,4,5,4,5,4,4,4,3,5,4,3,2,2,4,2,4,5,6,2,3,5,4,4,5,3,5,4,3,3,3,4,4,5,3,6,6,6,2,5,3,2,3,4,6,4,5,5,5,3,3,5,3,5,4,3,4,4,5,5,6,5,3,6,4,4,4,5,5,5,4,7,5,3,4,2,6,2,3,5,5,4,3,1,6,4,3,3,5,3,10,4,4,5,4,3,5,5,3,8,6,6,8,7,7,6,5,9,7,3,0,2,5,5,4,4,5,3,6,5,6,8,6,5,4,3,7,6,7,6,10,3,6,6,9,6,3,5,6,5,3,3,5,4,10,6,4,8,5,1,4,4,5,3,6,5,6,4,5,6,5,3,5,5,17,15,6,18,4,5,4,5,4,5,10,5,7,6,5,5,2,2,5,6,8,5,4,4,5,8,5,7,10,8,4,5,7,7,8,9,5,3,4,4,3,4,2,5,4,4,5,5,4,7,3,5,4,6,7,6,5,4,5,5,6,3,3,3,4,6,7,5,6,2,5,6,9,5,7,4,2,8,6,5,5,6,2,7,6,6,7,5,6,10,4,6,8,6,5,7,5,6,6,6,5,7,4,6,7,5,8,4,6,5,6,7,8,5,3,7,5,5,4,9,7,7,8,7,8,6,6,6,5,8,4,4,5,6,3,6,4,8,7,3,5,3,8,6,4,4,7,6,7,6,6,6,8,9,6,10,6,9,6,5,4,7,8,6,7,7,6,7,8,8,5,10,3,8,6,5,4,3,4,5,8,3,5,5,4,4,4,4,5,5,4,6,6,7,7,7,8,6,9,3,3,3,4,4,2,5,2,3,6,5,3,5,4,8,5,4,5,5,3,5,5,4,5,6,5,6
ADP + PROPN + NOUN,2,4,2,3,3,3,1,3,4,4,3,5,3,4,4,4,4,3,4,5,4,4,4,5,2,4,4,4,3,2,4,3,1,4,4,4,2,5,5,3,2,6,4,2,4,5,4,3,4,5,5,3,2,3,3,3,2,4,5,2,6,5,3,4,5,4,4,5,2,5,2,4,4,3,5,4,3,4,2,2,4,4,5,4,2,5,5,4,6,5,3,3,4,5,3,3,2,4,3,3,4,6,6,4,5,5,2,3,4,6,4,5,5,3,3,5,5,3,5,4,1,4,4,5,3,6,5,3,4,4,2,4,5,5,5,4,7,5,1,4,2,6,4,3,5,5,4,3,3,6,4,5,3,5,3,8,4,4,3,4,5,3,5,5,6,4,6,6,5,7,4,5,7,5,5,2,0,5,5,6,4,5,3,6,5,6,6,4,5,4,3,5,6,7,4,10,5,6,6,7,6,5,5,4,5,3,3,5,2,12,4,4,6,5,3,6,6,5,3,6,5,6,4,5,6,5,3,5,5,17,15,6,18,4,5,2,5,4,7,10,5,5,4,5,7,4,4,5,6,8,3,4,4,5,6,5,7,10,6,6,7,5,7,8,7,5,3,4,4,3,4,4,5,4,4,3,5,4,7,5,5,4,6,7,6,7,4,5,5,4,5,3,5,4,6,5,5,4,4,5,4,9,5,7,4,2,8,6,7,3,4,2,7,6,4,7,7,6,8,4,6,6,6,5,7,7,6,6,6,7,7,4,6,5,3,6,2,6,5,4,7,6,7,3,7,3,5,4,9,9,7,6,7,8,6,6,6,5,6,4,4,5,6,3,6,6,8,7,5,5,3,8,6,4,6,5,8,5,6,6,6,6,7,6,8,6,9,6,7,6,5,6,4,5,5,6,7,8,8,3,8,3,8,6,5,6,3,6,5,8,3,3,5,4,4,4,4,5,5,4,4,4,5,5,5,8,6,9,3,5,3,6,4,2,5,4,3,6,5,3,5,6,8,3,4,3,5,3,5,5,6,5,6,5,6
NOUN + VERB + DET + NOUN,3,3,5,4,2,2,4,6,5,3,2,4,4,5,3,3,3,4,3,4,5,3,5,4,3,3,5,3,4,5,3,4,4,3,1,3,3,4,4,2,5,5,5,5,3,4,5,4,5,6,4,6,5,4,2,4,3,7,4,3,7,4,4,3,4,3,3,4,3,6,5,7,5,4,4,5,4,3,5,5,3,1,4,5,3,6,2,3,5,4,4,4,3,4,4,6,7,5,4,6,5,5,5,5,4,4,3,4,3,5,3,4,6,4,4,6,4,2,4,3,6,5,5,6,4,5,4,4,1,3,5,5,4,4,4,3,6,4,4,5,5,5,5,4,4,6,5,4,4,5,5,6,6,8,6,5,5,3,4,3,4,4,4,6,5,3,5,7,4,6,3,6,8,4,4,5,5,0,4,5,5,6,4,7,4,5,7,7,6,5,4,8,5,6,3,9,2,5,7,8,5,6,4,7,6,4,4,2,5,11,5,5,7,8,6,7,5,4,4,5,4,5,5,4,5,8,6,2,4,14,14,5,19,5,2,7,2,5,8,7,4,8,3,4,8,7,7,4,3,7,2,7,3,4,7,4,10,9,3,3,6,4,6,7,6,4,6,5,3,6,3,5,6,5,3,4,4,3,6,4,4,5,7,4,5,4,5,6,6,5,6,6,4,3,5,4,6,7,7,4,5,8,4,6,7,5,7,9,6,4,5,5,6,5,3,4,6,5,7,5,5,7,5,6,6,6,9,5,5,8,6,7,7,4,4,7,5,5,6,5,6,7,6,4,6,4,8,7,8,8,8,9,6,7,5,5,5,6,7,3,5,6,7,4,3,7,7,6,4,4,4,7,5,3,3,4,7,6,5,5,7,7,8,5,11,5,8,7,6,7,6,5,5,6,4,5,6,7,9,2,5,4,7,5,4,5,6,9,4,5,4,6,4,5,3,3,3,4,6,5,5,5,4,4,4,7,3,8,4,2,6,5,3,5,4,5,4,5,4,2,2,5,7,8,5,4,4,4,4,2,5,4,5,2,3
NOUN + NOUN + AUX + VERB,3,3,5,4,2,2,4,6,5,3,4,4,4,5,3,3,1,6,3,4,5,5,5,4,3,5,5,5,4,5,3,4,4,3,3,3,5,4,2,4,5,5,5,5,3,4,7,4,7,6,4,6,5,4,4,4,3,7,4,5,7,4,4,5,4,3,3,4,3,6,5,7,5,4,2,5,4,3,5,5,3,5,4,5,5,6,2,3,5,6,4,4,5,4,6,6,7,5,2,6,5,5,5,5,4,4,3,4,5,5,1,4,6,6,4,6,6,6,2,3,6,5,5,6,6,5,6,4,5,3,7,5,4,4,2,3,4,2,6,5,5,5,5,2,4,6,5,4,4,5,3,6,6,8,6,9,5,3,6,3,6,6,4,6,5,7,7,7,6,6,7,6,8,6,4,5,5,4,0,7,5,6,4,7,2,3,7,7,6,5,4,8,3,6,5,7,6,9,5,6,7,6,4,7,6,4,4,6,5,7,5,5,7,8,6,5,5,4,4,7,4,5,5,4,3,8,6,6,6,16,12,5,19,5,6,7,4,5,8,9,4,6,3,6,8,7,7,4,3,7,4,5,5,2,7,6,10,7,7,7,10,6,6,9,8,4,6,5,3,6,3,5,6,5,3,6,4,3,6,4,4,5,5,6,5,4,5,4,4,5,6,6,4,3,5,6,6,7,7,4,5,8,6,6,7,5,5,7,4,4,5,5,6,5,7,6,8,7,9,5,5,7,5,6,4,6,7,5,5,6,4,7,7,6,6,7,5,7,6,7,8,5,6,6,6,6,6,7,8,8,8,7,6,5,3,5,3,6,7,5,5,6,7,4,7,7,5,6,4,4,4,7,5,5,5,4,9,4,7,5,5,7,8,3,9,3,8,5,6,5,6,7,7,6,8,5,6,7,9,6,9,6,5,5,4,5,6,7,4,7,4,6,6,5,3,3,3,2,6,5,5,5,6,6,6,5,3,8,4,4,6,5,5,5,4,5,6,5,2,4,4,5,7,8,5,2,4,4,4,4,5,4,5,6,5
DET + ADJ + NUM,4,4,4,3,5,5,5,5,2,6,5,5,5,4,4,4,6,5,6,5,4,4,4,5,6,6,2,6,3,6,6,3,5,6,6,6,6,3,7,3,4,6,4,4,6,7,2,5,6,3,5,7,4,7,7,5,6,6,3,4,6,7,7,2,5,6,6,5,6,5,4,6,6,7,5,6,5,4,4,6,4,4,3,6,6,3,7,6,4,5,5,5,4,5,5,3,6,6,7,5,6,6,6,4,7,5,6,5,6,6,6,5,7,3,5,3,3,5,7,4,5,4,4,5,5,6,5,5,6,6,8,4,7,5,7,6,7,7,7,6,6,6,4,7,5,7,6,7,3,6,8,5,5,5,3,10,4,4,7,6,3,5,7,3,8,6,8,8,7,7,6,7,11,7,5,4,6,5,7,0,6,5,5,6,5,6,8,10,5,4,5,7,6,9,8,10,5,6,10,7,8,5,5,8,5,5,7,3,6,10,8,8,8,7,3,4,4,5,7,8,5,6,4,5,6,7,5,5,7,15,15,4,20,4,5,6,7,4,5,10,5,9,8,7,7,4,4,7,8,8,5,6,4,7,8,3,9,10,8,6,7,7,9,8,9,7,3,4,6,3,4,4,7,4,4,7,7,6,9,5,5,8,10,7,6,7,8,9,5,8,1,5,5,6,6,7,7,6,4,5,8,7,5,7,4,6,8,8,5,5,8,6,9,4,4,7,5,6,10,4,6,8,6,5,7,5,6,6,4,5,9,6,4,7,7,10,4,6,5,8,5,8,5,3,5,5,5,4,9,7,7,8,9,8,8,4,6,7,10,6,8,9,4,5,6,4,8,7,3,5,5,8,6,6,4,7,8,7,6,8,6,8,9,8,10,4,7,10,5,4,7,10,2,7,7,6,9,8,10,5,10,5,8,6,5,4,5,6,7,10,5,7,7,4,6,6,6,7,5,4,6,6,7,7,7,8,8,11,5,5,7,4,6,6,7,4,3,6,7,7,7,4,8,7,6,7,3,5,7,5,4,7,6,5,4
NOUN + ADP + ADV,2,4,4,3,3,3,3,5,4,4,3,5,5,4,4,4,4,5,4,5,4,4,2,3,4,4,4,4,3,4,4,3,3,4,4,2,4,5,5,3,4,6,4,2,2,5,4,1,6,5,5,5,4,3,3,3,4,6,5,4,6,5,3,4,3,4,2,5,2,3,4,6,6,5,5,4,3,4,4,4,4,4,5,4,4,3,5,4,6,5,3,3,4,5,5,3,4,6,5,5,6,6,6,4,5,5,4,5,2,4,4,5,7,5,1,5,5,5,3,4,3,4,4,5,5,4,5,3,4,2,6,4,5,5,3,4,7,5,5,2,2,6,4,5,5,7,4,5,3,6,6,7,5,7,5,8,6,4,5,4,3,5,5,5,6,6,8,6,7,7,6,5,9,5,5,4,4,5,5,6,0,5,3,6,5,6,6,6,5,2,3,5,6,7,4,10,7,8,6,5,6,5,5,6,5,3,5,5,4,10,4,6,6,7,5,6,6,5,3,6,3,4,4,5,6,7,5,5,5,17,15,6,20,4,5,4,5,4,7,6,5,7,4,7,9,6,4,5,6,8,3,6,4,5,6,3,9,10,6,6,7,5,7,8,7,5,5,2,4,3,4,4,7,4,4,5,5,4,7,5,5,6,6,9,6,7,6,7,5,4,5,5,5,4,6,5,7,4,6,5,4,9,5,5,6,4,6,6,7,3,4,4,7,4,6,7,5,4,8,4,6,6,4,5,7,7,6,6,4,7,5,6,6,5,5,6,4,6,3,6,7,4,7,5,7,5,5,6,7,7,9,6,3,6,4,4,4,5,8,4,6,7,6,3,6,6,6,7,5,3,3,8,4,6,6,5,10,5,4,4,6,6,7,6,10,6,9,8,7,6,5,6,6,7,7,6,7,8,8,5,8,5,6,6,5,4,5,6,3,8,3,5,5,4,4,2,2,5,5,4,4,4,3,5,5,8,6,9,5,5,5,4,4,4,5,6,5,4,5,5,5,6,8,5,6,3,5,5,5,5,6,5,4,5,6
NOUN + ADP + ADJ + NUM + PART + NOUN,5,7,7,4,6,4,6,8,5,5,6,8,8,5,5,5,5,4,5,8,7,5,7,8,5,7,5,3,4,7,7,4,4,5,5,7,5,6,6,6,5,9,7,5,5,6,5,6,5,6,6,8,3,4,4,6,7,9,6,5,9,8,4,5,8,7,7,6,3,8,3,9,9,6,6,9,6,5,5,7,3,7,6,7,7,6,6,7,7,8,2,4,5,4,6,4,7,9,6,6,7,9,7,5,6,4,5,8,7,9,7,6,10,4,4,6,6,8,8,7,6,5,5,6,4,9,6,6,5,5,7,7,8,8,6,7,8,6,6,5,7,7,5,6,8,10,9,8,4,9,7,8,6,8,6,9,7,3,6,7,4,4,6,6,7,7,9,7,8,10,7,8,8,6,4,5,5,6,6,5,5,0,6,5,8,9,7,5,6,5,4,8,9,10,5,11,6,7,7,8,9,8,8,9,6,6,6,6,5,9,5,7,7,10,6,7,7,6,4,9,6,9,5,4,5,10,8,8,8,16,14,7,19,5,6,7,6,5,8,11,8,10,5,8,10,7,7,8,7,9,4,9,3,6,7,6,10,11,7,5,8,6,8,7,8,4,6,5,7,6,5,5,10,5,5,6,6,7,10,4,6,7,9,8,7,6,7,8,8,5,4,6,4,5,7,6,10,7,7,6,5,10,6,8,7,5,9,11,8,4,5,5,8,7,5,10,8,7,9,5,9,9,9,8,8,6,9,9,7,8,8,7,7,6,6,9,5,7,6,7,8,7,6,6,8,6,6,7,12,8,8,9,8,11,9,5,9,4,9,7,7,6,1,6,9,7,11,8,6,8,6,7,7,7,5,6,7,8,7,9,9,9,10,9,11,7,10,9,8,7,6,7,3,8,8,9,8,11,11,6,9,6,7,7,6,7,8,9,6,7,6,8,6,7,5,5,5,6,8,7,5,5,6,6,6,11,7,10,6,4,8,7,7,7,8,7,6,9,6,6,6,7,9,8,9,4,8,6,6,6,7,6,7,8,7
NOUN + PRON,1,3,3,2,2,2,2,4,3,3,2,2,4,3,3,3,3,4,3,4,1,3,3,4,3,3,3,5,2,3,3,2,2,3,3,3,3,4,4,2,3,5,3,3,3,4,5,2,5,4,4,4,3,4,4,4,3,5,4,3,5,4,4,3,4,3,3,4,3,4,3,5,5,4,4,5,2,3,3,5,3,3,4,3,3,4,4,3,5,4,4,4,3,4,4,4,5,5,4,4,5,3,5,3,4,4,3,4,3,5,3,4,6,4,2,4,4,4,4,3,4,5,3,4,4,3,4,2,5,3,5,3,4,4,4,3,6,4,4,1,3,5,3,4,4,6,5,4,2,3,5,6,4,6,4,9,5,3,4,3,4,4,4,4,7,5,7,5,6,4,5,4,8,6,4,3,3,4,4,5,3,6,0,5,4,3,7,7,4,3,4,4,3,6,3,7,6,7,7,8,5,6,4,5,2,2,4,4,3,11,5,5,7,6,4,3,5,4,4,5,4,5,3,4,5,6,4,4,4,18,14,5,19,3,4,5,4,3,6,9,4,6,5,6,6,3,5,4,3,5,4,3,5,4,5,4,8,9,7,7,8,6,6,7,8,4,4,3,3,4,3,3,6,3,3,4,4,3,6,4,4,5,5,8,5,6,5,6,2,5,4,4,4,3,5,6,6,5,5,4,5,8,4,6,5,3,7,5,6,4,5,3,6,5,5,6,6,5,7,1,3,5,3,4,4,4,5,5,5,4,4,5,5,4,4,7,3,5,4,5,6,5,6,4,6,4,6,3,6,6,8,5,6,5,5,5,5,6,7,3,5,6,7,2,5,3,5,4,4,4,2,7,5,5,5,6,7,4,5,5,3,5,6,5,9,5,8,7,6,5,6,7,5,6,6,3,6,5,7,4,9,4,7,5,4,5,4,5,4,7,2,6,6,3,3,3,3,4,4,3,5,5,6,6,6,5,3,8,4,4,4,5,3,3,2,5,4,5,4,4,4,5,5,6,5,4,4,4,4,4,5,4,5,4,5
ADV + NUM + PART + ADJ + NOUN,4,6,6,3,5,5,5,7,4,6,5,7,7,4,4,4,6,5,6,7,6,4,4,5,6,6,4,6,3,6,6,5,5,6,6,6,6,5,7,5,4,8,6,6,6,7,6,5,6,5,5,7,4,7,7,7,6,8,5,6,8,7,7,4,5,6,6,5,6,5,4,8,8,7,5,6,5,6,4,8,4,6,5,8,6,3,7,6,6,7,5,5,4,5,5,5,8,8,7,3,6,8,6,6,7,5,6,7,6,6,6,5,9,5,5,5,3,7,7,6,7,6,2,5,5,6,5,3,8,6,8,6,7,7,7,6,7,7,7,6,6,6,4,7,7,9,6,7,5,8,8,7,5,7,5,12,6,4,7,4,7,5,7,5,10,8,10,8,9,9,6,7,9,9,5,6,6,7,7,6,6,5,5,0,7,8,10,6,5,4,5,9,8,9,8,12,7,8,8,9,8,5,7,10,5,5,7,5,4,8,8,8,8,9,5,6,6,3,7,6,7,6,4,5,6,9,7,7,7,15,17,6,20,4,5,8,7,4,7,10,7,11,8,9,9,6,4,7,8,8,7,8,6,7,10,5,7,8,8,8,9,9,9,10,9,5,5,4,6,5,6,6,9,4,4,7,7,6,9,5,5,8,10,7,6,7,8,9,7,8,5,5,5,4,6,9,9,6,6,5,8,9,5,7,6,6,10,8,7,7,8,4,7,6,6,9,7,6,10,6,8,8,6,7,7,7,6,6,6,7,9,4,8,9,7,10,4,6,3,6,5,10,5,5,7,5,5,6,11,9,9,10,7,8,8,8,8,5,8,6,6,7,6,5,8,4,8,7,7,7,5,8,8,8,6,9,10,9,8,8,8,10,9,8,12,6,9,8,5,6,7,8,6,3,5,8,9,10,10,7,10,5,10,8,5,4,7,6,7,8,5,9,9,6,6,4,6,7,7,6,6,8,9,9,9,10,8,7,5,5,7,6,4,6,7,6,7,6,5,7,7,6,8,9,8,7,7,5,7,7,6,7,6,7,6
DET + NOUN + AUX + VERB,3,3,5,4,2,4,4,6,5,5,4,4,4,5,5,3,3,6,5,4,5,5,5,4,5,5,5,5,4,5,3,4,4,5,3,3,5,4,4,2,5,5,5,5,5,6,5,4,7,6,6,6,5,6,4,4,3,7,4,3,7,4,6,3,4,3,3,6,5,6,5,7,5,6,4,5,4,3,5,5,5,3,4,5,5,6,4,3,5,4,6,6,5,6,6,6,7,5,4,6,7,5,7,5,6,6,5,4,5,5,1,4,6,4,4,6,4,4,2,1,6,5,5,6,6,5,6,4,5,3,7,5,4,2,4,3,6,4,6,5,5,7,5,4,4,6,5,4,4,5,5,6,6,8,6,7,5,5,6,3,6,6,4,6,5,5,7,7,4,6,5,6,10,6,6,5,5,4,2,5,5,8,4,7,0,3,7,9,6,5,6,8,3,6,5,5,6,7,7,6,7,6,4,7,6,4,6,4,5,9,7,7,7,8,6,5,5,6,6,7,4,5,5,6,5,8,6,4,6,16,14,5,19,5,4,7,4,5,8,7,4,6,5,6,8,7,7,4,5,7,4,5,5,4,7,4,10,9,7,7,8,6,6,9,8,6,6,5,3,6,3,5,6,5,5,6,6,3,6,6,6,7,7,6,7,6,7,6,4,7,6,6,6,5,7,6,6,7,7,4,7,8,6,6,7,5,5,7,4,6,7,5,6,3,5,6,6,7,9,5,5,7,5,6,4,6,7,3,3,6,4,7,7,4,6,7,5,7,6,7,6,5,6,4,4,4,6,7,6,6,8,7,6,5,3,3,1,8,9,5,7,8,7,4,5,7,5,6,2,2,4,9,3,5,5,2,7,4,5,5,5,5,8,3,9,1,6,7,6,5,8,7,5,8,6,5,6,7,9,4,9,6,5,5,6,5,6,7,4,7,4,6,6,5,5,5,5,4,6,5,7,5,6,6,6,5,3,8,4,4,6,5,5,5,4,5,4,5,4,4,4,5,7,8,5,4,2,6,6,2,5,6,5,4,5
AUX + PRON + VERB,4,2,4,5,3,5,5,5,4,6,3,1,3,6,6,4,4,5,6,3,2,4,4,3,6,4,4,6,5,6,4,5,5,4,4,4,4,3,5,5,6,4,4,4,6,7,6,5,6,5,7,7,6,7,5,3,4,6,3,6,6,5,5,6,3,4,4,7,6,5,6,6,4,7,5,4,5,4,6,4,6,4,3,4,4,5,5,4,4,5,7,7,4,7,5,5,6,4,5,7,8,2,8,6,7,7,6,3,4,4,2,5,5,7,5,5,7,5,3,4,5,4,6,7,5,2,3,5,6,4,6,4,5,5,5,4,7,5,5,4,6,8,6,5,3,5,4,5,5,2,6,5,7,7,5,8,4,6,5,4,7,5,5,7,8,6,6,4,5,3,6,3,7,7,7,6,6,5,3,6,6,9,3,8,3,0,8,10,7,6,7,5,2,5,6,8,7,8,8,9,4,5,3,6,3,5,7,5,6,10,6,8,8,7,5,4,4,7,7,4,7,4,6,7,6,7,5,5,5,19,13,6,22,4,5,6,5,4,7,8,3,5,6,5,5,4,6,5,6,4,7,4,8,5,8,7,9,10,8,8,9,7,7,10,11,7,5,6,4,5,6,6,5,6,6,5,7,4,7,7,5,8,8,7,8,7,8,7,3,8,5,7,7,6,8,9,5,8,6,3,6,7,5,7,6,6,6,6,7,7,8,6,5,6,6,3,7,4,8,4,2,4,2,5,3,5,6,6,6,5,5,8,4,7,5,6,6,4,7,6,7,6,9,7,5,7,5,4,7,7,9,4,7,4,4,6,4,7,6,4,6,9,10,3,4,4,2,3,5,5,5,10,6,6,8,5,8,3,6,2,2,6,5,4,6,4,7,8,5,4,9,6,8,9,7,2,5,4,8,5,8,5,6,6,7,4,5,6,5,8,5,5,9,4,6,6,6,5,5,4,8,8,9,9,9,2,4,7,5,5,7,4,4,6,5,4,7,4,5,5,5,4,4,7,4,5,3,7,5,5,4,5,6,3,6
PRON + AUX + DET + NOUN + ADP + NOUN + PROPN,6,8,6,7,7,5,7,7,8,6,7,7,7,8,6,8,6,7,6,9,6,8,8,9,6,8,8,6,7,8,8,7,5,6,6,8,6,9,7,5,8,10,8,6,6,7,8,7,8,9,7,9,6,5,5,7,8,8,9,6,10,9,5,6,9,8,8,7,4,9,6,8,8,7,7,8,7,8,8,6,6,6,9,6,8,9,7,8,10,3,5,5,8,7,9,7,6,8,7,9,8,8,8,6,7,7,6,7,8,10,8,9,9,7,5,9,7,7,9,6,5,8,8,9,7,8,7,7,6,6,8,8,9,7,7,8,9,7,7,6,8,8,8,7,7,9,8,9,7,8,8,9,9,9,7,4,8,6,7,8,7,7,9,9,6,6,6,10,7,9,8,5,9,7,7,8,6,7,7,8,6,7,7,10,7,8,0,8,9,8,5,7,6,7,6,12,9,10,10,7,8,9,9,6,7,7,7,7,6,14,6,8,6,9,7,6,10,7,5,8,5,10,8,7,8,9,7,5,9,17,13,6,20,8,7,6,7,6,11,8,9,5,6,5,11,8,8,9,8,8,5,4,6,7,6,5,11,12,8,8,9,5,11,8,9,7,7,8,8,7,4,8,9,8,6,7,7,6,11,7,7,8,10,9,8,9,8,9,5,6,9,9,7,6,8,7,9,6,8,9,6,13,9,11,8,6,4,8,7,5,6,8,9,6,8,7,7,8,4,8,8,8,8,9,7,9,6,8,8,7,9,8,8,5,7,6,6,8,9,8,7,6,7,7,7,7,9,8,11,9,5,6,7,8,10,6,8,7,8,6,8,9,6,5,6,8,8,9,7,7,7,10,6,6,8,5,8,5,2,8,6,6,9,8,8,8,7,10,11,8,7,6,8,9,9,8,7,10,10,7,6,9,10,2,7,10,7,8,7,10,5,7,7,8,6,6,6,7,9,8,6,4,5,5,3,10,8,9,9,7,9,10,8,8,9,8,7,10,7,7,7,10,10,7,8,5,7,7,7,5,10,7,10,5,6
ADV + ADP + NOUN + ADP + PROPN + PART + NOUN,6,8,6,7,7,5,5,7,8,6,7,9,7,8,6,8,6,7,6,9,8,8,6,7,6,8,8,6,7,6,8,7,5,6,6,8,6,9,7,7,6,10,8,6,6,7,8,7,8,9,7,7,6,5,5,7,6,8,9,6,10,9,5,8,7,8,8,7,4,7,6,8,8,7,7,8,7,8,6,6,6,8,9,8,6,7,7,8,10,9,5,5,8,7,7,7,6,8,5,5,6,10,8,6,7,7,4,7,8,8,8,9,9,7,5,9,7,7,9,8,5,8,6,9,7,8,9,5,6,6,6,8,9,9,7,8,9,7,5,6,6,8,8,7,9,9,8,7,7,10,8,9,7,9,7,10,8,6,7,6,7,7,7,9,8,8,10,8,9,11,6,9,7,7,7,6,4,7,7,10,6,5,7,6,9,10,8,0,9,8,5,7,10,11,6,12,9,8,6,9,10,9,9,6,7,7,7,9,4,12,6,8,6,9,7,10,10,5,5,8,7,8,8,5,6,9,7,9,9,19,15,8,20,6,7,6,7,8,11,12,9,9,6,9,11,8,8,9,8,10,5,8,6,7,8,7,9,10,8,8,11,7,9,8,9,5,7,8,8,7,6,8,9,8,6,5,7,6,11,7,7,6,8,7,6,9,8,7,9,6,9,7,7,4,8,7,9,6,8,7,6,13,9,11,8,6,10,10,9,5,6,4,9,8,8,11,11,10,10,8,10,8,8,9,9,9,8,8,10,11,9,6,10,7,7,10,6,10,7,6,9,8,7,7,11,7,7,8,13,9,7,10,7,10,10,8,10,7,6,8,6,5,6,7,10,8,10,9,9,9,7,10,8,8,8,7,10,9,8,10,10,8,11,10,12,10,11,8,9,10,5,8,8,5,7,10,9,12,10,7,10,7,10,8,7,8,7,10,7,8,5,7,7,8,6,6,6,7,9,8,6,6,7,7,7,12,8,9,7,7,7,8,6,6,9,8,7,8,5,5,7,10,10,7,8,5,9,7,7,7,10,7,10,9,8
CCONJ + ADJ + CCONJ + NOUN,3,5,5,2,4,4,4,6,3,3,4,6,6,3,3,3,5,4,5,6,5,3,5,6,5,3,5,5,4,5,5,4,4,5,5,5,5,4,6,4,3,5,5,5,5,4,5,4,5,6,4,4,5,6,6,6,5,5,4,5,7,6,6,3,6,5,5,4,5,6,3,7,7,4,4,7,4,5,3,7,3,5,6,7,5,4,6,5,5,6,4,4,3,4,4,4,7,7,6,4,5,7,5,5,4,2,5,6,5,7,5,4,6,4,4,4,4,6,6,5,6,5,3,4,4,7,4,4,7,5,7,5,6,6,6,5,6,4,6,5,5,3,3,6,6,6,7,6,4,7,7,4,2,4,6,11,7,5,6,5,6,6,6,4,9,7,9,9,8,8,7,6,10,6,2,5,5,6,6,5,5,6,4,5,6,7,9,9,0,5,4,8,7,8,7,11,6,7,9,8,7,6,6,9,6,4,6,4,5,9,7,7,7,8,4,5,5,4,6,7,6,7,5,4,5,8,6,6,4,18,14,5,21,5,6,7,6,3,6,11,4,10,7,8,8,5,5,6,7,9,6,7,5,6,7,4,6,9,7,7,8,8,8,9,6,6,4,3,5,4,5,5,8,3,5,6,6,5,8,4,4,5,9,8,3,6,5,8,6,7,4,4,4,5,7,8,8,5,5,6,7,10,6,6,5,5,9,9,8,6,5,5,6,5,5,8,6,7,11,5,7,9,7,6,8,6,7,7,5,6,8,5,7,8,6,9,3,5,6,7,6,9,6,4,6,4,6,7,10,10,8,9,8,9,7,7,7,6,9,5,7,8,7,4,7,5,9,8,6,6,4,7,7,7,5,8,9,8,7,7,7,9,10,7,11,7,10,9,6,3,6,9,5,6,6,7,8,9,9,6,11,6,9,7,2,5,6,7,6,7,4,8,8,5,5,5,5,6,6,3,5,7,8,8,8,9,7,10,4,4,6,5,5,5,6,5,6,7,6,6,4,5,9,8,5,6,6,4,4,6,3,6,5,6,5
NUM + NOUN + ADV,2,4,4,3,3,3,3,5,4,4,3,5,5,4,4,4,4,5,4,5,4,4,2,3,4,4,2,6,1,4,4,3,3,4,4,2,4,5,5,3,4,6,4,4,2,5,6,1,6,3,5,5,2,5,5,5,4,6,5,4,6,5,5,4,3,4,2,5,4,3,4,6,6,5,5,4,3,4,4,6,4,4,3,6,4,3,5,4,6,5,5,5,4,5,5,5,6,6,5,5,6,6,6,4,5,5,4,5,2,4,4,5,7,5,3,5,5,5,3,4,5,6,4,5,5,4,5,3,6,4,6,4,5,5,3,4,7,5,5,4,2,6,4,5,5,7,4,5,3,6,6,7,5,7,3,10,4,2,5,4,5,3,5,5,8,6,8,8,7,7,6,5,9,7,5,4,4,5,5,4,2,5,3,4,5,6,8,8,5,0,5,7,6,7,6,10,7,8,6,7,6,5,5,8,5,3,5,5,4,8,6,6,8,7,5,6,6,5,5,6,3,4,2,5,6,7,5,5,5,17,17,6,20,4,5,6,5,4,7,8,5,9,6,7,9,6,4,5,6,8,5,6,6,5,8,5,9,10,8,8,9,7,7,10,9,5,5,2,4,5,4,4,7,2,2,5,5,4,7,5,5,6,6,9,6,7,6,7,5,6,3,5,5,4,4,7,7,6,6,5,6,7,3,5,6,4,8,6,5,5,6,4,7,6,6,7,5,2,10,4,6,6,4,5,7,7,6,6,4,7,7,6,8,7,5,6,4,6,1,6,7,6,7,5,7,5,5,4,7,9,9,8,5,6,4,6,4,5,8,4,6,7,6,3,6,6,6,7,5,3,3,6,4,6,6,7,10,7,6,4,6,8,9,6,12,4,7,8,7,6,7,8,4,5,7,6,7,8,10,5,10,3,8,6,5,4,5,6,3,8,3,7,7,4,4,2,4,5,5,4,6,6,5,7,7,8,6,9,5,5,5,4,4,4,5,6,5,4,5,5,5,6,8,7,6,5,5,5,5,5,6,5,4,5,6
NOUN + ADJ + ADP + NOUN,3,5,5,2,4,2,4,6,3,3,4,6,6,3,3,3,3,4,3,6,5,3,5,6,3,5,5,3,4,5,5,4,2,3,3,5,3,4,4,4,3,7,5,3,3,4,5,4,5,6,4,6,3,2,2,4,5,7,4,3,7,6,2,3,6,5,5,4,1,6,3,7,7,4,4,7,4,3,3,5,1,5,6,5,5,4,4,5,5,6,2,2,3,2,4,4,5,7,4,4,3,7,5,3,4,2,3,6,5,7,5,4,8,4,2,4,4,6,6,5,4,5,3,4,4,7,4,4,3,3,5,5,6,6,4,5,6,4,4,3,5,5,3,4,6,8,7,6,2,7,5,6,4,6,6,7,7,3,4,5,4,4,6,4,5,5,7,7,6,8,5,6,8,4,2,3,3,4,4,5,3,4,4,5,6,7,5,5,4,5,0,6,7,8,3,11,4,7,7,6,7,6,6,7,6,4,4,4,3,9,3,5,5,8,4,5,5,4,2,7,4,7,5,4,5,8,6,6,6,14,12,5,17,5,6,5,4,3,6,9,6,8,3,6,8,5,5,6,5,9,2,7,3,4,5,4,8,9,5,5,8,4,8,7,6,4,4,3,5,2,3,3,8,5,3,4,4,5,8,2,4,5,7,6,5,4,5,6,6,3,4,4,2,3,5,4,8,5,5,6,3,10,6,6,5,3,7,9,6,2,3,5,8,5,5,8,6,7,7,5,7,7,7,6,8,6,7,7,5,6,6,5,7,4,4,7,1,5,6,5,6,5,4,4,6,2,6,7,10,8,8,7,6,9,7,5,7,4,7,5,5,6,5,4,7,5,9,8,4,6,4,7,5,5,3,4,7,6,5,7,7,7,8,7,9,7,10,7,6,5,4,5,5,4,4,7,8,9,9,4,7,6,7,5,4,5,6,7,4,7,4,6,4,5,3,3,3,4,6,5,3,3,4,4,4,9,5,10,4,2,6,5,5,5,6,5,4,7,4,4,4,5,9,6,7,2,6,4,4,4,5,4,5,6,5
ADP + PRON + ADP + PRON,5,5,5,6,6,6,6,6,5,7,6,4,6,7,7,7,7,6,7,6,3,7,5,6,7,7,5,7,6,7,7,6,4,7,7,7,5,6,8,6,7,7,5,3,7,8,5,6,7,6,8,8,5,6,6,4,7,7,6,5,7,8,6,7,6,7,7,8,5,6,5,7,7,8,8,7,6,7,7,5,7,7,6,3,7,6,8,7,7,6,6,6,7,8,8,4,5,7,6,8,7,5,9,7,8,8,7,6,7,7,7,8,8,6,4,6,8,8,8,7,4,5,7,8,6,5,6,6,7,5,7,5,8,8,8,7,10,8,6,3,7,9,7,8,6,8,7,8,6,3,9,8,8,8,6,9,7,7,6,7,6,6,8,8,9,5,11,5,6,6,7,4,8,8,8,7,5,8,8,7,5,8,4,9,8,5,7,7,8,7,6,0,5,6,5,11,10,7,11,10,5,8,6,5,4,6,8,8,5,15,7,9,9,8,6,5,7,8,6,7,8,7,7,8,9,8,6,6,8,20,14,7,17,5,8,5,8,5,8,9,6,6,7,8,6,5,7,8,7,5,6,5,7,8,7,6,10,13,9,9,10,8,10,7,10,8,6,7,7,4,7,7,8,7,7,4,8,7,10,8,8,9,9,12,9,10,9,10,4,7,6,8,8,7,9,8,8,7,7,6,7,10,8,10,7,5,7,7,10,6,7,7,8,7,7,6,10,7,7,5,5,5,5,6,6,6,7,9,9,6,6,9,5,6,4,5,5,5,8,5,10,7,10,8,10,6,6,5,10,8,10,3,8,7,9,7,9,8,7,5,9,10,9,4,7,5,5,6,8,8,6,11,7,9,9,8,11,4,5,7,3,5,6,7,7,9,10,9,8,7,6,7,7,8,8,3,8,5,7,6,9,8,7,7,8,7,6,7,6,11,6,6,8,5,7,7,5,8,6,5,7,7,8,8,8,5,7,10,8,8,8,7,7,7,4,7,6,7,8,8,8,7,7,6,7,6,6,8,8,8,7,8,9,6,9
PRON + AUX + VERB,4,2,4,5,3,5,5,5,4,6,3,1,3,6,6,4,4,5,6,3,2,4,4,3,6,4,4,6,5,6,4,5,5,4,4,4,4,3,5,5,6,4,4,4,6,7,6,5,6,5,7,7,6,7,5,3,4,6,3,6,6,5,5,6,3,4,4,7,6,5,6,6,4,7,5,4,5,4,6,4,6,4,3,4,4,5,5,4,4,3,7,7,4,7,5,5,6,4,5,7,8,2,8,6,7,7,6,3,4,4,2,5,5,7,5,5,7,5,3,4,5,4,6,7,5,2,3,5,6,4,6,4,5,5,5,4,7,5,5,4,6,8,6,5,3,5,4,5,5,2,6,5,7,7,5,6,4,6,5,4,7,5,5,7,8,6,6,4,5,3,6,3,7,7,7,6,6,5,3,6,6,9,3,8,3,2,6,10,7,6,7,5,0,3,6,6,7,8,8,9,4,5,3,6,3,5,7,5,6,10,6,8,8,7,5,2,4,7,7,4,7,4,6,7,6,7,5,5,5,19,15,6,22,4,5,6,5,4,7,8,3,3,6,5,5,4,6,5,6,4,7,2,8,5,8,7,9,10,8,8,9,7,7,10,11,7,5,6,4,5,6,6,5,6,6,5,7,4,7,7,5,8,8,7,8,7,8,7,1,8,5,7,7,6,8,9,5,8,6,3,6,7,5,7,6,6,4,4,7,7,8,6,5,6,6,5,7,4,6,4,2,4,2,5,1,5,4,6,6,3,5,8,6,7,5,4,6,4,7,6,7,6,9,7,5,7,5,4,7,7,7,4,7,2,4,6,4,7,6,4,6,9,10,3,4,4,2,3,5,5,5,10,6,6,8,5,8,1,4,4,2,6,5,2,6,4,5,8,5,4,9,6,8,9,7,2,3,4,8,5,6,5,6,4,7,4,5,4,5,8,5,5,9,4,6,6,6,5,5,4,8,8,9,9,9,4,4,5,5,5,7,4,4,6,5,4,7,4,5,5,5,4,4,7,4,5,3,7,5,5,4,5,6,3,6
PRON + PRON + AUX + VERB + AUX + NOUN,5,5,7,6,6,6,6,8,7,7,4,4,6,7,7,7,7,6,7,6,5,5,7,6,7,5,7,7,6,7,5,6,6,5,5,7,5,6,8,6,7,7,7,7,7,8,9,6,7,8,8,8,7,8,6,6,7,9,6,7,9,8,6,7,6,7,7,8,7,8,7,9,7,8,8,7,6,7,7,7,7,5,6,7,5,8,6,7,7,4,8,8,5,8,6,8,9,7,8,8,9,5,9,7,8,8,7,6,5,7,5,8,8,8,6,8,8,6,6,7,8,7,7,8,6,5,4,6,7,7,7,7,6,8,8,7,10,8,6,7,7,9,7,8,4,8,7,8,6,3,9,8,8,10,8,7,7,7,6,7,8,6,8,8,9,7,7,7,6,6,7,4,8,8,8,7,7,6,6,9,7,10,6,9,6,5,7,11,8,7,8,6,3,0,7,9,8,9,11,12,5,8,6,9,6,6,8,6,7,13,7,9,9,10,8,5,7,8,8,5,8,7,7,8,9,10,8,6,6,20,16,7,21,7,6,9,6,5,10,9,6,6,7,6,6,7,9,8,7,5,8,5,9,8,9,8,10,13,9,9,10,8,8,11,12,8,8,7,7,8,7,7,8,7,7,6,8,7,8,8,6,9,11,8,9,8,9,8,4,9,8,8,8,7,9,10,8,9,9,6,7,10,6,10,9,7,7,7,10,8,9,7,6,9,7,6,8,5,7,7,5,5,5,8,4,8,7,9,9,6,8,9,9,8,6,5,7,5,8,7,8,9,10,8,8,8,8,7,10,10,8,7,8,5,7,9,7,8,7,5,7,10,11,4,5,7,5,6,8,8,6,11,9,7,9,6,9,4,5,7,5,9,8,5,9,7,8,9,8,7,10,7,9,10,8,5,6,5,11,6,7,6,9,5,8,7,8,7,8,9,6,8,10,7,7,7,7,8,8,7,9,9,10,10,10,7,5,6,8,6,8,7,5,7,6,7,8,7,8,6,6,7,7,10,7,8,6,8,6,6,7,6,9,4,7
NOUN + VERB + ADP + PRON + NOUN,4,4,6,5,3,3,5,7,6,4,3,5,5,6,4,4,4,3,4,5,4,4,6,5,4,4,6,2,5,6,4,5,3,4,2,4,2,5,5,5,6,6,6,4,4,5,6,5,4,7,5,7,4,3,1,3,4,8,5,4,8,5,3,6,5,4,4,5,2,7,4,8,6,5,5,6,5,4,6,4,4,4,5,4,4,7,3,4,6,5,3,3,4,5,5,5,6,6,5,7,6,6,6,6,5,5,4,5,4,6,4,5,7,5,3,7,7,5,5,4,5,4,6,7,5,6,5,5,2,2,4,6,5,5,5,4,7,5,3,2,6,6,6,5,5,7,6,5,5,6,6,7,7,9,7,6,6,4,3,4,5,3,5,7,6,4,8,4,5,5,4,5,7,5,5,6,4,3,5,8,4,5,3,8,5,6,6,6,7,6,3,5,6,7,0,10,5,6,8,7,4,7,5,6,5,5,5,5,4,12,4,6,6,9,7,6,6,5,3,6,5,6,6,5,6,9,7,3,5,15,13,6,16,6,5,6,3,4,9,10,5,7,4,7,7,6,8,5,2,6,3,6,4,5,4,5,9,10,4,4,9,5,7,6,7,5,7,6,4,5,4,6,7,6,4,3,5,4,7,5,5,6,6,7,6,5,6,7,5,4,7,7,5,4,6,5,7,6,8,5,4,9,5,7,8,4,6,8,7,3,4,6,5,4,4,5,9,6,6,4,4,6,6,7,7,5,8,6,6,7,3,8,8,1,1,4,4,4,7,2,9,4,7,7,7,5,7,6,9,7,9,6,7,8,6,4,6,5,6,2,6,7,6,3,6,6,8,5,7,5,5,8,4,6,6,3,6,5,6,6,6,8,7,6,8,6,9,6,7,8,5,4,6,7,7,4,7,6,8,3,6,5,6,6,5,6,7,8,3,6,5,5,5,6,4,4,4,5,7,6,4,4,5,5,5,6,2,9,5,3,7,6,4,6,3,6,5,6,5,3,3,6,8,7,6,3,5,5,5,3,6,5,6,5,6
DET + NOUN + PRON + AUX + PART + VERB + SCONJ + PART + VERB,8,8,10,9,7,9,9,11,10,10,9,7,9,10,10,8,8,11,10,7,8,10,10,9,10,10,10,10,9,10,8,9,9,10,8,8,10,9,9,7,10,8,10,10,10,11,10,9,12,11,11,11,10,11,9,9,8,12,9,8,12,7,11,8,9,8,8,11,10,11,10,12,10,11,9,10,9,8,10,10,10,8,9,10,10,11,7,6,10,9,11,11,10,11,11,11,12,8,9,11,12,6,12,10,11,11,10,9,10,8,6,9,9,9,9,11,9,9,7,6,11,10,10,11,11,8,9,9,10,8,12,10,9,7,9,8,11,9,11,8,10,12,10,9,9,11,10,9,9,8,10,11,11,13,11,12,10,10,9,8,11,11,5,11,10,10,12,8,9,9,10,9,11,11,11,10,10,9,7,10,10,11,7,12,5,8,12,12,11,10,11,11,6,9,10,0,11,12,12,11,10,11,9,12,9,9,11,9,10,14,12,12,12,13,11,8,8,11,11,8,9,10,10,9,8,13,11,9,9,17,17,10,24,8,9,12,9,10,11,10,9,9,10,11,9,10,12,5,10,8,9,8,10,7,10,9,15,14,12,12,13,11,7,12,13,9,11,10,8,11,8,10,9,10,10,11,11,8,9,11,11,12,12,9,12,11,12,11,7,12,11,11,11,10,12,11,11,12,12,7,12,11,11,11,10,10,10,10,9,11,12,10,9,8,10,11,11,10,10,8,8,10,8,9,5,9,10,8,8,9,7,12,12,9,11,10,10,10,11,12,11,8,9,9,9,9,11,10,7,5,11,10,11,8,8,8,6,13,12,10,12,11,10,9,10,8,8,7,7,7,9,14,8,10,10,7,10,7,10,10,8,10,7,8,10,6,7,10,7,10,13,8,10,13,11,8,5,8,10,9,10,11,10,10,11,10,11,10,9,10,9,11,11,10,10,10,10,9,11,10,12,10,11,11,11,10,8,7,9,9,11,10,10,10,9,10,9,10,9,9,9,10,8,13,10,9,7,11,11,7,10,9,8,9,10
PROPN + NOUN + VERB + DET + ADJ + NOUN,5,5,5,4,4,4,4,6,5,5,4,6,4,5,5,5,5,4,5,6,7,3,7,6,3,5,7,3,6,5,5,6,6,5,3,5,5,4,6,4,3,7,7,7,5,6,5,6,3,8,6,6,7,6,4,6,3,7,6,5,9,6,6,3,6,5,5,6,5,8,5,7,5,4,6,5,6,3,5,7,3,3,6,7,3,6,4,5,7,6,4,6,5,4,2,6,7,5,6,4,7,7,7,5,6,4,5,6,5,7,5,6,6,4,6,6,4,2,6,5,6,5,5,6,4,7,4,6,3,5,7,7,6,6,6,5,8,6,6,7,5,7,5,4,6,6,5,4,4,7,5,6,4,8,6,7,7,5,6,5,4,6,6,6,7,5,5,9,6,8,5,8,10,6,4,3,5,2,6,5,7,6,6,7,6,7,9,9,6,7,4,10,7,8,5,11,0,3,7,8,7,4,6,9,8,6,4,2,7,11,7,5,9,8,4,7,7,6,4,7,6,7,7,6,7,8,6,4,6,14,14,5,17,7,4,7,4,5,8,9,6,10,5,4,6,5,5,6,5,9,4,7,3,6,9,4,10,11,5,1,4,6,8,7,8,6,6,5,5,6,5,5,6,7,5,6,6,5,8,4,4,5,7,4,7,4,5,6,8,7,6,4,4,5,7,6,6,7,5,6,7,10,6,8,7,5,9,9,6,6,7,5,8,5,3,6,6,7,9,7,7,9,7,8,8,8,9,7,5,8,8,5,7,6,6,9,5,5,8,7,6,9,6,2,6,6,8,7,10,8,8,11,8,9,7,7,7,6,9,5,5,6,7,6,5,7,9,8,6,6,6,9,7,3,3,6,7,8,7,7,9,9,10,7,13,7,10,7,6,7,8,7,5,8,6,7,8,9,9,4,7,4,9,7,6,5,6,7,6,7,6,6,4,7,5,5,5,6,8,7,7,7,6,6,6,9,5,10,4,2,6,7,5,5,6,5,6,7,6,4,4,5,9,8,5,6,6,4,6,4,7,6,7,4,3
PROPN + VERB + ADP + ADP + DET + ADJ + NOUN,6,6,6,5,7,7,5,7,6,8,5,7,5,6,6,6,8,3,8,7,8,4,8,7,6,6,8,4,7,6,6,7,5,6,6,8,4,5,9,5,4,8,8,6,8,9,4,7,2,9,7,7,6,7,5,5,6,8,7,4,10,9,5,4,7,8,8,7,6,9,4,8,6,7,7,6,7,6,6,6,6,4,7,6,4,7,7,8,8,7,5,7,6,7,3,5,8,6,7,5,8,8,8,6,9,7,6,7,6,8,8,7,7,3,7,7,5,3,9,6,7,4,6,7,5,8,5,7,4,6,6,8,7,7,9,8,9,9,5,8,6,8,6,7,7,7,6,7,7,8,8,7,5,9,7,8,8,8,5,8,5,5,9,7,8,4,6,8,5,9,4,9,9,5,7,6,6,5,9,6,8,7,7,8,7,8,10,8,7,8,7,7,8,9,6,12,3,0,10,9,8,5,7,6,9,7,7,3,6,14,6,8,8,9,5,8,8,7,5,8,7,8,8,7,8,9,7,5,7,17,15,6,14,8,5,8,7,6,9,10,7,9,8,5,7,6,6,9,8,10,5,8,4,9,10,5,11,12,6,2,5,7,9,6,9,9,7,6,8,7,6,8,7,8,8,3,9,6,9,7,5,8,10,5,8,7,8,9,9,8,7,5,7,8,10,7,7,8,6,7,6,11,7,9,8,4,10,10,9,7,8,6,9,6,2,7,7,8,10,8,8,8,8,9,9,9,10,8,6,9,9,6,6,7,5,8,6,6,9,6,7,10,7,3,7,5,7,8,11,11,9,10,11,10,10,8,8,5,8,6,8,9,8,7,6,8,10,9,7,7,7,12,8,4,6,7,8,7,8,10,10,8,9,10,12,8,11,6,7,8,7,8,4,9,7,8,11,10,8,3,8,5,8,8,7,6,7,8,7,10,7,5,5,8,8,8,8,9,9,8,8,8,7,7,7,10,8,11,5,5,7,8,6,6,9,6,5,8,9,7,7,6,10,7,6,7,7,7,7,7,8,7,8,5,4
NOUN + PROPN + PART + NOUN + NOUN + AUX + ADV,6,8,6,7,7,5,5,7,8,6,7,9,7,8,6,8,6,9,4,9,8,8,6,7,4,8,8,8,7,6,8,7,7,6,6,6,8,9,5,7,6,10,8,8,4,5,10,5,8,9,7,7,8,5,7,9,6,8,9,8,10,9,7,8,7,8,6,5,6,7,8,8,8,5,7,6,7,8,6,8,6,8,9,10,6,7,7,8,10,9,7,7,8,5,7,9,8,8,7,5,6,10,8,6,5,7,4,7,6,8,6,9,9,9,7,9,9,7,5,8,7,10,8,9,9,8,9,7,8,8,8,8,9,9,5,8,7,7,7,8,4,6,8,5,7,9,6,7,7,10,6,9,7,9,7,12,8,6,9,8,9,9,7,9,8,10,8,10,11,11,10,9,9,9,7,6,6,7,5,10,6,7,7,8,7,8,10,6,9,6,7,11,8,11,8,12,7,10,0,9,10,7,9,10,7,7,5,9,8,12,6,6,10,9,7,8,10,7,5,10,5,8,8,5,6,9,7,9,9,17,15,8,20,6,7,8,7,8,11,10,9,11,6,7,11,8,6,9,6,8,7,8,8,7,8,9,11,12,8,8,11,9,9,12,9,3,7,6,8,9,6,8,9,8,6,9,5,6,11,5,7,4,6,7,8,7,6,7,7,6,9,7,7,6,6,7,9,8,8,7,6,13,9,9,8,6,10,6,9,7,6,4,9,10,10,11,9,8,10,8,10,10,8,9,9,9,8,10,8,9,9,6,10,9,9,10,8,10,7,10,11,8,7,7,11,9,9,8,11,11,7,10,7,8,6,10,6,9,10,8,6,3,8,7,10,8,8,9,7,7,7,8,8,6,6,9,10,9,10,8,8,10,11,8,14,8,11,6,9,8,7,8,10,9,11,10,9,12,10,9,8,7,10,8,7,8,7,6,7,8,5,9,7,8,6,6,6,7,9,8,6,8,7,7,9,10,8,11,7,7,7,8,8,6,9,8,9,8,7,5,7,10,10,9,8,7,9,5,7,7,10,7,8,9,8
DET + ADJ + NOUN + ADP + NOUN + VERB + ADV + ADV,7,7,9,6,6,6,8,10,7,7,8,8,8,7,5,5,5,8,7,8,9,7,7,6,7,9,9,7,8,9,7,8,6,7,7,5,7,8,6,6,7,9,9,7,5,8,7,6,9,10,6,10,7,6,6,8,7,11,6,7,11,8,6,5,8,7,7,6,5,6,7,11,9,8,4,7,8,7,7,9,7,7,8,9,9,8,6,7,7,8,6,4,7,6,8,8,9,9,6,8,7,9,7,9,8,8,7,8,7,7,7,6,10,6,6,8,6,8,8,5,8,9,7,8,8,7,8,8,7,7,9,9,8,6,4,7,8,6,8,7,7,7,7,6,8,10,9,8,8,9,7,8,8,10,10,9,9,7,8,7,8,8,8,8,7,9,9,9,8,10,9,10,12,8,8,9,7,8,6,7,5,8,8,9,6,9,7,9,8,7,6,10,9,12,7,11,8,9,9,0,11,10,8,11,10,8,8,6,7,13,7,9,7,12,8,9,7,6,6,9,4,5,9,6,5,12,10,8,10,16,16,5,19,9,8,9,8,7,10,7,8,12,5,8,12,9,9,8,7,11,6,11,7,6,7,4,12,9,7,9,8,6,10,7,8,8,8,5,7,6,5,9,10,9,7,8,8,7,10,8,6,9,7,10,7,6,9,8,10,7,8,8,6,7,9,8,10,7,9,8,7,12,10,8,9,7,7,9,6,6,7,9,12,5,7,10,6,9,9,9,9,11,9,10,10,8,11,7,3,10,10,9,9,6,8,9,5,9,8,9,8,5,6,6,6,6,10,11,6,8,8,11,8,9,7,7,7,8,9,9,9,10,7,8,9,9,9,10,8,6,8,11,7,7,7,6,11,10,7,7,11,9,12,9,13,7,10,9,10,9,6,9,7,8,8,9,10,11,13,8,11,10,11,7,6,7,10,11,8,11,8,10,8,9,7,7,7,6,10,9,5,5,4,6,6,11,9,14,6,8,10,5,9,9,8,7,8,7,6,8,8,9,11,10,9,4,6,6,8,6,7,8,5,8,5
SCONJ + PRON + VERB + PRON + NOUN,4,4,6,5,5,5,5,7,6,6,3,3,5,6,6,6,6,5,6,5,4,4,6,5,6,4,6,6,5,6,4,5,5,4,4,6,4,5,7,5,6,6,6,6,6,7,8,5,6,7,7,7,6,7,5,5,6,8,5,6,8,7,5,6,5,6,6,7,6,7,6,8,6,7,7,6,5,6,6,6,6,4,5,4,4,7,5,6,6,5,7,7,4,7,5,7,8,6,7,7,8,4,8,6,7,7,6,5,4,6,6,7,7,7,5,7,7,5,7,6,7,6,6,7,5,4,3,5,6,6,6,6,5,7,7,6,9,7,5,6,6,8,6,7,5,7,6,7,5,4,8,7,7,9,7,8,6,6,5,6,7,5,7,7,10,4,8,6,5,5,6,3,5,7,7,6,6,5,7,8,6,9,5,8,7,4,8,10,7,6,7,5,4,5,4,10,7,8,10,11,0,7,5,6,5,5,7,5,6,14,6,8,8,9,7,6,6,7,7,4,7,6,6,7,8,9,7,3,5,19,15,6,18,6,5,8,5,4,7,8,5,7,6,5,5,6,8,5,4,4,7,6,8,7,8,7,9,12,8,8,9,7,7,8,11,7,7,6,6,7,6,6,7,6,6,5,7,6,7,7,5,8,8,9,8,7,8,7,5,8,7,7,7,6,8,9,7,8,8,5,6,9,5,7,6,6,8,8,9,7,8,6,5,8,6,3,9,4,6,6,4,6,4,5,5,5,8,8,8,7,7,8,8,5,3,4,6,2,7,4,9,8,9,7,7,7,9,6,7,9,9,4,9,6,8,8,8,7,6,2,6,7,10,3,2,6,6,5,7,7,5,10,8,6,8,7,8,5,6,6,4,8,5,6,8,8,9,8,7,8,9,6,8,9,7,2,7,2,8,5,8,5,10,6,7,6,7,8,7,8,5,7,9,6,6,6,6,7,7,6,8,8,9,9,9,2,4,7,7,5,7,6,4,6,5,6,7,6,7,5,5,6,4,9,6,7,5,7,5,5,6,5,8,3,6
PROPN + ADV + VERB + ADJ,5,3,3,4,4,6,4,4,3,7,4,4,2,5,5,5,5,4,7,4,5,3,3,4,5,5,5,5,6,5,5,6,6,5,5,5,5,2,6,6,3,5,5,5,5,8,5,4,3,6,6,6,7,8,6,4,3,5,4,7,7,6,6,5,2,5,3,6,7,4,5,5,3,6,6,3,6,3,5,5,5,5,4,5,3,2,6,5,5,8,6,6,5,6,2,4,5,3,6,4,7,5,7,3,8,6,5,4,5,5,5,6,4,6,6,4,4,4,4,5,4,3,3,6,4,5,4,4,7,5,7,5,6,6,6,5,8,6,6,7,3,7,5,4,4,4,1,4,4,5,5,4,4,6,4,11,5,7,6,3,6,6,6,6,11,7,7,7,8,6,7,8,10,8,6,3,5,6,6,5,5,8,6,5,6,5,9,9,6,5,6,8,5,8,7,11,4,5,7,10,7,0,4,7,6,6,6,4,5,11,7,7,7,6,2,5,5,4,6,7,6,5,7,6,7,6,4,6,6,18,16,7,19,5,6,5,6,5,6,11,4,8,7,6,4,3,1,6,7,7,8,5,7,6,11,6,8,9,9,5,6,8,8,9,10,8,4,5,5,4,7,5,4,7,7,6,8,3,8,6,4,7,7,6,7,6,7,6,6,9,4,4,6,5,9,10,4,7,3,4,7,8,6,6,5,5,9,5,6,8,9,5,8,7,5,8,8,7,11,7,5,5,3,6,6,6,5,5,7,6,8,5,7,8,6,9,5,5,6,5,6,7,8,4,8,6,4,5,8,8,10,9,8,7,7,7,5,6,9,5,5,8,9,6,7,5,7,6,6,4,6,11,5,5,7,8,9,6,9,7,7,11,8,7,11,7,10,7,4,5,8,9,7,6,6,5,8,7,7,6,11,4,9,9,6,3,4,3,4,9,4,4,8,5,7,5,7,6,6,5,7,9,8,10,8,7,7,8,4,4,6,5,3,5,6,3,6,5,4,6,6,3,7,6,3,6,4,6,6,6,5,6,5,6,5
VERB + INTJ,3,1,3,4,2,4,4,4,3,5,2,2,2,5,5,3,3,4,5,2,3,3,3,2,5,3,3,5,4,5,3,4,4,3,3,3,3,2,4,4,5,3,1,3,5,6,5,4,5,4,6,6,5,6,4,2,3,5,2,5,5,4,4,5,2,3,3,6,5,4,5,5,3,6,4,3,4,3,5,3,5,3,2,3,3,4,4,3,3,6,6,6,3,6,4,4,5,3,4,6,7,3,7,5,6,6,5,2,3,3,3,4,4,6,4,4,6,4,4,3,4,3,5,6,4,3,4,4,5,3,5,3,4,2,4,3,8,4,4,5,5,7,5,4,2,4,3,4,4,3,5,4,6,6,4,9,3,5,4,3,6,4,4,6,9,5,7,5,6,4,5,6,8,6,6,5,5,4,4,5,5,8,4,7,4,3,9,9,6,5,6,6,3,6,5,9,6,7,9,8,5,4,0,5,4,2,6,4,5,11,5,7,7,6,4,5,3,6,6,5,6,3,5,6,5,6,4,4,4,18,16,7,21,3,4,5,4,5,6,9,2,6,5,6,6,5,5,4,5,5,6,5,7,4,9,6,10,9,7,7,8,6,6,9,10,6,4,5,1,4,5,5,4,5,5,4,6,3,6,6,4,7,7,8,7,6,7,6,4,7,4,6,6,5,7,8,4,7,5,2,5,6,4,6,5,5,7,7,6,6,7,5,6,5,5,6,8,5,9,5,3,5,3,4,4,4,7,5,5,4,6,7,7,6,4,7,5,5,6,5,8,7,8,6,6,6,6,5,8,8,10,7,8,5,5,5,5,6,7,3,5,8,9,4,5,5,5,4,6,4,2,9,5,5,7,6,9,4,7,5,5,9,6,5,9,5,8,7,4,5,8,7,7,8,6,3,6,5,7,4,9,4,7,7,6,3,2,7,4,7,4,4,8,3,5,5,5,4,2,3,7,5,8,8,8,5,5,8,4,4,6,3,3,3,4,3,6,1,4,4,4,3,5,6,3,4,2,6,4,4,3,4,5,4,5
VERB + PRON + ADP + ADP + PROPN,6,4,4,7,5,7,5,5,6,8,5,5,5,8,8,6,6,5,8,5,4,6,6,5,6,6,6,6,7,6,6,7,5,6,6,6,4,5,7,7,6,6,6,4,8,9,6,7,6,7,9,7,6,7,5,3,6,6,5,6,8,7,5,8,5,6,6,9,6,7,6,6,6,7,7,6,7,6,6,2,8,6,5,2,6,7,7,6,6,7,7,7,6,9,7,5,4,6,7,7,8,6,10,6,9,9,6,3,6,6,6,7,5,7,5,7,9,7,7,6,3,4,8,9,7,6,7,7,6,4,4,6,7,7,7,6,11,7,3,6,6,10,8,7,5,7,6,7,7,6,8,7,7,7,5,8,4,8,5,6,7,5,7,9,10,4,10,6,7,5,6,7,9,7,9,6,4,7,7,8,6,9,5,10,7,6,6,6,9,8,7,5,6,9,6,12,9,6,10,11,6,7,5,0,5,7,7,7,6,14,6,8,8,7,5,6,6,9,7,8,9,6,8,9,8,7,5,5,7,19,17,8,20,6,7,4,7,6,9,10,5,5,8,9,7,6,6,7,6,6,7,4,8,7,10,7,11,12,8,8,9,7,9,8,11,9,5,8,6,5,8,8,5,8,8,3,9,6,9,9,7,8,8,11,10,9,8,7,5,8,7,7,9,8,10,9,5,6,6,5,6,9,7,9,6,6,8,8,9,7,8,6,7,6,6,7,11,8,10,6,4,6,6,7,7,5,6,8,8,7,7,8,6,7,5,8,6,6,9,6,11,10,11,7,9,7,7,6,11,11,9,6,9,8,8,6,8,7,8,4,6,9,10,5,8,6,8,5,9,7,7,12,6,8,10,7,10,5,6,8,6,6,5,8,8,8,11,8,7,8,7,8,8,9,9,4,9,6,6,5,10,7,6,8,9,6,5,8,5,10,5,3,9,6,8,8,6,7,7,6,8,8,9,9,7,6,6,11,7,7,7,6,6,6,5,6,7,6,7,5,7,6,8,5,6,7,5,7,7,7,6,7,8,7,8
PART + PRON,3,3,3,4,4,4,4,4,3,5,4,2,4,5,5,5,5,6,5,4,1,5,3,4,5,5,3,7,4,5,5,4,4,5,5,5,5,4,6,4,5,5,3,3,5,6,5,4,7,4,6,6,5,6,6,4,5,5,4,5,5,6,6,5,4,5,5,6,5,4,5,5,5,6,6,5,4,5,5,5,5,5,4,3,5,4,6,5,5,4,6,6,5,6,6,4,5,5,6,4,7,3,7,5,6,6,5,4,5,5,5,6,6,6,4,4,6,6,6,5,4,5,5,6,6,3,4,4,7,5,7,3,6,6,6,5,8,6,6,3,5,7,5,6,4,6,5,6,4,3,7,6,6,6,4,9,5,5,6,5,6,6,4,6,9,5,9,5,6,4,7,4,8,8,6,5,5,6,6,5,5,6,2,5,6,3,7,7,6,5,6,4,3,6,5,9,8,9,7,10,5,6,4,5,0,4,6,6,5,13,7,7,9,6,4,3,5,6,6,5,6,5,5,4,5,6,4,4,6,18,16,5,21,1,4,5,6,3,6,9,4,6,7,6,6,3,5,6,5,3,6,3,7,6,7,6,6,11,9,9,10,8,6,9,10,4,4,5,5,4,5,5,6,5,5,6,6,5,8,6,6,7,7,8,7,8,7,8,2,7,4,6,6,5,7,8,6,7,5,2,7,8,6,8,5,5,7,5,8,6,7,3,4,7,7,6,8,5,7,3,3,5,3,4,4,2,5,7,7,4,4,5,5,6,4,7,5,5,6,5,8,7,6,6,8,6,6,3,8,8,8,5,8,5,7,7,7,8,7,3,7,6,7,2,5,3,5,4,6,6,4,9,7,7,7,8,7,4,5,5,3,7,4,5,7,7,8,7,4,5,8,7,7,8,8,3,6,5,5,6,9,6,9,5,6,5,4,5,6,7,4,6,8,3,5,5,5,6,4,3,7,7,8,8,8,5,5,8,6,6,6,5,5,5,4,5,6,5,6,6,6,5,3,6,5,6,4,6,6,6,5,6,7,4,7
NOUN + INTJ,1,3,3,2,2,2,2,4,3,3,2,4,4,3,3,3,3,4,3,4,3,3,3,4,3,3,3,5,2,3,3,2,2,3,3,3,3,4,4,2,3,5,1,3,3,4,5,2,5,4,4,4,3,4,4,4,3,5,4,3,5,4,4,3,4,3,3,4,3,4,3,5,5,4,4,5,2,3,3,5,3,3,4,5,3,4,4,3,5,4,4,4,3,4,4,4,5,5,4,4,5,5,5,3,4,4,3,4,3,5,3,4,6,4,2,4,4,4,4,3,4,5,3,4,4,5,4,2,5,3,5,3,4,2,4,3,6,4,4,3,3,5,3,4,4,6,5,4,2,5,5,6,4,6,4,9,5,3,4,3,4,4,4,4,7,5,7,7,6,4,5,4,8,6,4,3,3,4,4,5,3,6,2,5,4,5,7,7,4,3,4,6,5,6,5,9,6,7,7,8,5,6,2,7,4,0,4,4,3,11,5,5,7,6,4,5,5,4,4,5,4,5,3,4,5,6,4,4,4,18,16,5,21,3,4,5,4,3,6,9,4,8,5,6,8,5,5,4,5,7,4,5,5,4,7,4,8,9,7,7,8,6,6,9,8,4,4,3,1,4,3,3,6,3,3,4,4,3,6,4,4,5,7,8,5,6,5,6,4,5,4,4,4,3,5,6,6,5,5,4,5,8,4,6,5,3,7,7,6,4,5,3,6,5,5,6,6,5,9,3,5,7,5,4,6,6,7,5,5,4,6,5,7,6,4,7,3,5,4,5,6,7,6,4,6,4,6,5,8,8,8,7,6,7,5,5,5,6,7,3,5,6,7,2,5,5,7,6,4,4,2,7,5,5,5,6,9,6,5,5,5,7,8,5,11,5,8,7,6,5,6,7,5,6,6,5,6,7,9,4,9,4,7,5,4,5,2,7,4,7,2,6,6,3,3,3,3,4,2,3,5,3,6,6,6,7,5,8,4,4,4,5,3,3,4,5,4,3,4,4,4,5,5,6,5,4,4,4,4,4,5,4,5,4,5
PROPN + NOUN + NOUN + NOUN,3,5,3,4,4,2,2,4,5,3,4,6,4,5,3,5,3,6,1,6,5,5,5,6,1,5,5,5,4,3,5,4,4,3,3,5,5,6,2,4,3,7,5,5,3,2,7,4,5,6,4,4,5,2,4,6,3,5,6,5,7,6,4,5,6,5,5,2,3,6,5,5,5,2,4,5,4,5,3,5,3,5,6,7,3,6,4,5,7,6,4,4,5,2,4,6,5,5,4,4,3,7,5,5,2,4,3,4,5,7,5,6,6,6,4,6,6,4,6,5,4,7,5,6,6,7,6,4,5,5,5,5,6,6,4,5,6,4,4,5,3,3,5,2,6,6,5,4,4,7,1,6,4,6,4,9,5,3,6,5,6,6,6,6,5,7,5,9,8,8,7,6,6,6,4,3,3,4,4,7,5,6,4,7,6,7,7,7,6,5,4,8,7,8,5,11,4,7,5,8,7,6,6,7,6,4,0,6,5,11,3,3,7,6,4,7,7,4,2,7,4,7,5,4,5,6,4,6,6,16,14,5,17,5,6,5,4,5,8,11,6,8,3,4,8,5,5,6,3,9,4,5,5,4,5,6,8,9,5,5,8,6,8,9,6,2,4,5,5,6,3,5,6,5,3,6,2,5,8,2,4,3,7,8,5,4,1,6,6,3,6,4,4,3,3,4,6,7,5,6,3,10,6,8,5,3,7,7,6,4,3,3,8,7,7,8,8,7,9,5,7,9,7,6,8,8,7,7,7,8,8,5,9,6,6,9,5,7,6,7,8,7,6,4,8,6,8,5,10,10,8,9,6,9,7,7,7,6,7,5,3,4,7,4,7,7,9,8,6,6,4,5,7,3,3,6,7,8,7,7,7,9,10,7,11,7,10,5,8,7,4,7,7,6,8,7,8,9,9,6,7,4,9,5,4,7,4,7,6,7,4,6,4,5,3,3,3,4,6,5,3,5,6,4,6,9,5,10,4,4,4,7,5,3,6,5,6,7,4,4,4,7,9,6,5,4,6,2,4,4,7,4,7,6,5
VERB + DET + ADJ + NOUN,3,3,5,2,4,4,4,6,3,5,2,4,4,3,3,3,5,2,5,4,5,1,5,4,5,3,5,3,4,5,3,4,4,3,3,5,3,2,6,2,3,5,5,5,5,6,3,4,3,6,4,6,5,6,4,4,5,7,4,3,7,6,4,1,4,5,5,4,5,6,3,7,5,6,4,5,4,3,3,5,3,1,4,5,3,4,4,5,5,4,4,4,3,4,2,4,7,5,6,4,5,5,5,5,6,4,5,4,3,5,5,4,6,2,4,4,2,2,6,3,6,3,3,4,2,5,2,4,3,5,5,5,4,4,6,5,6,6,4,5,5,5,3,6,4,6,5,6,4,5,7,6,4,6,6,7,5,5,4,5,4,4,6,4,7,3,5,7,4,6,3,6,8,4,4,5,5,2,6,3,5,6,4,5,4,5,7,9,4,5,4,8,5,6,5,9,2,3,9,6,5,4,4,7,6,4,6,0,5,11,5,7,7,8,4,5,5,4,6,5,4,5,5,4,5,8,6,2,4,14,14,3,17,5,2,7,4,3,6,7,4,8,5,4,6,5,5,6,5,7,4,7,3,6,7,2,8,9,5,3,4,4,6,5,8,6,4,3,5,4,3,5,6,5,5,4,6,5,6,4,2,7,9,4,5,4,7,6,6,7,4,4,4,5,7,6,6,5,5,4,5,8,4,6,5,5,7,9,6,6,7,5,6,3,1,4,4,5,7,5,5,7,5,6,6,6,7,5,3,6,8,5,5,6,4,7,3,3,6,5,4,7,4,2,4,4,6,7,8,8,6,9,8,7,7,5,5,4,7,3,5,8,5,4,3,5,7,6,4,4,4,9,5,3,3,6,7,6,5,7,7,7,8,7,11,5,8,7,4,5,6,7,3,6,4,5,8,7,9,2,7,4,9,5,4,3,6,7,6,7,4,6,6,5,5,5,5,6,6,5,5,5,6,6,6,7,5,8,4,2,6,5,3,5,6,5,4,5,6,4,4,3,7,8,5,6,4,4,4,4,5,4,5,2,1
ADV + ADP + NOUN,2,4,4,3,3,3,3,5,4,4,3,5,5,4,4,4,4,3,4,5,4,4,2,3,4,4,4,4,3,4,4,3,1,4,4,4,2,5,5,3,4,6,4,2,4,5,4,3,4,5,5,5,2,3,3,3,4,6,5,2,6,5,3,4,3,4,4,5,2,3,2,6,6,5,5,4,3,4,4,4,4,4,5,4,4,3,5,4,6,5,3,3,4,5,5,3,4,6,3,5,4,6,6,4,5,5,4,5,4,4,4,5,7,3,3,5,3,5,5,4,3,4,2,5,3,4,5,1,4,4,4,4,5,5,5,4,7,5,3,4,4,6,4,5,5,7,4,5,3,6,6,7,5,7,5,8,6,4,3,2,5,3,5,5,6,4,8,6,5,7,2,5,7,5,5,4,2,5,5,6,4,5,3,4,5,6,6,4,5,4,3,5,6,7,4,10,7,6,8,7,6,5,5,6,5,3,5,5,0,10,4,6,4,7,5,6,6,3,3,4,5,4,4,5,6,7,5,5,5,17,15,6,20,4,5,4,5,4,7,10,5,7,4,7,9,6,4,5,6,8,3,6,4,5,6,5,7,8,6,6,9,5,7,8,7,5,5,4,4,3,4,4,7,4,4,3,5,4,7,5,5,6,8,9,4,7,6,7,5,4,5,5,5,2,6,5,7,6,6,5,4,9,5,7,6,2,8,6,7,3,4,4,7,6,4,7,7,6,8,4,6,4,4,5,7,7,6,4,6,7,7,6,6,5,3,6,2,6,3,2,5,6,7,5,7,3,3,6,9,9,9,6,5,6,6,6,6,5,4,4,4,7,6,3,6,6,6,7,5,5,3,8,4,6,6,5,10,5,6,6,6,6,7,6,10,6,9,6,7,6,5,6,4,3,3,6,7,8,8,3,8,5,8,6,5,4,5,6,3,8,3,5,5,4,4,2,4,5,5,4,4,4,5,5,5,8,6,7,5,5,5,4,2,4,5,6,3,4,3,5,5,6,8,5,6,3,5,5,5,5,6,5,6,5,6
ADV + NUM + NOUN + ADJ + CCONJ + ADV + NUM + NOUN + AUX + AUX + VERB,10,10,12,9,9,9,11,13,10,8,11,11,11,10,10,8,8,11,10,11,12,10,10,11,10,10,10,10,9,12,10,9,11,10,10,10,12,11,9,11,10,10,12,12,10,9,12,9,12,9,11,11,10,11,11,11,10,12,9,12,14,9,11,10,9,8,8,11,10,9,10,14,12,11,9,12,11,10,10,12,8,12,11,12,12,9,9,10,10,13,9,11,10,9,11,11,14,12,9,11,12,12,12,10,9,9,10,11,10,12,8,9,11,11,11,11,9,13,9,10,13,12,8,11,11,12,11,9,12,10,14,12,9,11,9,10,11,7,13,12,10,10,10,9,11,11,10,11,9,12,10,11,11,11,11,16,12,8,13,8,11,11,11,11,12,14,14,14,13,13,12,13,15,11,7,10,12,11,7,10,10,9,11,8,9,10,14,12,9,8,9,15,10,13,12,14,11,14,12,13,14,11,11,14,13,11,11,11,10,0,12,12,12,15,11,12,10,9,11,12,11,10,8,11,10,15,13,13,11,21,15,12,22,12,13,14,11,10,13,16,9,13,10,13,15,12,10,11,10,14,11,12,10,9,12,11,11,10,12,12,15,13,13,14,13,11,11,10,10,11,10,10,13,8,8,13,11,10,13,9,11,10,12,13,8,11,10,11,11,12,9,11,9,8,10,13,13,12,12,11,12,11,9,11,12,12,12,12,9,11,10,12,11,10,12,13,11,10,16,10,12,12,10,13,11,11,12,8,10,13,11,12,14,13,13,14,10,12,7,12,11,12,11,11,11,11,11,12,13,15,15,14,11,10,8,12,10,9,12,12,10,13,10,11,14,12,12,13,11,9,11,8,10,12,10,11,14,11,14,12,12,14,15,8,14,8,13,12,13,10,13,14,10,9,11,12,13,14,14,13,16,11,12,12,9,10,13,12,9,12,11,13,13,12,10,8,10,9,13,10,12,12,13,13,13,12,10,13,9,9,13,10,10,12,11,10,11,12,7,11,9,12,14,15,10,9,11,11,9,11,8,11,10,13,12
VERB + NOUN + ADP + NOUN + NOUN,4,4,6,5,5,3,5,7,6,4,3,5,5,6,4,6,4,3,2,5,6,4,6,5,4,4,6,4,5,6,4,5,3,2,4,6,2,5,3,5,6,6,6,4,4,3,6,5,4,7,5,7,4,3,3,3,6,8,5,4,8,7,1,6,5,6,6,3,2,7,4,8,6,5,5,6,5,6,6,4,4,4,5,4,4,7,5,6,6,7,3,3,4,3,5,5,6,6,3,7,4,6,6,6,3,5,4,5,4,6,6,7,7,5,3,7,7,5,7,6,5,4,6,7,5,6,5,5,4,4,4,6,5,7,5,6,7,5,3,4,6,4,6,5,5,7,6,7,5,6,4,7,7,9,7,8,6,4,3,6,5,3,7,7,6,4,6,6,5,7,4,7,5,3,5,6,4,5,5,8,4,5,5,8,7,6,6,6,7,6,3,7,6,7,4,12,7,6,6,7,6,7,5,6,7,5,3,5,4,12,0,6,4,9,7,8,6,5,3,6,5,6,6,5,6,9,7,5,5,13,13,6,16,6,5,6,3,6,9,8,5,7,2,5,9,8,8,7,4,8,3,8,4,5,4,5,11,10,4,6,7,3,7,6,5,3,7,6,6,5,4,6,7,6,4,3,3,6,7,3,3,4,8,9,6,5,4,5,7,4,7,7,5,4,4,3,7,6,8,5,2,9,5,9,8,4,8,10,7,3,2,6,7,6,4,7,9,6,6,6,6,6,6,7,7,7,10,8,8,9,7,8,8,5,3,6,4,6,7,4,9,6,7,7,9,5,7,8,11,9,9,8,7,8,8,6,8,3,4,4,4,5,6,5,6,8,8,7,7,7,5,6,6,4,4,5,10,5,6,8,8,8,7,8,10,8,11,4,7,8,5,6,6,5,7,6,9,8,8,3,6,5,8,6,5,6,7,10,5,6,5,5,5,6,4,4,4,5,7,6,2,4,5,3,5,8,6,9,7,5,7,6,4,6,7,6,5,6,5,5,5,6,8,7,6,3,5,5,3,5,6,3,8,5,4
PROPN + PROPN + PROPN + NOUN + NOUN,4,6,4,5,5,3,3,3,6,4,5,7,5,6,4,6,4,7,4,7,6,6,6,7,2,6,6,6,5,2,6,5,5,4,4,6,6,7,5,5,4,8,6,6,4,5,8,5,6,7,5,3,6,5,5,7,4,4,7,6,8,7,5,6,7,6,6,5,4,7,6,2,4,3,5,6,5,6,4,6,4,6,7,8,4,7,5,6,8,7,5,5,6,5,5,7,4,6,5,5,6,8,6,6,5,5,4,5,6,8,6,7,7,7,5,7,7,5,7,6,5,8,6,7,7,8,7,5,6,6,4,6,7,7,5,6,7,5,5,6,4,6,6,3,7,5,6,3,5,8,4,7,5,5,5,10,6,4,7,6,7,7,7,7,8,8,4,10,9,9,8,7,9,7,5,4,4,5,5,8,6,7,5,8,7,8,8,8,7,6,5,9,8,9,6,12,5,8,6,9,8,7,7,8,7,5,3,7,6,12,6,0,8,3,5,8,8,5,3,8,5,8,6,5,6,5,5,7,7,19,17,6,18,6,7,6,5,6,9,12,7,7,6,5,9,6,6,7,6,10,5,6,6,5,8,7,7,10,8,6,9,7,9,10,9,5,5,6,6,7,4,6,5,6,4,7,5,6,9,5,5,4,8,9,6,7,4,7,7,6,7,3,5,4,6,7,3,8,4,7,6,11,7,9,6,4,8,8,7,5,6,4,9,8,8,9,9,8,10,6,8,10,8,7,9,9,8,8,8,9,9,6,10,7,7,10,6,8,7,8,9,8,7,5,9,7,9,6,11,11,9,10,7,10,8,8,8,7,8,6,4,5,8,5,8,8,10,9,7,7,5,8,8,4,6,7,8,9,8,8,8,10,11,8,12,8,11,6,9,8,7,8,8,7,9,8,9,10,10,7,10,5,10,6,5,8,5,8,7,8,5,5,3,6,4,4,4,5,7,6,6,6,7,7,7,10,6,11,5,5,1,8,6,4,7,6,7,8,5,5,5,8,10,3,6,5,7,3,5,5,8,5,8,7,6
CCONJ + DET + ADV + VERB + NOUN + ADP + NOUN,6,6,8,7,7,5,7,9,8,6,5,7,7,8,6,8,6,5,6,7,8,6,6,7,6,6,8,6,7,8,6,7,5,4,6,8,4,7,7,5,8,6,8,6,6,7,8,7,6,9,7,7,6,5,5,5,8,8,7,6,10,7,3,6,5,6,6,7,4,7,6,10,8,5,7,8,7,8,8,6,6,6,7,6,6,7,7,8,8,7,5,5,6,7,7,7,8,8,7,9,8,8,8,8,5,7,6,7,6,8,8,9,7,7,5,9,5,7,7,6,7,6,6,9,7,8,7,5,6,6,6,8,7,7,7,8,9,7,5,6,8,6,8,7,7,7,6,9,7,8,8,7,7,9,9,8,8,6,5,6,7,5,9,9,6,6,8,8,7,9,6,9,9,5,7,8,6,7,7,8,6,7,7,8,7,8,6,6,7,8,5,9,8,9,6,12,9,8,10,7,8,7,7,8,9,7,7,7,4,12,4,8,0,11,9,10,8,5,5,8,5,8,8,7,8,11,9,7,5,15,13,6,18,8,7,8,5,8,11,10,5,9,6,7,11,10,8,9,8,10,5,10,6,7,6,5,11,10,8,8,9,5,9,8,7,7,9,8,8,7,4,8,9,6,6,5,7,8,9,7,5,8,10,11,4,9,8,7,9,6,9,9,7,4,8,7,9,8,10,7,4,11,7,9,10,6,8,10,7,5,6,8,7,6,6,9,9,8,8,8,8,6,6,9,9,9,10,8,8,11,9,10,10,5,5,8,6,8,7,4,9,6,7,7,9,7,7,10,9,9,9,10,7,10,10,6,6,5,8,6,4,9,6,7,8,10,10,9,7,5,7,10,4,6,8,5,10,7,6,10,10,8,9,10,12,8,11,8,9,8,7,8,8,7,7,8,11,10,8,5,8,7,10,6,5,8,9,10,5,8,7,7,7,8,6,6,6,7,9,6,6,4,5,5,5,10,8,9,9,7,9,8,4,8,9,8,7,8,5,7,7,8,10,9,6,5,5,7,5,5,6,5,8,7,6
PROPN + PROPN + PROPN + PROPN,5,5,3,6,6,6,4,2,5,7,6,6,4,7,7,7,7,8,7,6,5,7,5,6,5,7,5,9,6,3,7,6,6,7,7,7,7,6,8,6,5,7,5,5,7,8,7,6,7,6,8,4,7,8,8,6,5,3,6,7,7,8,8,7,6,7,7,8,7,6,7,1,3,6,8,5,6,7,5,5,7,7,6,7,5,6,8,7,7,8,8,8,7,8,6,6,3,5,8,6,9,7,9,5,8,8,5,4,7,7,7,8,6,8,6,6,8,6,8,7,4,7,7,8,8,7,8,6,9,7,5,5,8,8,8,7,10,8,6,7,5,9,7,6,6,4,5,4,6,7,7,6,6,4,4,13,5,7,8,7,8,8,8,8,11,9,7,9,10,8,9,8,12,10,8,5,5,8,8,7,7,10,6,9,8,7,9,9,8,7,8,8,7,10,9,13,8,9,9,12,9,6,6,7,6,6,6,8,7,15,9,3,11,0,4,7,7,8,6,9,8,7,7,8,9,4,4,8,8,22,20,9,21,5,8,5,8,7,8,13,6,6,9,8,8,5,5,8,9,9,8,5,9,8,11,8,8,13,11,9,10,10,10,13,12,8,4,7,7,6,7,7,4,7,7,8,8,5,10,8,8,7,9,10,9,10,7,8,6,9,6,4,8,7,9,10,2,7,3,6,9,10,8,10,5,5,11,7,10,8,9,5,10,9,9,10,10,9,13,7,7,9,7,6,8,8,7,9,9,8,10,5,9,10,8,11,7,9,8,9,10,11,10,6,10,8,8,5,12,12,10,9,10,9,9,9,9,10,11,7,7,8,11,6,9,7,9,8,8,8,6,11,9,7,9,10,11,8,9,9,7,11,10,9,11,9,12,9,8,7,10,11,9,10,10,7,10,9,9,8,13,6,11,9,8,7,4,7,8,11,4,4,6,5,7,7,7,8,6,5,9,9,10,10,8,9,9,12,6,8,2,7,7,5,8,5,8,7,8,6,8,7,9,2,5,8,6,6,8,8,7,8,9,8,9
PROPN + ADJ,3,3,1,2,4,4,2,2,1,5,4,4,2,3,3,3,5,4,5,4,3,3,3,4,3,5,3,5,4,3,5,4,4,5,5,5,5,2,6,4,1,5,3,3,5,6,3,4,3,4,4,4,5,6,6,4,3,3,2,5,5,6,6,3,4,5,5,4,5,4,3,3,3,4,4,3,4,3,3,3,3,5,4,5,3,2,6,5,3,6,4,4,3,4,2,2,3,3,6,2,5,5,5,1,6,4,3,2,5,5,5,4,4,4,4,2,4,4,6,5,2,3,3,4,4,5,4,4,7,5,5,3,6,6,6,5,6,6,4,5,3,5,3,4,4,4,3,4,2,5,5,2,2,4,2,11,3,5,6,5,4,6,6,4,9,7,7,7,8,6,7,6,10,8,4,1,3,6,6,3,5,6,4,5,6,5,7,7,4,5,4,6,5,8,7,11,4,5,7,8,7,2,4,5,4,4,4,4,5,11,7,5,9,4,0,3,3,4,4,7,6,5,5,4,5,4,2,6,6,18,16,5,19,3,6,3,6,3,4,11,4,6,7,6,4,1,1,6,7,7,6,3,5,6,9,4,8,9,7,5,6,8,8,9,8,6,2,3,5,2,5,3,4,5,5,6,6,3,8,4,4,5,7,6,5,6,5,6,4,7,2,2,4,5,7,8,4,5,1,4,7,8,6,6,3,3,9,5,6,6,7,3,8,5,5,8,6,7,11,5,5,7,5,4,6,4,5,7,5,4,8,3,5,8,6,9,3,5,6,7,6,9,6,2,6,4,4,3,10,8,8,7,8,7,7,7,7,6,9,5,5,6,7,4,7,3,7,6,4,6,4,9,7,5,5,8,7,6,7,7,5,9,8,7,9,7,10,7,4,3,6,9,5,6,6,5,8,7,7,6,11,4,9,7,4,3,2,3,6,9,2,4,6,3,5,5,5,6,4,3,5,7,8,8,6,7,7,10,2,4,4,3,5,3,6,1,4,5,6,4,6,3,7,4,3,6,4,4,6,6,3,6,5,6,5
PRON + AUX + ADJ,4,4,4,3,5,5,5,5,2,6,5,3,5,4,4,4,6,5,6,5,2,4,4,5,6,6,4,6,5,6,6,5,5,6,6,6,6,3,7,5,4,6,4,4,6,7,4,5,6,5,5,7,6,7,7,5,6,6,3,6,6,7,7,4,5,6,6,5,6,5,4,6,6,7,5,6,5,4,4,6,4,6,5,4,6,3,7,6,4,3,5,5,4,5,5,3,6,6,7,5,6,4,6,4,7,5,6,5,6,6,4,5,7,5,5,3,5,7,5,6,5,4,4,5,5,4,3,5,8,6,8,4,7,7,7,6,7,7,7,4,6,6,4,7,3,7,6,7,3,4,8,5,5,5,5,8,6,6,7,6,5,7,7,5,8,6,8,6,7,5,8,3,9,9,5,4,6,7,5,4,6,7,3,6,5,4,6,10,5,6,5,5,2,5,6,8,7,8,8,9,6,5,5,6,3,5,7,5,6,12,8,8,10,7,3,0,4,5,7,6,7,6,6,5,6,7,5,5,7,19,15,4,22,4,7,6,7,2,5,10,5,5,8,7,5,2,4,7,6,4,7,2,6,7,8,5,9,10,8,8,9,9,9,8,9,7,3,4,6,3,6,4,7,6,6,7,7,6,9,5,5,8,8,7,6,7,8,9,1,8,3,5,5,6,8,9,7,6,4,5,8,9,7,7,4,6,6,4,7,7,8,6,7,6,6,7,5,6,8,4,4,6,4,5,3,5,2,8,6,1,7,6,4,7,5,6,4,4,7,6,5,8,7,5,5,5,3,4,9,7,5,4,7,4,6,8,6,7,8,4,8,9,8,3,6,2,4,5,3,7,5,10,8,8,6,7,8,3,4,6,2,6,7,4,6,6,7,10,5,4,7,8,6,7,7,4,5,6,8,7,8,7,8,4,5,4,5,2,7,10,5,7,9,4,6,6,6,7,5,4,6,8,9,9,9,6,6,7,5,5,7,4,6,6,5,4,5,6,7,7,7,4,6,7,6,7,5,5,7,7,4,7,6,5,6
ADJ + VERB + VERB,4,2,4,3,3,5,5,5,2,6,3,3,3,4,4,2,4,5,6,1,4,4,4,3,6,4,4,6,5,6,2,5,5,4,4,4,4,3,5,5,4,2,4,4,6,7,4,5,6,5,5,7,6,7,5,3,4,6,1,6,6,3,5,4,3,4,4,5,6,5,4,6,4,7,3,4,5,4,4,4,4,4,3,4,4,3,3,2,2,7,5,5,2,5,5,3,6,2,5,5,6,2,6,4,7,5,6,3,4,2,4,3,3,5,5,3,5,5,5,4,5,4,4,5,5,4,5,5,6,4,6,4,3,5,5,4,7,5,5,6,6,6,4,5,3,5,4,5,3,4,6,3,5,5,5,10,4,6,3,4,5,5,3,5,10,6,8,4,5,3,6,7,9,7,5,4,6,5,5,4,6,7,5,6,5,4,10,10,5,6,5,7,4,7,6,8,7,8,10,7,6,5,3,6,5,5,7,5,6,10,6,8,8,7,3,4,0,5,7,4,7,4,6,5,4,7,5,5,3,17,15,6,20,4,5,6,3,4,5,8,3,7,6,7,5,4,4,3,6,6,7,6,6,3,10,5,9,8,6,8,9,5,5,10,9,7,3,4,4,3,6,4,3,6,6,5,7,4,5,5,5,8,8,9,6,5,8,5,5,8,3,5,5,6,8,9,5,6,4,3,6,5,5,5,4,6,8,8,7,7,8,6,7,4,6,7,7,6,10,6,2,6,4,5,5,3,6,6,4,5,7,6,6,7,5,8,4,6,7,6,7,8,7,5,5,5,5,6,7,7,9,8,9,6,6,6,6,7,8,4,6,9,8,5,6,4,6,3,5,5,5,10,6,6,6,7,8,5,8,6,6,10,5,6,8,6,7,6,3,4,7,6,6,7,5,4,5,4,6,5,10,5,8,8,5,4,5,6,5,6,5,5,9,4,6,6,6,5,5,4,6,8,9,9,9,6,6,7,3,5,7,2,4,6,5,2,5,4,5,5,5,4,6,7,4,5,3,5,5,5,2,3,2,5,6
ADV + ADJ + NOUN + NOUN,3,5,5,2,4,2,4,6,3,3,4,6,6,3,1,3,3,4,3,6,5,3,3,4,3,5,5,5,4,5,5,4,4,3,3,5,5,4,4,4,3,7,5,5,3,4,5,4,5,6,2,6,5,4,4,6,5,7,4,5,7,6,4,3,4,5,5,2,3,4,3,7,7,4,2,5,4,5,3,7,3,5,6,7,5,2,4,5,5,6,4,2,3,2,4,4,7,7,4,4,3,7,3,5,4,4,3,6,5,5,5,4,8,4,4,4,2,6,6,5,6,5,1,4,4,5,4,2,5,5,7,5,6,6,4,5,4,4,6,5,5,3,3,4,6,8,5,6,4,7,5,6,4,6,6,9,7,3,6,3,6,6,6,4,7,7,7,9,8,8,5,6,8,6,4,5,5,4,4,5,5,6,4,3,6,7,7,5,4,5,4,8,7,8,5,11,6,7,7,6,7,4,6,9,6,4,4,4,3,9,5,5,5,8,4,5,5,0,4,5,4,5,5,2,3,8,6,6,6,16,14,3,19,5,6,7,4,3,6,11,6,10,5,6,8,5,3,6,5,9,4,7,5,4,7,4,6,5,5,7,8,6,8,7,6,4,4,3,5,4,3,5,8,5,3,6,4,5,8,4,2,5,7,8,3,4,5,6,6,5,4,4,2,1,5,6,8,5,5,6,5,10,6,6,5,5,7,7,6,4,5,5,8,5,5,8,6,7,9,5,7,7,5,6,8,6,5,5,5,6,8,5,7,6,6,9,3,5,4,5,4,7,4,4,6,4,4,7,10,10,6,9,6,7,7,7,7,6,5,5,3,6,7,4,7,5,7,8,6,6,4,7,7,5,5,6,9,8,7,7,7,9,10,7,11,7,10,7,6,5,4,7,5,2,4,7,8,9,11,6,9,6,9,5,2,3,6,5,6,7,4,8,6,5,3,3,3,4,6,5,3,5,6,6,6,9,5,8,4,4,6,5,3,5,6,5,6,5,2,4,4,5,9,8,7,4,6,2,4,4,5,4,5,6,3
PROPN + NOUN + ADP + NOUN,3,5,3,4,4,2,2,4,5,3,4,6,4,5,3,5,3,4,3,6,5,5,5,6,1,5,5,3,4,3,5,4,2,3,3,5,3,6,4,4,3,7,5,3,3,4,5,4,3,6,4,4,3,2,2,4,3,5,6,3,7,6,2,5,6,5,5,4,1,6,3,5,5,2,4,5,4,5,3,5,3,5,6,5,3,6,4,5,7,6,2,2,5,4,4,4,5,5,4,4,5,7,5,5,4,4,3,4,5,7,5,6,6,4,2,6,6,4,6,5,4,5,5,6,4,7,6,4,3,3,5,5,6,6,4,5,6,4,4,3,3,5,5,2,6,6,5,4,4,7,3,6,4,6,4,7,5,3,4,5,4,4,6,6,5,5,5,7,6,8,5,6,8,4,4,3,3,4,4,7,3,4,4,7,6,7,5,5,6,5,2,6,7,8,3,11,4,5,5,6,7,6,6,7,6,4,2,6,3,11,3,3,5,6,4,7,7,4,0,7,4,7,5,4,5,6,4,6,6,16,14,5,17,5,6,5,4,5,8,9,6,8,3,4,8,5,5,6,5,9,2,5,3,4,5,4,8,9,5,3,6,4,8,7,6,4,4,5,5,4,3,5,6,5,3,4,4,5,8,4,4,3,7,8,5,6,3,6,6,3,6,4,4,3,5,4,6,5,5,6,3,10,6,8,5,1,7,7,6,2,3,3,8,5,5,8,8,7,7,5,7,7,7,6,8,8,7,7,7,8,6,5,7,4,4,7,3,7,6,5,8,5,6,4,8,4,6,5,10,8,8,7,6,9,7,5,7,4,7,5,3,4,5,4,7,7,9,8,6,6,4,7,5,3,5,4,7,6,5,7,7,7,8,7,11,7,10,5,8,7,4,5,5,6,6,7,8,9,7,4,7,4,7,5,4,7,4,7,4,7,4,4,2,5,3,3,3,4,6,5,3,3,4,4,4,9,5,10,4,4,4,7,5,3,6,5,4,7,4,4,4,7,9,4,5,2,6,2,4,4,7,4,7,6,5
PRON + VERB + VERB + ADV + NOUN,4,4,6,5,5,5,5,7,6,6,3,3,5,6,6,6,6,5,6,3,4,4,4,3,6,4,6,6,5,6,4,5,5,4,4,4,4,5,7,5,6,4,6,6,6,7,8,5,6,7,7,7,6,7,5,5,6,8,5,6,8,5,5,6,5,6,6,7,6,5,6,8,6,7,7,4,5,6,6,6,6,4,5,6,4,5,5,4,6,5,7,7,4,7,5,7,8,4,7,7,8,2,8,6,7,7,6,5,4,2,6,7,5,7,5,7,5,5,7,6,7,6,4,7,5,2,3,3,6,6,6,6,5,7,5,6,9,7,5,6,6,8,6,7,5,7,6,7,5,4,8,7,7,9,7,8,6,6,3,4,7,5,5,7,10,6,8,6,5,5,4,5,7,7,7,6,6,5,7,8,6,9,5,6,7,4,8,8,7,6,7,7,4,5,6,8,7,8,10,9,4,7,5,8,5,5,7,5,4,12,6,8,8,9,7,6,4,5,7,0,7,4,6,7,8,9,7,5,3,17,15,6,20,6,5,8,3,4,9,6,5,7,6,5,5,6,6,5,6,6,7,6,8,5,8,7,9,10,8,8,9,5,5,10,11,7,7,6,6,7,6,6,5,6,6,5,7,6,5,7,5,8,8,9,6,7,8,5,5,8,7,7,7,4,8,9,7,8,8,5,6,7,5,9,8,6,8,6,9,7,8,6,7,8,6,5,9,4,8,6,4,6,4,7,5,7,6,6,6,7,9,8,8,7,5,6,6,4,5,6,7,8,9,7,9,7,7,6,5,7,9,8,7,4,6,8,8,7,4,4,6,9,10,3,4,6,4,5,7,7,5,10,8,6,8,7,10,5,6,4,6,8,5,6,10,8,7,8,5,8,9,4,8,7,7,4,5,4,8,5,8,5,10,6,7,4,7,6,7,6,5,7,9,6,6,4,6,7,7,6,8,8,9,9,9,6,6,5,7,5,7,4,4,6,7,6,7,4,5,5,5,6,6,9,6,7,5,7,5,5,6,3,6,3,6
DET + NOUN + NOUN + ADV,3,5,5,4,4,2,4,6,5,3,4,6,6,5,3,5,3,6,3,6,5,5,3,4,3,5,5,5,4,5,5,4,4,3,3,3,5,6,4,2,5,7,5,5,1,4,5,2,7,6,4,6,5,4,4,6,5,7,6,3,7,6,4,3,4,5,3,4,3,4,5,7,7,4,4,5,4,5,5,7,3,3,6,7,5,4,4,5,7,4,4,4,5,4,6,6,7,7,4,6,5,7,5,5,4,4,3,6,3,5,5,6,8,4,4,6,4,4,4,3,6,7,5,6,6,5,6,4,5,5,7,5,6,4,2,5,6,4,6,5,3,5,5,4,6,8,5,6,4,7,5,8,6,8,6,7,7,3,6,5,6,6,6,6,5,5,5,9,6,8,5,6,8,6,4,5,5,4,4,5,3,6,4,7,4,7,5,7,6,3,4,8,7,8,5,9,6,7,5,4,7,6,6,9,6,4,4,4,5,11,5,5,5,8,6,7,7,4,4,7,0,5,5,4,5,8,6,4,6,16,14,3,19,5,4,7,4,5,8,7,6,10,5,4,10,7,5,6,5,9,4,7,5,4,5,4,10,9,5,7,8,4,8,7,6,4,6,3,5,6,1,5,8,5,3,6,4,5,8,4,4,5,5,8,5,6,5,6,6,5,6,6,4,3,5,4,8,7,7,6,5,10,6,6,7,5,5,7,4,4,5,5,8,5,5,6,4,5,7,5,7,7,5,6,8,8,7,5,3,8,8,7,7,4,6,7,5,7,4,7,6,3,4,4,6,4,6,7,6,8,6,9,4,7,5,5,3,6,7,5,5,6,5,4,5,7,7,8,4,2,4,7,3,3,5,4,7,8,5,5,7,7,10,7,13,5,8,7,8,7,6,7,5,6,6,7,8,9,11,4,9,6,9,3,4,5,6,7,4,7,4,8,6,5,3,3,3,4,6,5,5,3,2,4,4,9,5,10,6,4,6,5,5,5,6,7,4,5,4,4,4,7,9,8,7,4,4,4,4,2,7,4,5,4,3
VERB + ADV + ADV,4,2,4,5,3,5,5,5,4,6,3,3,3,6,6,4,4,5,6,3,4,4,2,1,6,4,4,6,5,6,4,5,5,4,4,2,4,3,5,5,6,4,4,4,4,7,6,3,6,5,7,7,6,7,5,3,4,6,3,6,6,5,5,6,3,4,4,7,6,1,6,6,4,7,5,2,5,4,6,4,6,4,3,4,4,3,5,4,4,7,7,7,4,7,5,5,6,4,5,7,8,4,8,6,7,7,6,3,2,2,4,5,5,7,5,5,5,5,5,4,5,4,4,7,5,2,5,3,6,4,6,4,5,5,3,4,9,5,5,6,4,8,6,5,3,5,4,5,5,4,6,5,7,7,5,10,4,6,5,4,7,5,5,7,10,6,8,6,7,5,4,7,9,7,7,6,6,5,5,6,4,9,5,6,5,4,10,8,7,4,7,7,4,7,6,10,7,8,8,5,6,5,3,6,5,5,7,5,4,10,6,8,8,7,5,6,4,5,7,4,5,0,6,7,6,7,5,5,5,19,17,8,22,4,5,6,5,6,7,8,3,7,6,7,7,6,4,5,6,6,7,6,8,5,10,7,9,8,8,8,9,7,7,10,11,7,5,4,4,5,6,6,5,6,6,5,7,4,7,7,5,8,6,9,6,7,8,7,5,8,5,7,7,4,8,9,5,8,6,3,6,7,5,7,6,6,8,4,7,7,8,6,7,6,6,7,7,4,10,6,4,6,4,5,5,5,6,4,4,7,7,8,8,7,5,6,6,6,3,6,5,8,9,7,7,7,5,6,5,9,11,8,5,4,4,6,6,7,4,4,6,9,10,5,6,6,4,5,7,5,5,10,6,6,8,7,10,5,8,4,6,10,7,6,10,6,9,8,5,6,9,8,8,7,7,4,7,6,8,5,10,5,8,8,7,2,5,6,5,8,5,5,9,4,6,4,6,5,5,4,8,8,7,9,9,6,6,9,5,5,7,2,4,6,5,4,7,2,5,5,5,4,6,7,4,5,3,7,5,5,4,5,4,5,6
NUM + NUM + NOUN,2,4,4,3,3,3,3,5,4,4,3,5,5,4,4,4,4,5,4,5,4,4,4,5,4,4,2,6,1,4,4,3,3,4,4,4,4,5,5,3,4,6,4,4,4,5,6,3,6,1,5,5,2,5,5,5,4,6,5,4,6,5,5,4,5,4,4,5,4,5,4,6,6,5,5,6,3,4,4,6,4,4,3,6,4,5,5,4,6,5,5,5,4,5,5,5,6,6,5,5,6,6,6,4,5,5,4,5,4,6,4,5,7,5,3,5,5,5,5,4,5,6,4,5,5,6,5,3,6,4,6,4,5,5,5,4,7,5,5,4,4,6,4,5,5,7,6,5,3,6,6,7,5,7,3,10,4,2,5,4,5,3,5,5,8,6,8,8,7,7,6,5,9,7,5,4,4,5,5,4,4,5,3,4,5,6,8,8,5,2,5,7,6,7,6,10,7,8,8,9,6,7,5,8,5,3,5,5,4,8,6,6,8,7,5,6,6,5,5,6,5,6,0,5,6,7,5,5,5,15,17,6,20,4,5,6,5,4,7,10,5,9,6,7,9,6,6,5,6,8,5,6,6,5,8,5,9,10,8,8,9,7,7,10,9,5,5,4,4,5,4,4,7,2,2,5,5,4,7,5,5,6,8,9,6,7,6,7,5,6,3,5,5,4,4,7,7,6,6,5,6,5,1,7,6,4,8,8,5,5,6,4,7,6,6,7,7,4,10,4,6,8,6,5,7,7,8,6,6,7,7,6,8,7,5,8,4,6,3,6,7,8,7,5,7,5,7,4,9,9,9,8,7,8,6,6,6,5,8,4,6,7,6,3,6,6,8,7,5,5,3,4,6,6,6,7,10,7,6,6,6,8,9,6,12,4,7,8,7,6,7,8,4,5,7,6,7,8,10,5,10,3,6,6,5,6,5,8,5,8,3,7,7,4,4,4,4,5,5,4,6,6,7,7,7,8,6,9,5,5,5,6,4,4,5,6,5,6,5,5,5,6,8,7,6,5,5,5,5,5,6,5,6,5,6
ADJ + NOUN + PART + NOUN,3,5,5,2,4,2,4,6,3,3,4,6,6,3,1,3,3,4,3,6,5,3,5,6,3,5,5,5,4,5,5,4,4,3,3,5,5,4,4,4,3,7,5,5,3,4,5,4,5,6,2,6,5,4,4,6,5,7,4,5,7,6,4,3,6,5,5,2,3,6,3,7,7,4,2,7,4,5,3,7,3,5,6,7,5,4,4,5,5,6,4,2,3,2,4,4,7,7,4,4,3,7,3,5,4,4,3,6,5,7,5,4,8,4,4,4,4,6,6,5,6,5,3,4,4,7,4,4,5,5,7,5,6,6,4,5,4,4,6,5,5,3,3,4,6,8,7,6,4,7,5,6,4,6,6,9,7,3,6,5,6,6,4,4,7,7,7,7,8,8,7,6,6,6,4,5,5,4,4,5,5,4,4,5,6,7,7,5,4,5,4,8,7,8,5,9,6,7,5,6,7,6,6,9,4,4,4,4,5,11,5,5,7,8,4,5,5,2,4,7,4,7,5,0,1,8,6,6,6,16,14,3,19,3,4,7,4,3,6,9,6,10,5,6,8,5,5,6,5,7,4,7,5,4,7,4,8,7,5,7,8,6,6,7,6,2,4,3,5,4,3,5,8,5,3,6,4,5,8,4,2,5,7,6,3,4,5,6,6,5,4,4,2,3,5,6,8,5,5,4,5,10,6,6,5,5,7,9,6,4,5,3,6,5,5,8,6,7,9,5,7,9,7,6,6,4,7,7,5,6,6,5,7,6,6,9,3,5,6,7,6,7,2,4,6,4,6,7,10,8,4,9,6,9,7,7,7,6,7,5,5,4,5,4,7,5,9,6,6,6,4,7,7,5,5,6,7,8,7,7,7,9,8,7,9,7,8,7,6,5,4,5,5,4,6,7,6,9,9,6,7,6,9,5,2,5,6,7,6,5,4,8,6,5,3,3,3,4,6,5,3,5,6,6,6,9,5,8,4,4,6,5,5,5,6,5,6,7,4,4,4,5,7,8,7,4,6,2,4,4,5,4,5,6,3
ADJ + NOUN + PART + NOUN + VERB,4,4,6,3,3,3,5,7,4,4,5,5,5,4,2,2,2,5,4,5,6,4,6,5,4,6,6,6,5,6,4,5,5,4,4,4,6,5,3,5,4,6,6,6,4,5,6,5,6,7,3,7,6,5,5,5,4,8,3,6,8,5,5,4,5,4,4,3,4,7,4,8,6,5,1,6,5,4,4,6,4,6,5,6,6,5,3,4,4,7,5,3,4,3,5,5,8,6,3,5,4,6,4,6,5,5,4,5,6,6,4,3,7,5,5,5,5,7,5,4,7,6,4,5,5,6,5,5,6,4,8,6,5,5,3,4,5,3,7,6,6,4,4,3,5,7,6,5,5,6,4,5,5,7,7,10,6,4,7,4,7,7,3,5,8,8,8,6,7,7,8,7,7,7,5,6,6,5,3,6,6,5,5,6,5,6,8,6,5,6,5,9,6,9,6,8,7,8,6,5,8,7,5,8,5,5,5,5,6,10,6,6,8,9,5,6,4,3,5,8,5,6,6,1,0,9,7,7,7,15,13,4,20,4,5,8,5,4,7,8,5,9,4,7,9,6,6,5,4,8,5,8,6,3,8,5,9,6,6,8,9,7,5,8,7,3,5,4,4,5,4,6,7,6,4,7,5,4,7,5,3,6,6,7,4,3,6,5,7,6,5,5,3,4,6,7,7,6,6,3,6,9,7,5,6,6,6,10,5,5,6,4,7,4,6,9,7,8,10,6,6,8,6,7,5,3,8,6,4,7,5,6,8,7,7,10,4,6,7,8,7,6,3,5,5,5,7,8,9,7,5,10,7,8,6,6,6,7,8,6,6,5,6,5,8,6,8,5,7,5,5,8,6,6,6,7,8,7,8,6,8,10,7,6,8,6,7,6,5,6,5,6,6,5,7,6,5,8,8,7,8,7,8,6,3,6,7,8,5,6,5,7,7,6,4,4,4,3,7,6,4,6,7,7,7,8,6,9,3,5,7,4,6,6,5,4,7,6,3,5,5,6,6,9,6,3,5,3,5,5,4,5,4,7,4
X + X + PROPN + PROPN,5,5,3,6,6,6,4,2,5,7,6,6,4,7,7,7,7,8,7,6,5,7,5,6,5,7,5,9,6,3,7,6,6,7,7,7,7,6,8,6,5,7,5,5,7,8,7,6,7,6,8,4,7,8,8,6,5,3,6,7,3,8,8,7,6,7,7,8,7,6,7,3,3,6,8,5,4,7,5,5,7,7,6,7,5,6,8,7,7,8,8,8,7,8,6,6,3,5,8,6,9,7,9,5,8,8,5,4,7,7,7,8,6,8,6,6,8,6,8,7,4,7,7,8,8,7,8,6,9,7,5,3,8,8,8,7,8,8,6,7,5,9,7,6,6,4,5,4,6,7,7,6,6,4,4,13,5,7,8,7,8,8,8,8,11,9,7,9,10,8,9,8,12,10,8,5,5,8,8,7,7,10,6,9,8,7,9,9,8,7,8,8,7,10,9,13,8,9,9,12,9,6,6,7,6,6,6,8,7,15,9,5,11,4,4,7,7,8,6,9,8,7,7,8,9,0,2,8,8,22,20,9,21,5,8,3,8,7,8,13,6,6,9,8,8,5,5,8,9,9,8,5,9,8,11,8,8,13,11,9,10,10,10,13,12,8,4,7,7,6,7,5,4,7,7,8,8,5,10,8,8,7,9,10,9,10,7,8,6,9,6,4,8,7,9,10,4,7,3,6,9,10,8,10,5,5,11,7,10,8,9,5,10,9,9,10,10,9,13,7,7,9,7,6,8,8,7,9,9,8,10,5,9,10,8,11,7,9,8,9,10,11,10,6,10,8,8,5,12,12,10,9,10,9,9,9,9,10,11,7,7,8,11,6,9,7,9,8,8,8,6,11,9,7,9,10,11,8,9,9,7,11,10,9,11,9,12,9,8,7,10,11,9,10,10,7,10,9,9,8,13,6,11,9,8,7,4,7,8,11,4,4,6,5,7,7,7,8,6,5,9,9,10,10,8,9,9,12,6,8,4,7,7,5,8,5,8,7,8,6,8,7,9,4,5,8,6,6,8,8,7,8,9,8,9
X + PROPN,3,3,1,4,4,4,2,2,3,5,4,4,2,5,5,5,5,6,5,4,3,5,3,4,3,5,3,7,4,3,5,4,4,5,5,5,5,4,6,4,3,5,3,3,5,6,5,4,5,4,6,4,5,6,6,4,3,3,4,5,3,6,6,5,4,5,5,6,5,4,5,3,3,4,6,3,2,5,3,3,5,5,4,5,3,4,6,5,5,6,6,6,5,6,4,4,3,3,6,4,7,5,7,3,6,6,3,2,5,5,5,6,4,6,4,4,6,4,6,5,2,5,5,6,6,5,6,4,7,5,5,1,6,6,6,5,6,6,4,5,3,7,5,4,4,4,3,4,4,5,5,4,4,4,2,11,3,5,6,5,6,6,6,6,9,7,7,7,8,6,7,6,10,8,6,3,3,6,6,5,5,8,4,7,6,5,7,7,6,5,6,6,5,8,7,11,6,7,7,10,7,4,4,5,4,4,4,6,5,13,7,5,9,4,2,5,5,6,4,7,6,5,5,6,7,2,0,6,6,20,18,7,21,3,6,1,6,5,6,11,4,6,7,6,6,3,3,6,7,7,6,3,7,6,9,6,8,11,9,7,8,8,8,11,10,6,2,5,5,4,5,3,4,5,5,6,6,3,8,6,6,5,7,8,7,8,5,6,4,7,4,4,6,5,7,8,4,5,3,4,7,8,6,8,3,3,9,5,8,6,7,3,8,7,7,8,8,7,11,5,5,7,5,4,6,6,5,7,7,6,8,5,7,8,6,9,5,7,6,7,8,9,8,4,8,6,6,3,10,10,8,7,8,7,7,7,7,8,9,5,5,6,9,4,7,5,7,6,6,6,4,9,7,5,7,8,9,6,7,7,5,9,8,7,9,7,10,7,6,5,8,9,7,8,8,5,8,7,7,6,11,4,9,7,6,5,2,5,6,9,2,4,6,3,5,5,5,6,4,3,7,7,8,8,6,7,7,10,4,6,4,5,5,3,6,3,6,5,6,4,6,5,7,4,3,6,4,4,6,6,5,6,7,6,7
VERB + PRON + DET + NOUN,3,3,5,4,4,4,4,6,5,5,2,4,4,5,5,5,5,4,5,4,3,3,5,4,5,3,5,5,4,5,3,4,4,3,3,5,3,4,6,2,5,5,5,5,5,6,5,4,5,6,6,6,5,6,4,4,5,7,4,3,7,6,4,3,4,5,5,6,5,6,5,7,5,6,6,5,4,5,5,5,5,1,4,3,3,6,4,5,5,2,6,6,3,6,4,6,7,5,6,6,7,5,7,5,6,6,5,4,3,5,5,6,6,4,4,6,4,2,6,3,6,5,5,6,4,5,4,4,3,5,5,5,4,4,6,5,8,6,4,5,5,7,5,6,4,6,5,6,4,5,7,6,6,8,6,7,5,5,4,5,6,4,6,6,7,1,5,5,4,4,3,4,8,4,6,5,5,2,6,5,5,8,4,7,4,5,5,9,6,5,6,6,5,6,3,9,4,5,9,8,3,6,4,5,4,4,6,2,5,13,5,7,7,8,6,5,5,6,6,5,4,5,5,6,7,8,6,0,4,16,16,5,19,5,2,7,4,3,8,7,4,8,5,4,6,5,7,6,3,5,4,5,5,6,7,4,8,11,5,5,6,4,6,7,8,6,6,5,5,6,3,5,6,5,5,4,6,5,6,6,4,7,7,6,7,6,7,6,4,7,6,6,6,5,7,6,6,7,7,4,5,8,4,8,7,5,5,7,6,6,7,5,4,5,3,2,6,5,7,5,3,7,5,6,6,4,7,5,5,6,6,7,5,4,2,5,5,3,6,3,6,7,6,4,6,4,8,5,8,8,6,7,8,7,7,5,5,6,7,1,5,8,7,2,3,5,7,4,4,4,4,9,5,3,5,6,7,6,3,5,5,5,6,5,9,5,6,7,6,7,8,7,5,8,4,3,6,5,7,2,7,4,9,3,6,5,6,7,6,7,4,6,6,5,5,5,5,6,6,5,7,5,6,6,6,5,3,8,6,4,6,5,3,5,4,5,4,5,6,4,4,5,7,8,5,6,4,6,4,4,5,4,7,2,3
VERB + CCONJ + VERB + NOUN,3,3,5,4,4,4,4,6,5,3,2,4,4,5,5,5,5,4,5,2,5,3,5,4,5,1,5,5,4,5,3,4,4,3,3,5,3,4,6,4,5,1,5,5,5,4,7,4,5,6,6,4,5,6,4,4,5,5,4,5,7,2,4,5,4,3,5,6,5,6,5,7,5,4,6,5,4,5,5,5,5,3,4,5,3,6,4,3,5,6,6,6,3,6,4,6,7,3,6,6,7,3,7,5,4,4,5,4,3,3,5,6,2,6,4,6,6,4,6,5,6,5,5,6,4,5,4,4,5,5,5,5,2,6,6,5,8,4,4,5,5,5,5,6,4,4,5,6,4,5,7,4,4,6,6,9,5,5,2,5,6,4,4,6,9,5,7,5,6,4,5,6,8,4,4,5,5,4,6,7,5,8,4,7,6,5,9,9,4,5,6,8,5,6,5,9,6,7,9,10,5,6,4,7,6,4,6,4,5,11,5,7,5,8,6,7,3,6,6,3,6,5,5,6,7,8,6,4,0,16,14,7,19,5,4,7,2,5,8,7,2,8,5,6,6,7,7,4,5,7,6,7,7,4,7,6,8,9,7,7,8,4,4,9,8,6,6,5,5,6,5,5,4,3,5,4,6,5,4,6,4,5,7,8,5,6,5,4,6,7,6,6,6,5,7,8,6,7,7,4,5,6,4,8,7,5,9,9,8,6,5,5,4,7,5,6,8,5,9,5,3,7,5,6,6,6,9,7,7,8,8,7,9,6,4,7,5,5,6,5,8,9,8,6,8,6,8,7,8,8,10,9,8,7,7,7,7,6,7,3,5,8,9,4,5,7,7,4,6,6,4,7,7,5,7,6,9,6,7,7,7,9,6,7,11,7,8,7,4,5,8,5,7,8,6,5,6,5,7,4,9,4,9,7,4,5,6,9,6,3,4,6,8,5,5,5,5,4,6,3,7,7,8,8,8,7,5,6,6,4,6,5,3,5,6,5,6,5,6,4,2,5,7,8,3,6,4,6,2,4,3,2,5,4,5
DET + NOUN + VERB + DET + VERB + NUM + NUM + PART + NUM + NUM + ADJ + NOUN + VERB + ADP + NUM + NOUN + ADJ + NOUN,17,17,19,16,16,16,18,20,17,17,16,18,18,15,15,15,15,14,15,16,19,15,19,18,17,17,17,13,16,19,15,16,16,15,15,17,15,16,16,16,17,17,19,17,17,16,17,18,15,16,16,20,15,14,14,16,17,21,16,17,21,16,14,15,18,17,17,14,15,20,15,21,19,18,16,19,18,15,17,17,15,15,16,17,17,18,14,15,17,18,14,14,15,14,16,16,19,17,16,16,15,17,17,17,16,16,17,18,17,17,17,16,18,16,16,16,16,16,18,15,18,15,17,16,16,19,16,18,15,15,17,19,16,16,16,17,18,16,16,17,19,15,15,16,18,20,19,18,16,19,17,18,18,20,18,17,17,15,14,17,16,14,14,14,15,17,17,17,16,18,17,20,18,16,16,17,17,14,16,15,17,16,18,15,16,19,17,19,18,17,14,20,19,20,15,17,14,17,17,16,19,18,18,19,18,18,16,14,17,21,13,19,15,22,18,19,17,16,16,17,16,19,15,16,15,22,20,16,16,0,20,15,23,17,16,19,14,17,18,19,18,20,15,16,18,19,19,16,15,19,16,21,15,16,15,14,20,21,13,15,14,14,16,13,16,14,18,17,17,16,15,17,18,17,15,16,14,17,16,14,14,17,19,16,17,14,17,16,20,15,16,18,14,17,15,14,20,17,19,16,15,16,14,18,19,17,15,23,14,16,15,17,18,13,15,18,16,17,17,17,17,19,19,20,18,18,21,17,15,20,16,17,19,14,16,19,15,17,18,17,18,17,14,16,16,16,18,19,18,14,18,21,18,21,19,13,17,12,17,17,17,16,15,18,17,17,21,16,16,16,18,17,15,15,15,14,17,18,17,19,21,19,16,19,21,15,16,15,14,19,16,13,15,14,18,19,16,19,17,16,17,16,15,17,16,17,20,21,16,15,18,18,18,19,17,17,15,16,20,19,13,15,16,14,16,21,17,18,16,14,20,17,17,19,18,17,16,19,16,16,16,15,19,20,19,16,16,16,16,14,17,14,17,16,13
NOUN + ADP + NOUN + ADJ + NOUN + CCONJ + NOUN + AUX + DET + NOUN + ADP + PRON + VERB + ADP + ADJ + NOUN,15,15,17,14,14,14,16,18,15,13,14,14,16,13,13,13,13,12,13,16,15,13,17,16,15,15,17,11,16,17,15,16,14,15,13,15,13,14,12,14,15,15,17,15,15,12,13,16,13,18,14,16,15,12,12,14,15,17,14,13,19,14,14,13,16,13,15,12,13,18,13,19,17,14,12,17,16,13,15,15,13,15,16,15,15,16,14,15,15,14,12,12,13,12,14,14,17,17,12,16,13,15,15,15,12,12,15,16,15,17,13,14,16,12,14,14,14,16,14,13,16,13,15,14,12,15,12,16,13,13,15,17,14,14,14,15,14,12,14,13,17,11,13,14,16,16,17,16,14,15,13,16,14,16,18,11,17,15,14,15,12,14,16,14,13,15,15,15,14,16,15,14,16,14,12,15,15,14,12,15,15,14,14,17,14,13,13,15,14,17,12,14,15,16,13,17,14,15,15,16,15,16,16,17,16,16,14,14,15,15,13,17,13,20,16,15,15,14,14,15,14,17,17,14,13,20,18,16,14,20,0,13,19,17,16,17,14,13,16,17,14,16,11,16,16,15,17,16,13,17,12,17,11,14,11,14,16,17,13,13,16,14,18,11,12,14,16,15,15,14,13,15,18,15,15,14,12,15,18,12,14,13,15,14,13,10,13,16,16,11,16,16,12,15,13,12,18,15,17,16,13,20,16,16,17,15,13,19,14,14,11,17,14,13,13,14,14,15,13,15,15,15,15,18,16,16,17,15,15,16,14,17,13,12,14,15,13,13,18,15,14,13,14,14,14,14,14,17,16,12,16,15,14,17,15,13,15,14,15,15,17,16,13,14,15,15,15,16,14,14,16,13,13,15,11,12,15,14,13,15,15,13,16,15,17,15,16,15,16,15,12,15,13,16,14,15,16,17,17,14,15,16,15,13,12,15,18,17,14,15,16,16,14,17,15,15,13,12,18,15,13,13,14,12,14,15,13,18,14,12,18,15,15,17,16,15,12,17,14,14,14,15,17,18,15,12,14,14,14,12,13,16,15,14,15
DET + PRON + ADJ + NOUN + NOUN,4,6,6,3,5,3,5,7,4,4,5,5,7,4,2,4,4,5,4,7,4,4,6,7,4,6,6,6,5,6,6,5,5,4,4,6,6,5,5,3,4,8,6,6,4,5,4,5,6,7,3,7,6,5,5,7,6,8,5,4,8,7,5,2,7,6,6,3,4,7,4,8,8,5,3,8,5,6,4,8,4,4,7,6,6,5,5,6,6,5,5,3,4,3,5,5,8,8,5,5,4,6,4,6,5,5,4,7,6,8,6,5,9,3,5,5,3,5,7,4,7,6,4,5,5,6,3,5,6,6,8,6,7,5,5,6,5,5,7,6,6,4,4,5,7,9,8,7,5,6,6,7,5,7,7,8,8,4,7,6,5,7,7,5,6,6,6,8,7,7,6,5,7,7,5,6,6,5,5,4,6,7,5,6,5,6,6,8,5,6,5,7,6,7,6,10,5,6,8,5,6,7,7,8,5,5,5,3,6,12,6,6,6,9,5,4,6,3,5,6,3,8,6,3,4,9,7,5,7,15,13,0,18,6,5,8,5,2,7,10,7,9,6,5,7,4,6,7,6,8,5,6,4,5,6,3,9,8,6,6,7,5,9,6,7,5,5,4,6,5,2,6,9,6,4,7,5,6,9,5,3,6,8,7,4,5,6,7,5,6,5,5,3,4,6,5,9,6,6,7,6,11,7,7,6,6,6,8,5,5,6,6,7,4,4,7,5,6,8,6,6,8,6,7,7,7,6,6,4,5,9,6,6,5,5,8,4,4,7,6,5,6,3,3,5,5,7,6,9,7,5,8,7,8,8,6,6,7,6,4,6,7,6,3,6,4,8,7,5,5,5,8,6,4,4,5,8,7,6,6,6,8,9,6,10,6,9,8,7,6,5,6,4,5,7,6,7,8,10,5,8,7,10,4,3,6,7,6,7,8,5,9,7,6,4,4,4,5,7,6,4,4,5,5,5,8,6,9,5,5,7,6,6,6,7,6,5,8,5,5,5,6,8,9,8,5,5,3,5,3,6,5,6,5,2
PROPN + VERB + NOUN + ADP + PROPN + ADP + NUM + SCONJ + DET + NOUN + NOUN + ADP + DET + ADJ + NOUN + VERB + PRON + NOUN + ADP + PRON + NOUN,20,20,20,19,19,19,19,19,20,20,19,21,19,20,18,18,18,17,18,19,20,18,22,21,18,20,20,18,19,18,18,19,19,18,18,20,18,19,17,19,18,20,22,20,20,19,18,21,16,21,19,19,18,17,17,19,18,20,19,18,24,21,17,18,21,20,20,17,18,23,18,20,18,19,19,20,21,20,20,18,18,18,19,18,18,21,19,20,20,21,17,17,18,17,17,19,20,18,17,19,18,20,20,18,19,19,18,19,20,20,20,19,19,17,19,21,19,17,21,18,19,18,20,21,19,22,19,21,18,18,18,22,19,19,19,20,21,19,17,18,20,18,20,17,21,19,20,17,19,20,16,19,19,21,19,18,18,18,17,20,17,17,21,19,16,18,18,20,17,21,18,19,19,17,19,18,18,19,19,20,20,19,19,20,19,22,20,20,21,20,17,17,22,21,16,24,17,14,20,19,18,19,21,20,21,21,17,17,20,22,16,18,18,21,19,22,20,19,17,20,19,22,20,19,20,21,21,19,19,23,19,18,0,22,19,20,17,20,21,20,21,21,16,17,21,20,20,19,16,22,17,22,16,19,16,17,21,24,18,16,15,17,21,14,17,19,21,20,20,19,18,20,19,20,18,17,17,18,21,17,17,18,18,19,20,19,18,17,21,16,21,17,19,20,16,15,19,20,18,21,16,21,19,19,20,18,18,22,19,19,18,20,21,16,16,21,21,20,18,20,20,22,22,21,23,19,24,20,18,23,19,20,20,15,17,20,18,20,21,18,21,18,19,17,17,19,21,20,21,21,21,18,21,24,22,18,20,15,20,18,18,19,18,19,20,22,22,21,19,19,21,18,18,16,16,17,16,21,20,22,20,18,19,22,22,20,23,16,21,22,17,20,18,19,21,20,23,20,18,17,20,17,20,20,19,20,21,22,19,20,19,17,15,22,20,20,18,19,23,22,18,18,17,15,17,20,18,23,17,19,19,20,20,20,17,18,17,22,19,19,19,20,22,19,20,17,19,19,19,17,20,17,20,19,16
PART,2,2,2,3,3,3,3,3,2,4,3,3,3,4,4,4,4,5,4,3,2,4,2,3,4,4,2,6,3,4,4,3,3,4,4,4,4,3,5,3,4,4,2,2,4,5,4,3,6,3,5,5,4,5,5,3,4,4,3,4,4,5,5,4,3,4,4,5,4,3,4,4,4,5,5,4,3,4,4,4,4,4,3,4,4,3,5,4,4,5,5,5,4,5,5,3,4,4,5,3,6,4,6,4,5,5,4,3,4,4,4,5,5,5,3,3,5,5,5,4,3,4,4,5,5,4,5,3,6,4,6,2,5,5,5,4,7,5,5,4,4,6,4,5,3,5,4,5,3,4,6,5,5,5,3,10,4,4,5,4,5,5,3,5,8,6,8,4,7,5,6,5,7,7,5,4,4,5,5,4,4,5,3,4,5,4,8,6,5,4,5,5,4,7,6,8,7,8,6,9,6,5,3,6,1,3,5,5,4,12,6,6,8,5,3,4,4,5,5,6,5,4,4,3,4,5,3,5,5,17,17,6,22,0,3,4,5,4,5,8,3,7,6,7,7,4,4,5,6,4,5,4,6,5,8,5,7,10,8,8,9,7,5,10,9,3,3,4,4,3,4,4,5,4,4,5,5,4,7,5,5,6,8,7,6,7,6,7,3,6,3,5,5,4,6,7,5,6,4,1,6,7,5,7,4,4,8,6,7,5,6,2,5,6,6,7,7,6,8,4,4,6,4,3,3,3,6,6,6,5,5,4,6,7,5,8,4,6,5,6,7,8,5,5,7,5,5,4,9,7,7,6,7,6,6,6,6,7,8,4,6,5,6,3,6,2,6,3,5,5,3,8,6,6,6,7,8,5,6,6,4,8,5,6,8,6,7,6,3,4,7,6,6,7,7,4,5,6,6,5,8,5,8,6,5,4,3,6,5,6,3,5,7,2,4,4,4,5,3,2,6,6,7,7,7,6,6,7,5,5,5,4,4,4,5,4,5,4,5,5,5,4,4,5,4,5,3,5,5,5,4,5,6,5,6
PART + VERB + DET + NOUN,3,3,5,4,4,4,4,6,5,5,2,4,4,5,5,5,5,4,5,4,5,3,5,4,5,3,5,5,4,5,3,4,4,3,3,5,3,4,6,2,5,5,5,5,5,6,5,4,5,6,6,6,5,6,4,4,5,7,4,3,7,6,4,3,4,5,5,6,5,6,5,7,5,6,6,5,4,5,5,5,5,1,4,5,3,6,4,5,5,4,6,6,3,6,4,6,7,5,6,4,7,5,7,5,6,6,5,4,3,5,5,6,6,4,4,6,4,2,6,3,6,5,5,6,4,5,4,4,3,5,5,5,4,4,6,5,8,6,4,5,5,7,5,6,4,6,5,6,4,5,7,6,6,8,6,7,5,5,4,5,6,4,4,6,7,3,5,5,4,6,3,6,8,4,6,5,5,2,6,5,5,6,4,5,4,5,7,7,6,5,6,8,5,6,5,9,4,5,7,8,5,6,4,7,4,4,6,2,5,13,5,7,7,8,6,7,5,6,6,5,4,5,5,4,5,8,6,2,4,16,16,5,19,3,0,7,4,5,8,5,4,8,5,4,8,7,7,6,5,7,4,7,5,6,7,4,8,11,5,5,6,4,6,7,8,4,6,5,5,6,3,5,6,5,5,4,6,5,6,6,4,7,9,4,7,6,7,6,6,7,6,6,6,5,7,6,6,7,7,2,5,8,4,8,7,5,7,9,6,6,7,3,4,5,3,4,6,5,5,5,5,7,5,6,4,4,9,5,5,8,6,5,7,6,4,7,5,5,6,5,6,7,6,4,6,4,8,7,8,8,8,9,8,7,7,5,5,6,7,3,5,6,7,4,3,5,7,4,4,4,4,9,5,3,5,6,7,6,5,7,7,7,6,7,9,5,8,5,4,7,8,5,5,8,4,5,6,7,7,2,5,4,9,5,6,5,6,9,6,5,4,6,6,5,5,5,5,6,6,5,7,5,6,6,6,7,5,6,6,4,6,5,3,5,6,5,4,5,6,4,4,5,5,8,5,6,4,6,4,4,5,4,7,2,3
X + ADP + PROPN,4,4,2,5,5,5,3,3,4,6,5,5,3,6,6,6,6,5,6,5,4,6,4,5,4,6,4,6,5,4,6,5,3,6,6,6,4,5,7,5,4,6,4,2,6,7,4,5,6,5,7,5,4,5,5,3,4,4,5,4,4,7,5,6,5,6,6,7,4,5,4,4,4,5,7,4,3,6,4,2,6,6,5,4,4,5,7,6,6,7,5,5,6,7,5,3,2,4,5,5,6,6,8,4,7,7,4,3,6,6,6,7,5,5,3,5,7,5,7,6,1,4,6,7,5,6,7,5,6,4,4,2,7,7,7,6,7,7,3,4,4,8,6,5,5,5,4,5,5,6,6,5,5,5,3,10,4,6,5,6,5,5,7,7,8,6,8,6,7,7,6,7,9,7,7,4,2,7,7,6,4,7,5,8,7,6,6,6,7,6,5,5,6,9,6,12,7,8,8,9,8,5,5,4,5,5,5,7,4,14,6,6,8,5,3,6,6,7,5,8,7,6,6,7,8,3,1,7,7,19,17,8,20,4,7,0,7,6,7,10,5,5,6,7,7,4,4,7,8,8,5,4,6,7,8,5,9,12,8,8,9,7,9,10,9,7,3,6,6,3,6,4,5,6,6,5,7,4,9,7,7,6,8,9,8,9,6,7,5,6,5,5,7,6,8,7,5,4,4,5,6,9,7,9,4,4,8,6,9,5,6,4,9,6,6,9,9,8,10,6,6,6,6,5,7,7,6,8,8,7,7,6,6,7,5,8,4,8,7,6,9,8,9,5,9,5,5,4,11,9,9,6,7,8,8,6,8,7,8,6,6,7,8,5,8,6,8,7,7,7,5,10,6,6,8,7,10,5,6,8,6,8,7,8,8,8,11,8,7,6,7,8,6,7,7,6,9,8,8,5,10,5,8,8,7,6,3,6,5,10,3,3,7,4,6,6,4,7,5,4,6,6,7,7,5,8,8,11,5,7,5,6,6,4,7,4,5,6,7,5,7,6,8,3,4,5,5,5,7,7,6,7,8,7,8
VERB + NOUN + VERB + NOUN,3,3,5,4,2,2,4,6,5,3,2,4,4,5,3,3,3,4,3,2,5,3,5,4,3,3,5,3,4,5,1,4,4,1,1,3,3,4,4,4,5,3,5,5,3,4,7,4,5,6,4,6,5,4,2,4,3,7,4,5,7,4,2,5,4,3,3,4,3,6,5,7,5,4,4,5,4,3,5,5,3,3,4,5,3,6,2,3,5,6,4,4,3,4,4,6,7,3,4,6,5,3,5,5,4,4,3,4,3,3,3,4,4,6,4,6,6,4,4,3,6,5,5,6,4,5,4,4,3,3,5,5,2,4,4,3,6,4,4,5,5,5,5,4,4,6,5,4,4,5,5,6,6,8,6,7,5,3,2,3,6,4,4,6,7,5,5,5,4,4,5,6,6,4,4,5,5,2,4,7,5,6,4,7,4,5,7,7,6,5,4,8,5,6,3,9,4,7,7,8,5,6,4,7,6,4,4,4,5,11,3,5,5,8,6,7,3,4,4,3,4,5,5,4,5,8,6,4,2,14,14,5,17,5,4,7,0,5,8,7,4,8,3,4,6,7,7,4,3,7,4,7,5,4,7,6,10,9,5,5,8,4,4,7,8,4,6,5,3,6,3,5,4,5,3,4,4,3,4,4,2,5,7,6,5,4,5,4,6,5,6,6,4,3,5,6,6,7,7,4,3,6,4,6,7,5,7,9,6,4,5,5,6,5,5,6,8,5,7,5,3,7,5,6,6,6,9,5,5,8,6,7,9,4,4,7,5,5,6,5,8,7,6,6,6,6,8,7,8,8,8,9,6,7,5,5,5,4,5,3,3,6,7,4,5,7,7,4,6,4,4,7,5,3,5,4,7,6,7,5,7,9,6,5,11,5,8,5,4,7,6,5,7,6,6,5,6,5,7,4,7,4,7,5,4,5,6,9,4,3,4,6,6,5,3,3,3,4,6,5,5,5,6,6,6,7,3,6,4,2,6,5,3,5,4,5,6,5,4,2,2,5,7,8,5,4,4,4,2,2,5,2,5,4,3
PRON + ADJ + NOUN,2,4,4,1,3,3,3,5,2,4,3,3,5,2,2,2,4,3,4,5,2,2,4,5,4,4,4,4,3,4,4,3,3,4,4,4,4,3,5,3,2,6,4,4,4,5,4,3,4,5,3,5,4,5,5,5,4,6,3,4,6,5,5,2,5,4,4,3,4,5,2,6,6,5,3,6,3,4,2,6,2,4,5,4,4,3,5,4,4,3,3,3,2,3,3,3,6,6,5,3,4,4,4,4,5,3,4,5,4,6,4,3,7,3,3,3,3,5,5,4,5,4,2,3,3,4,1,3,6,4,6,4,5,5,5,4,5,5,5,4,4,4,2,5,5,7,6,5,3,4,6,5,3,5,5,8,6,4,5,4,5,5,5,3,8,4,8,6,5,5,6,3,7,7,3,4,4,5,5,4,4,5,3,4,5,4,6,8,3,4,3,5,4,5,4,10,5,6,8,7,4,5,5,6,3,3,5,3,4,10,6,6,8,7,3,2,4,3,5,4,5,6,4,3,4,7,5,3,5,17,13,2,20,4,5,6,5,0,5,8,5,7,6,5,5,2,4,5,4,6,5,4,4,5,6,3,7,8,6,6,7,7,7,6,7,5,3,2,4,3,4,4,7,4,4,5,5,4,7,3,3,6,8,7,4,5,6,7,3,6,3,3,3,4,6,7,7,4,4,5,6,9,5,5,4,4,6,6,7,5,6,4,5,4,4,5,5,4,8,4,4,6,4,5,5,5,4,6,4,3,7,4,4,5,3,6,2,2,5,4,5,6,5,3,5,3,5,4,9,7,5,6,7,6,6,6,6,5,6,2,6,7,6,1,4,2,6,5,5,5,3,8,6,6,4,7,8,5,4,4,4,6,7,4,8,6,7,8,5,4,5,6,4,5,5,4,5,6,8,5,8,5,8,4,3,4,5,4,5,8,3,7,7,4,4,4,4,5,5,4,4,6,7,7,7,6,4,7,3,3,5,4,4,4,5,4,5,6,5,5,5,4,6,7,6,5,5,3,5,5,4,5,4,3,4
ADJ + SCONJ + ADJ + SCONJ,5,5,5,4,6,6,6,6,3,7,6,6,6,3,5,5,7,6,7,6,5,5,5,6,7,7,5,7,6,7,7,6,6,7,7,7,7,4,8,6,5,7,5,5,7,8,5,6,7,6,4,8,7,8,8,6,7,7,4,7,7,8,8,5,6,7,7,6,7,6,5,7,7,8,6,7,6,5,5,7,5,7,6,7,7,4,8,7,3,8,6,6,5,6,6,4,7,7,8,6,7,7,5,5,8,6,7,6,7,7,7,4,8,6,6,2,6,8,8,7,6,5,5,4,6,7,6,6,9,7,9,5,8,8,8,7,6,8,8,7,7,7,3,8,6,8,7,8,4,7,9,6,6,6,6,13,7,7,8,7,6,8,8,4,11,9,11,9,10,8,9,8,10,10,6,5,7,8,8,5,7,8,6,7,8,7,11,11,6,7,6,8,7,10,9,11,8,9,11,10,7,6,6,9,6,6,8,6,7,13,9,9,11,8,4,5,5,6,8,9,8,7,7,6,7,8,6,8,8,18,16,7,21,5,8,7,8,5,0,13,6,10,9,10,8,5,5,6,9,9,8,7,7,8,11,6,10,9,9,9,8,10,10,9,10,8,4,5,7,4,7,5,8,7,7,8,8,7,10,6,6,9,11,10,7,6,9,10,6,9,4,6,4,7,9,10,8,5,5,6,9,10,8,6,3,7,11,9,8,8,9,7,10,7,7,10,6,9,13,7,7,9,7,2,8,6,7,9,7,6,10,7,7,10,8,11,5,7,8,9,8,11,6,6,6,6,6,7,10,10,10,7,10,9,9,9,9,8,11,7,9,8,9,6,7,5,9,8,6,8,6,11,9,9,7,10,11,8,9,9,7,11,10,9,11,9,12,11,6,5,8,11,7,8,8,7,10,7,11,8,13,8,11,9,6,5,6,7,8,11,6,8,10,5,7,7,7,8,6,5,7,9,10,10,10,7,9,12,6,6,8,5,7,7,8,5,6,7,8,8,8,3,7,8,7,8,6,6,8,8,5,8,7,8,7
PRON + VERB + PART + VERB + DET + NOUN + ADP + VERB + ADV,8,8,10,9,7,9,9,11,10,10,7,7,9,10,10,8,8,9,10,7,8,8,8,7,10,8,10,10,9,10,6,9,9,8,8,6,8,9,9,7,10,8,10,8,8,11,10,7,10,11,11,11,10,9,9,7,8,12,9,8,12,9,7,8,9,8,8,11,8,9,10,12,10,11,9,8,9,8,10,8,10,6,9,8,8,9,7,8,10,7,9,9,8,11,9,9,10,8,9,9,12,6,12,10,11,11,10,9,6,6,8,9,9,9,7,11,9,7,9,6,9,8,10,11,9,6,7,9,8,8,10,10,7,7,7,8,13,9,9,8,8,12,10,9,9,11,10,9,9,8,10,11,11,13,11,8,10,10,7,8,9,9,7,11,10,8,10,8,5,9,8,9,9,9,11,10,10,7,9,10,6,11,9,10,7,8,8,12,11,8,9,9,8,9,10,10,9,10,10,7,8,11,9,10,9,9,11,7,10,16,8,12,10,13,11,10,8,11,9,6,7,8,10,9,8,13,11,7,7,19,17,10,20,8,5,10,7,8,13,0,9,9,8,7,9,10,10,9,10,8,9,10,10,9,10,7,13,14,10,10,9,5,7,10,13,9,11,8,8,9,8,10,9,10,10,9,11,8,7,11,9,12,10,9,12,11,12,7,9,10,11,11,11,10,12,11,11,10,12,7,8,11,9,11,12,10,8,10,9,9,10,8,9,8,8,7,9,6,6,10,8,8,8,11,7,9,10,8,6,11,9,10,10,9,9,8,10,8,9,10,11,8,11,9,9,9,11,10,9,9,11,10,9,8,8,8,8,9,10,8,10,11,10,7,6,8,8,7,9,7,9,14,8,8,10,9,12,7,6,6,10,8,5,8,10,8,9,8,7,12,11,6,10,13,9,8,7,8,8,7,8,9,12,8,11,8,11,10,9,8,9,9,11,10,10,8,8,9,11,10,10,8,7,9,9,10,10,7,9,9,11,8,8,10,9,10,9,8,9,9,9,10,10,11,10,7,7,11,9,7,10,7,8,5,8
CCONJ + VERB,3,1,3,4,2,4,4,4,3,3,2,2,2,5,5,3,3,4,5,2,3,3,3,2,5,3,3,5,4,5,3,4,4,3,3,3,3,2,4,4,5,1,3,3,5,4,5,4,5,4,6,4,5,6,4,2,3,3,2,5,5,2,4,5,2,1,3,6,5,4,5,5,3,4,4,3,4,3,5,3,5,3,2,3,3,4,4,3,3,6,6,6,3,6,4,4,5,3,4,6,7,3,7,5,4,4,5,2,3,3,3,4,2,6,4,4,6,4,4,3,4,3,5,6,4,3,4,4,5,3,5,3,2,4,4,3,8,2,4,5,5,5,5,4,2,2,3,4,4,3,5,2,4,4,4,9,3,5,4,3,6,4,4,6,9,5,7,5,6,4,5,6,8,6,4,5,5,4,4,5,5,8,4,7,4,3,9,9,4,5,6,6,3,6,5,9,6,7,9,8,5,4,2,5,4,4,6,4,5,9,5,7,5,6,4,5,3,6,6,5,6,3,5,6,5,6,4,4,2,18,14,7,21,3,4,5,4,5,6,9,0,6,5,6,6,5,5,4,5,5,6,5,7,4,7,6,8,7,7,7,8,6,6,9,8,6,4,5,3,4,5,5,4,3,5,4,6,3,6,6,4,5,5,8,5,6,5,6,4,7,4,6,6,5,7,8,4,7,5,2,5,6,4,6,5,5,7,7,6,6,5,5,4,5,5,6,8,5,9,5,3,5,3,4,4,4,7,5,5,6,6,7,7,6,4,7,5,5,6,5,8,7,8,6,6,6,6,5,8,8,10,7,8,5,5,5,5,6,7,3,5,8,9,4,5,5,5,4,6,4,4,7,5,5,7,6,9,4,7,5,5,9,6,5,9,5,8,7,4,3,8,7,7,8,6,3,6,5,5,4,9,4,7,7,4,3,4,7,4,5,4,4,8,3,5,5,5,2,4,1,7,7,8,8,8,5,5,8,4,4,6,3,3,5,4,3,6,3,4,4,4,3,5,6,1,4,2,6,4,4,1,4,5,4,5
PRON + AUX + VERB + ADP + PROPN + PROPN,7,5,5,8,6,8,6,4,7,9,6,4,6,9,9,7,7,6,9,6,5,7,7,6,7,7,7,7,8,5,7,8,6,7,7,7,5,6,8,8,7,7,7,5,9,10,7,8,7,8,10,6,7,8,6,4,7,5,6,7,9,8,6,9,6,7,7,10,7,8,7,5,5,8,8,7,8,7,7,3,9,7,6,5,7,8,8,7,7,6,8,8,7,10,8,6,3,7,8,8,9,5,11,7,10,10,7,4,7,7,5,8,6,8,6,8,10,8,6,7,4,5,9,10,8,5,6,8,7,5,3,7,8,8,8,7,10,8,4,7,7,11,9,8,6,6,7,6,8,5,9,8,8,6,6,7,5,9,6,7,8,6,8,10,9,7,9,7,6,6,7,6,8,8,10,7,5,8,6,9,7,10,6,11,6,5,5,9,10,9,8,6,3,6,7,9,10,9,11,12,7,8,6,5,6,8,8,8,7,13,7,7,9,6,6,5,7,10,8,7,10,7,9,10,9,6,6,8,8,20,16,9,21,7,8,5,8,7,10,9,6,0,9,8,8,7,7,8,9,7,8,3,9,8,11,8,10,13,9,9,10,8,10,11,12,10,6,9,7,6,9,9,4,9,9,6,10,7,10,10,8,9,11,10,11,10,9,8,4,9,8,6,10,9,11,10,4,7,5,6,7,10,8,10,7,7,5,7,10,8,9,7,8,7,7,8,10,7,7,7,5,5,5,8,4,8,5,9,9,6,6,7,7,8,6,5,7,7,10,7,10,9,12,8,8,8,8,7,10,10,8,5,8,5,7,7,7,8,7,7,7,10,11,6,7,7,5,6,8,8,8,13,7,9,11,6,11,2,5,7,5,7,6,5,5,7,8,9,8,7,10,7,9,10,10,5,6,7,9,6,7,8,7,7,10,7,6,7,6,11,6,4,8,7,9,9,7,8,8,7,9,9,10,10,8,7,7,8,8,8,6,7,7,7,8,7,8,7,8,6,8,7,7,6,7,8,6,8,8,8,7,8,9,6,9
NOUN + ADP + NOUN + VERB + NOUN,4,4,6,5,3,3,5,7,6,4,3,5,5,6,4,4,2,5,2,5,6,4,6,5,4,4,6,4,5,6,4,5,3,4,2,4,4,5,3,5,6,6,6,4,4,3,6,5,6,7,5,7,4,3,3,5,4,8,5,4,8,5,3,6,5,4,4,3,2,7,4,8,6,5,3,6,5,4,6,6,4,4,5,6,4,7,3,4,6,7,3,3,4,3,5,5,6,6,3,7,4,6,6,6,3,5,4,5,4,6,4,5,7,5,3,7,7,5,5,4,5,6,6,7,3,6,5,5,4,4,6,6,5,5,3,4,7,3,5,4,6,4,6,3,5,7,6,5,5,6,4,7,7,9,7,6,6,4,5,4,5,5,5,7,6,6,8,6,5,7,6,7,7,5,5,6,4,3,3,8,4,5,5,8,5,6,6,6,7,6,3,7,6,7,4,10,5,8,6,5,6,7,5,8,7,5,3,5,4,10,2,6,6,9,7,8,6,5,3,6,5,6,6,5,4,9,7,5,5,15,11,6,16,6,5,6,3,6,9,8,5,9,0,7,9,8,8,5,2,8,3,8,4,3,4,5,11,8,4,6,9,5,7,8,5,3,7,6,4,5,4,6,7,6,4,5,3,4,7,3,5,4,6,7,6,3,4,5,7,4,7,7,5,4,4,3,7,6,8,5,4,9,5,7,8,4,6,10,5,3,2,6,7,6,6,7,9,6,8,6,6,8,6,7,7,7,10,6,6,9,7,8,8,5,5,8,4,6,7,6,9,4,7,7,7,5,7,8,9,7,9,8,7,8,6,6,6,5,6,4,6,5,6,5,6,8,8,7,7,5,5,6,6,6,4,5,8,7,6,6,8,8,9,6,12,6,9,6,7,8,5,6,6,5,5,6,7,8,10,5,8,5,8,6,5,6,7,10,5,6,5,7,5,6,4,4,4,3,7,6,2,4,5,3,5,8,4,9,5,3,7,6,4,6,5,6,5,6,3,3,3,6,8,7,6,1,5,5,5,3,6,5,6,5,6
PROPN + PRON + VERB + DET + NOUN + NOUN,5,5,5,6,6,4,4,6,7,5,4,4,4,7,5,7,5,6,5,6,5,5,7,6,3,5,7,7,6,5,5,6,6,3,5,7,5,6,6,4,5,7,7,7,5,6,7,6,5,8,6,6,7,6,6,6,5,7,6,5,9,8,4,5,6,7,7,6,5,8,7,7,5,4,6,5,6,7,5,7,5,3,6,7,3,8,6,7,7,4,6,6,5,6,4,8,7,5,6,6,7,5,7,7,6,6,5,6,5,7,7,8,6,6,6,8,6,2,8,5,6,7,7,8,6,5,4,6,5,7,7,7,6,6,6,7,8,6,6,7,5,7,7,4,6,6,5,6,6,5,5,6,6,8,6,7,7,5,6,7,8,6,8,8,7,5,3,7,4,6,5,6,6,6,6,5,5,4,6,7,7,8,6,9,6,5,5,9,8,7,6,8,5,6,7,11,4,5,7,8,5,6,6,9,6,6,4,4,7,13,5,5,7,8,6,7,7,6,4,5,4,7,7,6,7,8,6,4,6,16,16,5,17,7,4,7,4,5,10,7,6,8,7,0,6,5,7,8,7,7,6,7,7,6,7,6,8,11,5,5,6,4,8,7,8,6,6,7,7,8,3,7,6,7,5,6,6,5,8,6,4,5,9,6,7,8,5,6,6,7,8,6,6,5,7,6,6,9,7,6,5,10,6,10,7,5,5,7,6,6,7,5,8,7,5,4,8,5,5,7,5,7,5,8,6,8,9,7,7,8,10,7,7,6,6,7,7,5,8,7,8,7,6,4,8,6,10,5,10,10,6,9,8,7,9,7,7,6,5,5,5,6,7,4,3,7,7,6,6,6,6,9,7,1,7,6,7,6,5,7,7,7,8,7,11,7,8,5,8,9,8,7,7,8,6,5,8,7,9,4,7,4,11,3,6,7,6,7,8,7,6,6,6,7,5,5,5,6,8,7,7,5,6,6,6,7,7,8,6,6,6,7,5,5,8,5,6,7,6,6,6,7,7,8,5,6,6,4,4,4,7,4,9,2,3
PROPN + PRON + VERB + PRON + VERB + ADJ,7,5,5,6,6,8,6,6,5,9,6,4,4,7,7,7,7,6,9,4,5,5,7,6,7,7,7,7,8,7,5,8,8,7,7,7,7,4,8,8,5,5,7,7,9,10,7,8,5,8,8,8,9,10,8,6,5,7,6,9,9,6,8,7,6,7,7,8,9,8,7,7,5,8,8,5,8,5,7,7,7,7,6,5,5,6,6,5,7,8,8,8,7,8,4,6,7,3,8,6,9,3,9,5,10,8,7,6,7,5,7,8,6,8,8,6,8,6,8,7,6,5,7,8,6,5,4,8,9,7,9,7,6,8,8,7,10,8,8,7,7,9,7,6,6,6,5,6,6,3,7,6,6,8,6,11,7,9,6,7,8,8,6,8,13,7,9,5,6,4,9,6,10,10,8,5,7,8,8,7,9,10,6,9,8,5,11,11,8,9,8,6,5,6,7,9,6,7,11,12,5,4,6,7,6,8,8,6,9,15,9,9,11,8,4,5,5,8,8,5,10,7,9,8,9,8,6,6,6,18,16,7,21,7,8,7,6,5,8,9,6,8,9,6,0,3,5,6,7,5,10,7,9,6,11,8,10,13,11,7,8,8,8,9,12,10,6,7,7,6,9,7,6,9,9,8,10,5,8,8,6,9,7,8,9,8,9,8,6,11,6,6,8,9,11,12,6,9,5,6,9,8,8,10,7,7,9,7,8,10,11,7,8,9,7,6,10,7,9,7,3,5,5,8,6,6,7,9,9,6,8,7,7,8,6,7,7,3,10,7,10,9,10,6,10,8,8,5,8,6,10,7,12,7,9,9,9,8,9,5,9,10,11,6,7,5,5,4,8,8,8,13,9,7,9,10,9,6,9,7,5,9,6,7,9,9,8,7,4,7,10,7,9,10,10,3,6,3,7,8,11,6,11,9,8,5,6,5,8,9,6,6,10,7,9,9,9,8,8,7,9,11,12,12,10,5,7,8,6,6,8,7,7,7,6,5,8,7,8,8,8,5,7,8,5,8,6,8,8,8,7,6,7,6,7
PROPN + PRON + ADJ,4,4,2,3,5,5,3,3,2,6,5,3,3,4,4,4,6,5,6,5,2,4,4,5,4,6,4,6,5,4,6,5,5,6,6,6,6,3,7,5,2,6,4,4,6,7,4,5,4,5,5,5,6,7,7,5,4,4,3,6,6,7,7,4,5,6,6,5,6,5,4,4,4,5,5,4,5,4,4,4,4,6,5,4,4,3,7,6,4,5,5,5,4,5,3,3,4,4,7,3,6,4,6,2,7,5,4,3,6,6,6,5,5,5,5,3,5,5,7,6,3,4,4,5,5,4,3,5,8,6,6,4,7,7,7,6,7,7,5,4,4,6,4,5,5,5,4,5,3,4,6,3,3,5,3,10,4,6,7,6,5,7,7,5,10,6,8,6,7,5,8,5,9,9,5,2,4,7,7,4,6,7,3,6,7,4,8,8,5,6,5,5,4,7,6,10,5,6,8,9,6,3,5,6,3,5,5,5,6,12,8,6,10,5,1,2,4,5,5,6,7,6,6,5,6,5,3,5,7,19,15,4,20,4,7,4,7,2,5,10,5,7,8,5,3,0,2,7,6,6,7,4,6,7,8,5,7,10,8,6,7,9,9,8,9,7,3,4,6,3,6,4,5,6,6,7,7,4,9,5,5,6,6,7,6,7,6,7,3,8,3,3,5,6,8,9,5,6,2,5,8,9,7,7,4,4,8,4,7,7,8,4,7,6,6,7,7,6,10,4,4,6,4,5,5,5,4,8,6,3,7,4,4,7,5,8,4,4,7,6,7,8,7,3,7,5,5,2,9,7,7,6,9,6,8,8,8,7,8,4,6,7,8,3,6,2,6,5,5,7,5,10,8,6,6,9,8,5,6,6,4,8,7,6,8,8,9,8,5,4,7,8,6,7,7,4,7,6,6,7,10,5,10,6,5,4,3,2,7,10,3,5,7,4,6,6,6,7,5,4,6,8,9,9,7,6,6,9,3,5,5,4,6,4,5,2,5,6,7,5,7,4,6,5,4,7,5,5,7,7,4,7,6,5,6
PROPN + ADV + ADJ,4,4,2,3,5,5,3,3,2,6,5,5,3,4,4,4,6,5,6,5,4,4,2,3,4,6,4,6,5,4,6,5,5,6,6,4,6,3,7,5,2,6,4,4,4,7,4,3,4,5,5,5,6,7,7,5,4,4,3,6,6,7,7,4,3,6,4,5,6,3,4,4,4,5,5,2,5,4,4,4,4,6,5,6,4,1,7,6,4,7,5,5,4,5,3,3,4,4,7,3,6,6,6,2,7,5,4,3,4,4,6,5,5,5,5,3,3,5,5,6,3,4,2,5,5,4,5,3,8,6,6,4,7,7,5,6,7,7,5,6,2,6,4,5,5,5,2,5,3,6,6,3,3,5,3,12,4,6,7,4,5,7,7,5,10,8,8,8,9,7,6,7,11,9,5,2,4,7,7,4,4,7,5,4,7,6,8,8,5,4,5,7,6,9,8,12,5,6,6,9,8,1,5,6,5,5,5,5,4,10,8,6,8,5,1,4,4,3,5,6,5,4,6,5,6,5,3,7,7,19,17,6,20,4,7,4,7,4,5,10,5,7,8,7,5,2,0,7,8,8,7,4,6,7,10,5,7,8,8,6,7,9,9,10,9,7,3,4,6,3,6,4,5,6,6,7,7,4,9,5,5,6,6,7,6,7,6,7,5,8,3,3,5,4,8,9,5,6,2,5,8,9,7,7,4,4,10,4,7,7,8,4,9,6,6,9,7,6,12,6,6,6,4,5,7,5,4,6,6,5,9,4,6,9,7,8,4,6,5,6,5,8,7,3,7,5,3,4,9,9,9,8,7,6,6,8,6,7,8,6,6,7,8,5,8,4,6,7,5,5,5,10,6,6,6,9,8,7,8,6,6,10,9,8,10,8,11,8,5,4,7,10,6,5,5,6,9,8,8,7,12,5,10,8,5,2,3,2,5,10,3,5,7,4,6,4,6,7,5,4,6,8,7,9,7,8,8,9,3,5,5,4,4,4,7,2,5,4,5,5,7,4,8,5,4,7,5,5,7,7,4,7,6,7,6
NOUN + VERB + SCONJ + VERB,3,3,5,4,2,4,4,6,5,5,4,4,4,5,5,3,3,6,5,2,5,5,5,4,5,5,5,5,4,5,3,4,4,5,3,3,5,4,4,4,5,3,5,5,5,6,7,4,7,6,6,6,5,6,4,4,3,7,4,5,7,2,6,5,4,3,3,6,5,6,5,7,5,6,4,5,4,3,5,5,5,5,4,5,5,6,2,1,5,6,6,6,5,6,6,6,7,3,4,6,7,3,7,5,6,6,5,4,5,3,3,4,4,6,4,6,6,6,4,3,6,5,5,6,6,5,6,4,5,3,7,5,4,4,4,3,8,4,6,5,5,7,5,4,4,6,5,4,4,5,5,6,6,8,6,9,5,5,4,3,6,6,2,6,9,7,9,5,6,4,7,6,8,8,6,5,5,4,4,7,5,8,4,7,4,5,9,9,6,5,6,8,5,8,5,5,6,9,9,8,5,6,4,7,6,4,6,6,5,11,7,7,9,8,6,7,3,6,6,5,6,5,5,6,5,8,6,6,4,16,16,7,19,5,6,7,4,5,6,9,4,8,5,8,6,7,7,0,5,7,6,7,7,2,9,6,10,9,7,7,10,6,4,11,10,6,6,5,3,6,5,5,4,5,5,6,6,3,4,6,6,7,7,8,7,6,7,6,6,7,6,6,6,5,7,8,6,7,7,4,7,6,6,6,5,5,7,9,6,6,7,5,8,5,7,8,8,7,11,5,3,7,5,4,6,6,9,5,5,8,6,7,9,6,6,9,5,7,6,7,8,7,8,6,6,6,8,7,6,6,10,7,8,7,5,5,5,8,9,5,7,8,9,4,5,7,7,4,6,4,4,9,5,7,7,6,9,6,7,5,7,9,6,5,11,5,6,7,4,7,8,5,7,8,8,5,4,5,7,6,9,6,7,7,6,5,6,9,4,7,4,6,8,5,5,5,5,4,6,5,7,7,8,8,8,5,5,8,4,4,6,5,5,5,4,5,6,5,4,4,4,5,5,8,5,4,4,6,6,4,5,4,3,6,7
NOUN + NOUN + VERB + PRON + NOUN,4,4,6,5,3,3,5,7,6,4,3,5,5,6,4,4,2,5,2,5,4,4,6,5,4,4,6,4,5,6,4,5,5,4,2,4,4,5,3,5,6,6,6,6,4,3,8,5,6,7,5,7,6,3,3,5,4,8,5,6,8,5,5,6,5,4,4,3,4,7,6,8,6,5,3,6,5,4,6,6,4,4,5,4,4,7,3,4,6,5,5,5,4,3,5,7,8,6,3,7,4,6,6,6,3,5,4,5,4,6,4,5,7,7,5,7,7,5,5,4,7,6,6,7,5,6,5,5,4,4,6,6,5,5,3,4,7,3,5,4,6,4,6,3,5,7,6,5,5,6,4,7,7,9,7,8,6,4,5,4,7,5,5,7,6,4,8,6,7,5,6,5,7,7,5,6,6,3,3,8,6,7,3,8,5,6,8,8,7,6,5,7,6,7,2,10,5,8,6,7,4,7,5,6,5,5,3,5,6,10,4,6,8,9,7,6,6,5,5,6,5,6,6,5,4,9,7,3,5,15,13,6,16,6,5,8,3,4,9,10,5,9,2,7,7,6,8,5,0,6,5,6,6,3,4,7,9,8,6,6,9,7,7,8,7,3,7,6,4,7,4,6,7,6,4,5,3,4,7,3,5,4,4,7,6,3,4,5,5,4,7,7,5,4,4,5,7,8,8,5,4,9,5,7,8,6,6,8,5,5,4,6,5,6,6,5,9,6,8,4,4,8,6,7,7,5,8,6,6,7,5,8,8,3,3,6,6,4,7,4,9,6,7,7,7,7,9,6,9,9,9,8,7,8,6,6,6,7,8,2,6,5,8,3,6,6,8,5,7,5,5,6,6,6,4,5,6,7,6,6,6,8,7,6,10,6,9,6,7,8,5,6,8,7,7,4,7,6,8,5,8,5,8,6,5,6,7,8,5,6,5,7,7,6,4,4,4,3,7,6,4,6,7,5,7,6,2,9,5,3,7,6,4,6,3,6,7,6,3,3,3,6,8,9,6,3,5,5,5,3,6,5,6,5,6
PRON + VERB + PART + AUX + PRON,6,4,6,7,5,7,7,7,6,8,5,3,5,8,8,6,6,7,8,5,4,6,6,5,8,6,6,8,7,8,6,7,7,6,6,6,6,5,7,7,8,6,6,6,8,9,8,7,8,7,9,9,8,9,7,5,6,8,5,8,8,7,7,8,5,6,6,9,8,7,8,8,6,9,7,6,7,6,8,6,8,6,5,4,6,7,7,6,6,5,9,9,6,9,7,7,8,6,7,7,10,4,10,8,9,9,8,5,6,6,6,7,7,9,7,7,9,7,7,6,7,6,8,9,7,4,5,7,8,6,8,6,7,7,7,6,9,7,7,6,8,10,8,7,3,7,6,7,7,4,8,7,9,9,7,10,6,8,7,6,9,7,5,9,10,6,10,6,7,5,8,3,7,9,9,8,8,7,7,8,8,9,5,8,7,4,8,10,9,8,9,5,4,5,6,8,9,10,8,11,4,7,5,6,3,7,9,7,8,14,8,10,10,9,7,4,6,9,9,6,9,6,8,7,8,9,7,5,7,19,17,8,22,4,7,8,7,6,9,8,5,7,8,7,5,6,8,7,6,0,9,4,10,7,10,9,9,12,10,10,11,9,7,10,13,7,7,8,6,7,8,8,7,8,8,7,9,6,9,9,7,10,8,11,10,9,10,9,3,10,7,9,9,8,10,11,7,10,8,5,8,9,7,9,8,8,8,6,9,9,10,6,7,8,8,5,9,6,8,6,4,6,4,7,5,5,6,8,8,5,7,8,6,7,5,6,8,4,9,6,9,8,9,9,9,9,7,6,9,7,9,4,9,6,8,8,8,9,8,4,8,9,10,5,6,4,4,5,7,7,7,12,8,8,10,9,10,5,6,6,2,6,3,6,8,8,7,10,5,6,11,6,10,11,9,2,5,4,6,7,10,7,10,6,9,6,7,6,7,8,7,7,11,6,8,8,8,7,7,6,10,10,11,11,11,4,6,7,7,7,9,6,6,8,5,6,9,6,7,7,7,6,6,9,6,7,5,9,7,7,6,7,8,5,8
NOUN + ADP + DET + NOUN,3,5,5,4,4,2,4,6,5,3,4,6,6,5,3,5,3,4,3,6,5,5,5,6,3,5,5,3,4,5,5,4,2,3,3,5,3,6,4,2,5,7,5,3,3,4,3,4,5,6,4,6,3,2,2,4,5,7,6,1,7,6,2,3,6,5,5,4,1,6,3,7,7,4,4,7,4,5,5,5,3,3,6,5,5,6,4,5,7,4,2,2,5,4,6,4,5,7,4,6,5,7,5,5,4,4,3,6,5,7,5,6,8,2,2,6,4,4,6,3,4,5,5,6,4,7,6,4,1,3,5,5,6,4,4,5,6,4,4,3,5,5,5,4,6,8,7,6,4,7,5,8,6,8,6,5,7,3,4,5,2,4,6,6,3,3,7,7,4,8,3,6,8,2,4,5,3,2,4,5,3,4,4,7,4,7,5,5,6,5,2,6,7,8,3,9,4,5,7,6,7,8,6,7,6,4,4,4,3,11,3,5,5,8,6,7,7,4,2,7,4,7,5,4,5,8,6,4,6,16,12,5,17,5,4,5,4,5,8,9,6,8,3,6,10,7,7,6,5,9,0,7,1,4,5,4,10,9,3,3,6,4,8,7,4,4,6,5,5,4,3,5,8,5,3,4,4,5,8,4,4,5,7,6,5,6,5,6,6,3,6,6,4,3,5,2,8,5,7,6,3,10,6,8,7,3,7,9,6,2,3,5,8,5,3,6,6,7,7,5,7,7,7,6,8,8,9,5,5,8,6,7,5,4,4,7,3,7,6,5,6,5,6,4,6,2,6,7,8,8,8,7,6,9,7,5,5,4,7,5,5,6,5,4,5,7,9,8,4,4,4,7,5,5,3,4,9,6,5,7,7,5,8,7,11,5,8,7,8,7,4,5,3,6,4,7,8,9,9,2,5,6,7,5,4,7,6,9,4,7,4,6,2,5,3,3,3,4,6,5,3,3,2,2,2,9,5,10,6,4,6,7,5,5,6,7,2,7,4,4,4,7,9,6,7,2,4,4,4,4,7,4,7,4,5
PRON + AUX + PROPN,4,4,2,5,5,5,3,3,4,6,5,3,3,6,6,6,6,7,6,5,2,6,4,5,4,6,4,8,5,4,6,5,5,6,6,6,6,5,7,5,4,6,4,4,6,7,6,5,6,5,7,5,6,7,7,5,4,4,5,6,6,7,7,6,5,6,6,7,6,5,6,4,4,5,7,4,5,6,4,4,6,6,5,4,4,5,7,6,6,3,7,7,6,7,5,5,4,4,7,5,8,4,8,4,7,7,4,3,6,6,4,7,5,7,5,5,7,5,5,6,3,6,6,7,7,4,5,5,8,6,6,4,7,7,7,6,7,7,5,4,4,8,6,5,3,5,4,5,5,4,6,5,5,5,3,8,4,6,7,6,7,7,7,7,8,6,8,6,7,5,8,3,9,9,7,4,4,7,5,6,6,9,3,8,5,4,4,8,7,6,7,5,2,5,6,8,7,8,8,11,6,5,5,4,3,5,5,7,6,12,8,6,10,5,3,2,6,7,5,6,7,6,6,7,8,5,3,5,7,21,17,6,22,4,7,4,7,4,7,10,5,3,8,7,7,4,4,7,6,4,7,0,8,7,8,7,9,12,10,8,9,9,9,10,11,7,3,6,6,5,6,6,5,6,6,7,7,4,9,7,7,6,8,9,8,9,6,7,1,8,5,5,7,6,8,9,5,6,4,5,8,9,7,9,4,4,6,4,9,7,8,4,7,8,8,7,7,6,8,4,4,6,4,5,3,5,2,8,8,3,7,6,6,7,5,6,6,6,7,6,7,8,9,5,7,7,5,4,9,9,5,4,7,4,6,8,6,9,8,4,6,7,10,3,6,4,4,5,5,7,5,10,8,6,8,7,10,3,4,6,2,6,7,4,6,6,7,8,7,4,9,8,8,9,9,4,5,6,8,7,8,5,8,4,7,6,3,4,7,10,3,5,7,4,6,6,6,7,5,4,8,8,9,9,7,6,6,7,5,7,5,6,6,4,5,4,7,6,7,5,7,6,6,5,4,7,5,5,7,7,6,7,8,5,8
NOUN + ADP + DET + ADJ + NOUN,4,6,6,3,5,3,5,7,4,4,5,7,7,4,4,4,4,3,4,7,6,4,6,7,4,6,6,2,5,6,6,5,3,4,4,6,4,5,5,3,4,8,6,4,4,5,2,5,4,7,5,7,4,3,3,5,6,8,5,2,8,7,3,2,7,6,6,5,2,7,2,8,8,5,5,8,5,4,4,6,2,4,7,6,6,5,5,6,6,5,1,3,4,3,5,3,6,8,5,5,6,8,6,4,5,3,4,7,6,8,6,5,9,1,3,5,3,5,7,4,5,4,4,5,3,8,5,5,2,4,6,6,7,5,5,6,7,5,5,4,6,6,4,5,7,9,8,7,3,8,6,7,5,7,7,6,8,4,5,6,1,5,7,5,4,4,8,8,5,9,4,7,9,3,3,4,4,3,5,4,4,3,5,6,5,8,6,6,5,6,3,7,8,9,4,10,3,4,8,7,8,7,7,8,7,5,5,3,4,10,4,6,6,9,5,6,6,5,3,8,5,8,6,5,6,9,7,5,7,15,11,4,16,6,5,6,5,4,7,10,7,9,4,7,9,6,6,7,6,10,1,8,0,5,6,3,9,10,4,2,5,5,9,6,5,5,5,4,6,5,4,4,9,6,4,5,5,6,9,3,5,6,8,5,6,5,6,7,7,4,5,5,3,4,6,3,9,6,6,7,4,11,7,7,6,4,8,10,7,3,4,6,9,4,2,7,5,8,8,6,8,8,8,7,9,7,8,6,4,7,7,6,4,5,5,8,4,6,7,6,5,6,5,3,5,3,5,8,9,7,7,8,7,10,8,6,6,3,8,6,6,7,4,5,6,6,10,9,5,5,5,8,6,6,2,5,8,7,6,8,8,6,9,8,12,6,9,8,7,6,5,6,2,7,5,8,9,10,10,3,6,7,8,6,5,6,7,8,5,8,5,7,3,6,4,4,4,5,7,6,4,4,3,3,3,10,6,11,5,3,7,6,6,6,7,6,3,8,5,5,5,6,10,7,8,3,5,5,5,5,6,5,6,5,4
NOUN + NOUN + VERB + VERB,3,3,5,4,2,2,4,6,5,3,4,4,4,5,3,3,1,6,3,2,5,5,5,4,3,5,5,5,4,5,3,4,4,3,3,3,5,4,2,4,5,3,5,5,3,4,7,4,7,6,4,6,5,4,4,4,3,7,4,5,7,2,4,5,4,3,3,4,3,6,5,7,5,4,2,5,4,3,5,5,3,5,4,5,5,6,2,1,5,6,4,4,5,4,6,6,7,3,2,6,5,3,5,5,4,4,3,4,5,3,3,4,4,6,4,6,6,6,4,3,6,5,5,6,6,5,6,4,5,3,7,5,4,4,2,3,6,2,6,5,5,5,5,2,4,6,5,4,4,5,3,6,6,8,6,9,5,3,4,3,6,6,2,6,7,7,7,5,6,4,7,6,8,6,4,5,5,4,2,7,5,6,4,7,4,5,7,7,6,5,4,8,5,8,5,7,6,9,7,6,7,6,4,7,6,4,4,6,5,9,5,5,7,8,6,7,3,4,4,5,4,5,5,4,3,8,6,6,4,16,14,5,19,5,6,7,4,5,8,9,4,8,3,6,6,7,7,2,3,7,4,7,5,0,7,6,10,7,7,7,10,6,4,9,8,4,6,5,3,6,3,5,4,5,3,6,4,3,4,4,4,5,5,8,5,4,5,4,6,5,6,6,4,3,5,6,6,7,7,4,5,6,6,6,7,5,5,9,4,4,5,5,8,5,7,8,8,7,9,5,3,7,5,6,6,6,9,5,5,8,6,7,9,6,6,9,5,7,6,7,8,5,6,6,6,6,8,7,6,6,8,9,6,7,5,5,5,6,7,5,5,6,7,4,7,7,7,4,6,4,4,7,5,5,5,6,9,6,7,5,7,9,6,5,11,5,6,5,4,7,6,5,7,6,8,5,4,5,7,6,9,6,7,5,4,5,6,9,4,7,4,6,6,5,3,3,3,2,6,5,5,5,6,6,6,7,5,8,4,4,6,5,5,5,4,5,6,5,2,4,4,5,7,8,5,2,4,4,4,4,5,4,3,6,5
DET + NOUN + ADP + NOUN + CCONJ + PRON + NOUN,6,8,8,7,7,5,7,9,8,4,7,7,9,8,6,8,6,7,4,9,6,8,8,9,6,6,8,6,7,8,8,7,5,6,6,8,6,9,5,5,8,8,8,6,6,3,8,7,8,9,7,7,6,5,5,7,8,8,9,6,10,7,5,6,9,6,8,5,4,9,6,10,10,7,7,10,7,8,8,8,6,6,9,8,8,9,7,8,10,7,5,5,8,5,9,7,8,10,5,9,6,8,8,8,5,5,6,9,8,10,8,9,9,7,5,9,7,7,9,6,7,8,8,9,7,8,7,7,6,6,8,8,7,7,7,8,9,5,7,4,8,6,8,7,9,9,10,9,7,8,6,9,7,9,9,8,10,6,7,8,7,7,9,9,6,8,8,8,9,9,8,7,9,7,5,8,6,7,7,8,6,7,5,10,7,8,6,8,7,8,5,7,8,9,4,10,9,10,8,7,8,11,9,10,7,7,5,7,6,12,4,8,6,11,9,8,10,7,5,8,5,10,8,7,8,11,9,7,7,15,11,6,16,8,7,8,7,6,11,10,7,11,4,7,11,8,10,9,4,10,5,8,6,7,0,5,9,10,6,8,9,5,11,6,7,5,9,8,8,7,4,8,11,6,6,7,5,8,11,5,7,4,6,11,8,7,4,9,7,6,9,9,7,6,6,5,11,8,10,9,6,13,9,11,10,6,8,10,7,5,2,8,7,6,8,9,9,8,6,6,8,10,8,9,9,9,10,8,8,9,7,10,10,3,5,8,6,8,9,6,9,4,7,7,9,7,9,8,9,7,9,8,9,10,10,6,8,7,8,6,8,7,6,5,8,8,10,9,7,7,7,6,6,6,6,5,8,9,6,8,8,8,11,8,12,8,11,8,11,8,7,8,8,7,9,8,9,10,10,7,10,9,10,6,7,10,9,10,7,8,7,9,7,8,6,6,6,5,9,6,4,4,5,3,5,10,6,11,9,7,9,10,8,8,7,10,7,10,7,7,5,10,10,9,8,5,7,7,5,5,8,7,10,7,6
DET + ADJ + NOUN + ADP,3,5,5,2,4,4,4,6,3,5,4,6,6,3,3,3,5,4,5,6,5,3,5,6,5,5,5,5,4,5,5,4,4,5,5,5,5,4,6,2,3,7,5,3,5,6,3,4,5,6,4,6,5,4,4,4,5,7,4,3,7,6,4,1,6,5,5,4,3,6,3,7,7,6,4,7,4,5,3,5,3,3,6,5,5,4,6,5,5,4,4,2,3,4,4,4,5,7,6,4,5,7,5,5,6,4,5,6,5,7,5,4,8,2,2,4,2,4,6,3,4,5,3,4,4,7,4,4,5,3,7,5,6,4,6,5,6,6,6,3,5,5,3,6,6,8,7,6,4,7,7,6,4,6,6,7,7,5,6,5,4,6,6,4,5,5,7,7,6,8,5,6,10,6,4,5,5,4,6,3,3,6,4,5,4,7,5,7,4,5,4,6,7,8,5,9,4,5,9,4,7,6,6,7,6,4,6,2,5,11,5,7,5,8,4,5,5,4,4,7,4,7,5,4,5,8,6,4,6,14,14,3,17,5,4,5,6,3,6,7,6,8,5,6,8,5,5,6,7,9,4,7,3,6,5,0,8,9,5,5,4,4,8,5,6,6,4,3,5,2,3,5,8,5,5,6,6,5,8,4,4,7,9,6,5,6,7,8,6,5,4,4,4,5,7,6,8,3,5,6,5,10,6,6,5,5,5,9,6,4,5,5,8,1,3,6,4,7,7,5,7,7,7,6,8,6,7,5,3,6,6,5,5,4,6,9,3,5,6,7,4,5,4,2,4,4,6,7,8,6,6,7,6,9,7,3,5,6,9,5,7,8,5,4,5,5,9,8,4,4,4,9,3,5,3,4,7,6,3,7,7,5,8,7,9,5,8,9,6,5,4,7,3,6,6,7,8,9,9,4,9,6,7,5,4,5,6,7,4,9,4,6,6,5,5,5,3,6,6,5,3,3,4,4,4,9,7,10,4,4,6,5,5,5,6,5,4,7,6,6,6,5,9,6,7,4,4,4,6,4,5,6,5,4,3
PART + ADV + ADJ + PROPN + PROPN + CCONJ + PRON + NOUN,7,9,7,6,8,8,6,6,7,7,8,8,8,7,7,7,9,8,9,10,7,7,7,8,7,7,9,9,8,5,9,8,8,9,9,9,9,8,10,8,7,9,9,9,9,8,9,8,9,10,8,6,9,10,10,10,7,7,8,9,11,10,10,7,8,9,9,8,9,8,7,7,7,6,8,9,8,9,5,9,7,9,10,9,7,6,10,9,9,8,8,8,7,8,8,8,7,9,10,6,9,9,9,9,8,8,7,8,9,9,9,8,10,8,8,8,6,8,10,9,8,9,5,8,8,9,8,6,11,9,7,9,10,10,10,9,10,8,8,9,7,7,7,8,10,8,9,6,8,9,9,8,6,6,8,13,9,9,10,7,10,10,10,8,13,9,9,11,10,10,9,8,12,10,6,7,7,10,10,9,9,10,8,7,10,9,11,9,6,9,8,10,9,10,9,15,10,11,11,12,9,8,10,11,6,8,8,8,7,11,11,7,11,8,8,9,9,6,8,9,10,9,9,8,9,8,8,8,8,20,16,9,21,7,8,9,10,7,10,13,8,10,11,8,10,7,7,10,9,9,10,9,9,10,9,8,0,11,11,11,12,12,12,11,10,8,6,7,9,8,9,9,8,7,9,10,10,9,12,8,8,7,9,10,7,10,7,10,8,11,8,6,8,7,11,12,8,9,7,8,11,14,10,10,7,7,11,9,12,10,9,7,8,9,9,10,10,9,11,9,9,11,7,10,10,8,7,9,9,10,10,7,11,10,8,11,7,9,8,7,8,11,8,8,10,8,8,7,14,12,10,11,10,11,11,11,11,10,11,7,7,10,11,6,9,7,11,10,10,10,8,11,11,9,9,12,11,10,9,9,9,11,10,9,13,11,12,11,8,9,10,11,9,8,8,9,10,11,11,10,13,8,13,9,6,7,8,9,10,11,8,8,8,9,9,7,9,10,10,7,9,11,12,12,12,11,9,12,8,8,6,9,7,7,10,9,10,9,8,8,8,9,9,8,7,10,10,6,8,10,7,10,9,8,9
ADV + ADJ + ADV + ADV + ADJ + NOUN + NOUN + CCONJ + VERB,8,8,10,7,7,7,9,11,8,8,9,9,9,6,6,6,6,9,8,9,10,8,8,9,8,10,10,10,9,10,8,9,9,8,8,8,10,9,7,9,8,8,10,10,8,7,10,9,10,11,5,11,10,9,9,9,8,10,7,10,12,7,9,8,7,6,8,7,8,7,8,12,10,9,5,10,9,8,8,10,8,10,9,10,10,7,7,8,6,11,9,7,8,7,9,9,12,10,7,9,8,10,6,10,9,9,8,9,10,10,8,5,9,9,9,7,7,11,9,8,11,10,6,7,9,10,9,7,10,8,12,10,7,9,7,8,7,7,11,10,10,8,8,7,9,9,8,9,9,10,8,9,9,9,11,14,10,8,11,6,11,11,9,9,12,12,12,12,11,11,10,11,13,11,9,10,10,9,7,10,10,11,9,8,9,10,12,10,9,10,9,13,10,13,10,14,11,12,12,9,12,9,9,12,11,9,9,9,8,10,10,10,10,13,9,10,8,5,9,10,9,8,10,7,6,13,11,11,9,21,17,8,24,10,11,12,9,8,9,14,7,13,8,11,13,10,8,9,8,12,9,12,10,7,10,9,11,0,10,12,13,11,11,12,11,9,9,8,8,9,8,10,11,10,8,11,9,8,11,9,7,8,8,13,6,7,8,9,11,10,9,9,7,6,10,11,11,8,10,9,10,13,11,7,10,10,10,10,9,9,8,10,11,8,10,13,11,12,14,10,10,10,8,11,11,9,10,6,8,11,11,10,12,11,11,14,8,10,9,10,7,10,9,9,9,9,9,12,13,13,11,14,11,12,10,10,10,11,8,10,8,11,12,9,12,10,12,11,11,9,9,10,10,10,10,11,14,11,12,10,12,14,13,10,14,10,13,10,11,10,9,12,10,7,9,10,11,12,12,11,14,11,12,10,7,8,11,10,9,10,9,11,11,10,8,8,8,5,11,8,8,10,11,11,11,12,10,13,7,9,11,8,8,10,9,8,11,10,5,9,9,8,12,13,8,7,9,7,9,9,6,9,8,11,8
ADJ + NOUN + VERB + ADP + DET + NOUN + NOUN,6,6,8,5,5,5,7,9,6,6,5,7,7,6,4,4,6,5,4,7,8,6,8,7,6,6,8,4,7,8,6,7,5,4,4,6,4,7,5,5,6,8,8,6,6,5,6,7,6,9,5,9,6,5,3,5,6,10,5,4,10,7,5,6,7,6,6,3,4,9,6,10,8,7,5,8,7,6,6,6,6,4,7,6,6,7,5,6,6,7,5,3,4,5,7,7,8,8,5,7,4,8,6,8,5,7,6,7,6,8,6,5,9,5,5,7,7,5,7,6,7,6,6,7,7,8,7,7,2,4,6,8,7,7,7,6,7,7,5,6,8,4,6,7,7,9,8,7,7,8,6,7,7,9,9,6,8,6,5,6,5,5,7,7,6,4,6,8,5,9,4,9,7,5,7,8,6,3,7,8,6,7,7,8,7,8,8,8,7,8,5,9,8,9,4,12,5,6,8,7,8,9,7,8,9,7,5,5,6,12,4,8,8,11,7,8,6,5,5,8,5,8,8,5,6,11,9,5,7,13,13,6,18,8,5,8,5,6,9,10,7,9,4,5,11,8,8,7,6,10,3,10,4,7,6,5,11,10,0,4,7,5,9,6,3,5,7,6,6,5,4,8,9,8,6,5,5,6,9,5,5,6,10,7,6,5,6,7,9,6,7,7,5,6,6,3,9,6,8,7,6,11,7,7,8,6,8,12,7,5,4,8,9,4,4,7,9,8,8,8,8,8,8,9,9,7,10,8,6,9,7,8,8,5,5,8,4,8,9,6,9,8,7,7,7,3,9,10,11,11,9,10,9,10,8,6,8,7,6,6,6,7,8,7,6,8,10,9,7,7,7,8,6,4,6,5,10,7,8,8,10,8,9,8,10,8,11,6,9,8,5,6,6,5,5,8,9,10,10,3,6,7,8,6,5,8,9,10,5,8,7,7,5,8,6,6,6,7,9,8,2,6,5,3,5,10,6,11,5,5,9,6,6,8,7,6,5,8,7,5,5,8,10,9,8,5,7,5,5,5,6,5,6,5,4
PROPN + NOUN + VERB + ADP + DET + ADJ + NOUN,6,6,6,5,5,5,5,7,6,6,5,7,5,6,6,6,6,3,6,7,8,4,8,7,4,6,8,2,7,6,6,7,5,6,4,6,4,5,7,5,4,8,8,6,6,7,4,7,2,9,7,7,6,5,3,5,4,8,7,4,10,7,5,4,7,6,6,7,4,9,4,8,6,5,7,6,7,4,6,6,4,4,7,6,4,7,5,6,8,7,3,5,6,5,3,5,8,6,7,5,8,8,8,6,7,5,6,7,6,8,6,7,7,3,5,7,5,3,7,6,7,4,6,7,5,8,5,7,2,4,6,8,7,7,7,6,9,7,5,6,6,8,6,5,7,7,6,5,5,8,6,7,5,9,7,6,8,6,5,6,3,5,7,7,6,4,6,8,5,9,4,9,9,5,5,4,6,3,7,6,6,5,7,8,7,8,8,8,7,8,5,9,8,9,4,12,1,2,8,9,8,5,7,8,9,7,5,3,6,12,6,6,8,9,5,8,8,7,3,8,7,8,8,7,8,9,7,5,7,15,13,6,16,8,5,8,5,6,9,10,7,9,6,5,7,6,6,7,6,10,3,8,2,7,8,5,11,12,4,0,5,7,9,6,7,7,7,6,6,7,6,6,7,8,6,5,7,6,9,5,5,6,8,5,8,5,6,7,9,6,7,5,5,6,8,5,7,8,6,7,6,11,7,9,8,4,8,10,7,5,6,6,9,6,2,7,7,8,10,8,8,8,8,9,9,9,10,8,6,9,7,6,6,5,5,8,6,6,9,6,7,8,7,3,7,5,7,8,11,9,9,10,9,10,8,6,8,5,8,6,6,7,6,7,6,8,10,9,7,7,7,10,6,4,4,5,8,7,8,8,10,8,9,8,12,8,11,6,7,8,7,6,4,9,7,8,9,10,8,3,6,5,8,8,7,6,7,8,5,8,7,5,3,8,6,6,6,7,9,8,6,6,5,5,5,10,6,11,5,3,7,8,6,6,7,6,5,8,7,5,5,6,10,7,6,5,7,5,7,5,8,7,8,5,4
PROPN + VERB + DET + ADJ + NOUN + ADP + DET + ADJ,7,7,7,6,8,8,6,8,7,9,6,8,6,7,7,7,9,6,9,8,9,5,9,8,7,7,9,7,8,7,7,8,8,7,7,9,7,6,10,6,5,9,9,7,9,10,5,8,5,10,8,8,9,8,8,6,7,9,8,7,11,10,6,5,8,9,9,8,7,10,7,9,7,8,8,7,8,7,7,7,7,5,8,7,5,8,8,9,7,8,6,6,7,8,4,6,9,7,10,6,9,9,9,7,10,8,7,8,7,9,9,8,8,6,6,6,6,4,10,7,8,5,7,8,6,9,6,8,7,7,9,9,8,8,10,9,10,10,8,7,7,9,5,8,8,8,7,8,6,9,9,8,6,10,8,9,9,9,8,9,4,8,10,6,7,7,7,9,8,10,7,10,12,6,8,5,7,6,10,7,7,8,8,9,8,9,9,11,8,9,8,10,9,10,9,13,4,5,11,8,9,6,8,9,10,8,8,4,9,15,7,9,9,10,6,9,9,8,6,9,8,9,9,8,9,10,8,6,8,14,16,7,15,9,6,9,8,7,8,9,8,10,9,6,8,7,7,10,9,11,6,9,5,10,9,4,12,13,7,5,0,6,10,5,8,10,8,7,9,6,7,7,8,9,9,8,10,7,10,8,6,9,11,6,9,8,9,10,10,9,8,6,6,9,11,8,8,7,7,8,7,12,8,10,9,7,9,11,8,8,9,7,10,5,5,8,6,9,9,9,9,9,9,10,10,10,11,9,7,10,10,7,7,8,8,11,7,7,10,9,8,9,6,4,8,6,8,9,12,8,10,11,10,11,11,7,9,6,11,7,9,10,7,8,7,9,11,10,6,8,8,13,7,5,7,8,9,8,7,11,11,9,10,11,13,9,12,9,8,9,8,11,7,10,8,9,12,11,9,6,9,6,11,9,8,7,8,9,8,11,8,6,6,9,9,9,7,10,10,9,7,7,6,6,6,11,9,12,6,6,8,9,7,7,10,7,6,9,10,8,8,5,11,8,7,8,8,8,8,8,9,8,9,6,5
VERB + VERB + DET + NOUN + ADP + NOUN,5,5,7,6,6,4,6,8,7,5,4,6,6,7,5,7,5,4,5,4,7,5,7,6,5,5,7,5,6,7,5,6,4,3,5,7,3,6,6,4,7,5,7,5,5,6,7,6,5,8,6,8,5,4,4,4,7,9,6,5,9,6,2,5,6,7,7,6,3,8,5,9,7,6,6,7,6,7,7,5,5,3,6,5,5,8,6,5,7,6,4,4,5,6,6,6,7,5,6,8,7,5,7,7,6,6,5,6,5,5,7,8,6,6,4,8,6,4,8,5,6,5,7,8,6,7,6,6,5,5,5,7,6,6,6,7,8,6,4,5,7,7,7,6,6,8,7,8,6,7,7,8,8,10,8,7,7,5,2,7,6,4,6,8,5,5,5,7,6,6,5,8,8,4,6,7,5,4,6,7,5,6,6,9,6,7,5,7,8,7,4,8,7,8,5,11,6,7,9,6,7,8,6,7,8,6,6,4,5,13,3,7,5,10,8,9,5,6,4,5,4,7,7,6,7,10,8,4,4,14,14,5,17,7,4,7,4,7,10,5,6,8,5,4,8,9,9,6,7,9,4,9,5,6,5,4,12,11,5,7,6,0,6,5,8,6,8,7,7,6,3,7,6,7,5,4,6,7,6,6,4,7,9,8,7,8,7,4,8,5,8,8,6,5,7,6,8,7,9,6,3,8,6,10,9,5,7,11,6,4,5,7,8,5,5,6,8,7,5,7,5,7,7,8,8,8,11,7,7,10,8,9,9,4,4,7,5,7,8,5,8,5,6,6,8,6,8,9,10,8,8,9,8,9,9,5,7,4,7,5,5,8,5,6,5,9,9,6,6,6,6,9,5,3,7,4,9,6,5,9,9,7,6,9,11,7,10,7,6,9,6,5,7,8,6,7,8,7,7,4,7,6,9,5,6,7,8,11,6,5,6,6,6,7,5,5,5,6,8,7,5,3,4,4,4,9,7,8,8,6,8,7,5,7,8,7,6,7,6,6,6,7,9,8,7,4,6,6,4,4,7,2,7,4,3
VERB + VERB + NOUN + PART + VERB + VERB,5,5,7,6,4,6,6,8,7,7,4,6,6,7,7,5,5,6,7,4,7,5,7,6,7,5,7,7,6,7,3,6,6,5,5,5,5,6,6,6,7,5,7,7,7,8,9,6,7,8,8,8,7,8,6,6,5,9,6,7,9,4,6,7,6,5,5,8,7,8,7,9,7,8,6,7,6,5,7,7,7,5,6,7,5,8,4,3,7,8,8,8,5,8,6,8,9,5,6,8,9,5,9,7,8,8,7,6,5,5,5,6,6,8,6,8,8,6,6,5,8,7,7,8,6,7,6,6,7,5,7,7,4,6,6,5,10,6,6,7,7,9,7,6,6,8,7,6,6,7,7,8,8,10,8,11,7,7,4,5,8,6,4,8,11,7,9,5,6,6,7,8,8,8,8,7,7,6,6,9,7,8,6,9,6,7,11,9,8,7,8,10,7,8,7,7,8,9,9,10,7,8,6,9,6,6,8,6,7,13,7,9,9,10,8,9,5,8,8,5,8,7,7,6,5,10,8,6,4,16,18,9,21,5,6,9,4,7,10,7,6,10,7,8,8,9,9,4,7,7,8,9,9,4,11,8,12,11,9,9,10,6,0,11,12,6,8,7,5,8,7,7,6,7,7,6,8,5,2,8,6,9,9,8,9,8,9,4,8,9,8,8,8,7,9,10,8,9,9,4,7,8,6,8,9,7,9,11,8,8,9,7,8,7,7,8,10,7,11,7,5,9,7,8,6,6,11,7,7,10,6,9,11,8,6,9,7,7,8,7,10,9,8,8,8,8,10,9,8,8,10,11,10,9,7,7,7,8,9,5,7,8,9,6,7,7,9,4,8,6,6,11,7,7,9,8,9,8,9,7,9,11,6,7,11,7,8,7,4,9,10,7,9,10,8,7,6,7,7,6,9,6,9,9,8,7,8,11,6,3,6,8,10,7,7,7,7,6,8,7,9,9,10,10,10,9,7,8,6,6,8,7,5,7,6,7,8,7,6,6,6,7,7,10,7,6,6,8,6,6,7,4,5,6,7
VERB + ADP + DET + ADJ + NOUN + ADP + PRON + ADJ + NOUN,8,8,10,7,9,7,9,11,8,8,7,9,9,6,6,8,8,5,8,9,8,6,10,9,8,8,10,6,9,10,8,9,7,6,8,10,6,7,9,7,8,10,10,8,8,9,6,9,6,11,7,11,8,7,7,7,10,12,9,6,12,11,5,6,9,10,10,7,6,11,6,12,10,9,7,10,9,8,8,8,6,6,9,8,8,9,9,10,8,9,5,5,8,7,7,7,10,10,7,9,8,10,8,8,9,7,8,9,8,10,10,7,11,5,7,7,7,7,11,8,9,6,8,7,7,10,7,9,6,8,8,10,9,9,9,10,9,9,7,6,10,8,6,9,9,11,10,11,7,10,10,11,9,11,11,10,10,8,7,10,7,7,11,7,8,6,8,8,7,9,6,9,9,7,7,8,8,7,9,8,8,7,7,10,9,10,8,8,9,10,7,7,10,11,6,12,7,6,12,7,8,9,9,8,9,9,9,5,8,14,6,10,8,13,9,8,10,7,7,10,7,10,10,7,8,13,11,7,9,13,11,6,14,10,7,10,7,6,9,10,9,11,8,7,9,8,10,11,8,10,7,10,6,9,6,5,11,12,6,6,5,5,11,0,9,9,9,8,10,7,6,8,11,10,8,5,9,10,11,7,5,10,12,9,8,7,10,9,9,8,9,9,5,8,10,7,11,8,10,9,6,13,9,9,10,8,10,12,9,7,8,10,9,6,4,9,7,10,6,8,8,10,10,11,11,9,10,10,8,9,9,10,8,5,5,8,6,6,11,6,9,6,5,7,9,7,9,10,11,7,9,10,11,12,12,8,10,5,8,6,8,11,6,7,8,8,12,9,7,9,9,12,8,6,8,7,10,9,8,10,10,8,11,10,12,10,13,8,9,10,7,10,6,9,9,8,11,10,12,5,10,9,10,8,7,8,11,10,9,10,9,9,9,10,8,8,8,9,11,10,6,6,7,7,7,10,8,13,9,7,11,10,8,10,9,10,5,10,9,9,9,6,12,11,10,7,9,7,7,7,10,7,10,7,4
ADJ + NOUN + CCONJ + ADP + DET + NOUN + DET + NOUN,7,9,9,6,8,6,8,10,7,5,8,10,10,7,5,7,7,8,5,10,9,7,9,10,7,7,9,7,8,9,9,8,6,7,7,9,7,8,6,6,7,9,9,7,7,6,7,8,9,10,6,8,7,6,6,8,9,9,8,5,11,8,6,7,10,7,9,4,5,10,7,11,11,6,6,11,8,9,7,9,7,7,10,9,9,8,8,9,9,8,6,4,7,6,8,8,9,11,6,8,5,11,7,9,4,6,7,10,9,11,9,8,10,6,6,8,8,8,10,7,8,9,7,8,8,11,8,8,5,7,9,9,8,8,8,9,8,6,8,7,9,3,7,8,10,10,11,10,8,11,7,10,8,8,10,9,11,7,8,9,6,8,10,8,7,7,9,11,8,12,7,10,10,4,6,9,7,6,8,9,7,8,8,9,8,11,9,9,6,9,6,10,11,12,7,13,8,9,9,8,11,10,10,11,10,8,6,8,7,13,5,9,7,12,8,9,9,6,6,11,6,11,9,6,7,12,10,8,8,16,12,7,17,9,8,9,8,7,10,13,8,12,5,8,12,9,9,10,7,13,4,11,5,8,7,6,10,11,3,7,8,8,12,9,0,6,8,7,9,6,5,9,12,7,7,8,6,9,12,6,6,7,11,10,5,6,7,10,10,7,8,8,6,7,7,4,12,7,9,10,7,14,10,10,9,7,9,13,8,6,5,9,10,7,7,10,10,11,11,9,11,11,11,10,12,10,11,9,9,10,10,9,9,8,8,11,5,9,10,9,10,9,8,8,10,4,10,11,12,12,10,11,10,13,11,9,9,8,9,9,9,8,9,8,9,9,13,12,8,8,8,9,9,7,5,8,11,10,9,11,11,9,12,11,13,9,12,9,10,9,6,9,7,6,6,11,12,13,11,6,9,10,11,7,4,9,10,11,8,9,8,10,6,9,7,7,7,8,10,7,3,7,6,4,6,13,9,14,8,8,10,9,9,9,10,9,6,11,8,8,6,9,13,10,9,6,8,6,6,6,7,8,9,8,7
NOUN + PART + NOUN + NOUN,3,5,5,4,4,2,4,6,5,3,4,6,6,5,3,5,3,6,1,6,5,5,5,6,3,5,5,5,4,5,5,4,4,3,3,5,5,6,2,4,5,7,5,5,3,2,7,4,7,6,4,6,5,2,4,6,5,7,6,5,7,6,4,5,6,5,5,2,3,6,5,7,7,4,4,7,4,5,5,7,3,5,6,7,5,6,4,5,7,6,4,4,5,2,6,6,7,7,4,4,3,7,5,5,2,4,3,6,5,7,5,6,8,6,4,6,6,6,6,5,6,7,5,6,6,7,6,4,5,5,7,5,6,6,4,5,6,4,6,5,5,3,5,4,6,8,7,6,4,7,3,8,6,8,6,9,7,3,6,5,6,6,4,6,5,7,7,7,8,8,7,6,6,6,4,5,5,4,4,7,5,4,4,5,6,7,7,5,6,5,4,8,7,8,5,9,6,9,3,8,7,8,6,9,4,4,2,6,5,11,3,5,7,8,6,7,7,4,4,7,4,7,5,2,3,8,6,6,6,14,14,5,19,3,4,7,4,5,8,9,6,10,3,6,10,7,7,6,3,7,4,7,5,4,5,6,8,9,5,7,10,6,6,9,6,0,6,5,5,6,3,5,8,5,3,6,2,5,8,2,4,3,7,6,5,4,3,6,6,3,6,6,4,3,3,4,8,7,7,4,3,10,6,8,7,5,7,9,6,4,3,3,6,7,7,8,8,7,7,5,7,9,7,6,6,6,9,7,7,8,6,5,9,6,6,9,5,7,6,7,8,7,4,6,8,6,8,7,10,8,6,9,6,9,7,7,7,6,7,5,5,2,5,4,7,5,9,6,6,6,4,5,7,5,3,6,7,8,7,7,7,9,8,7,11,7,8,5,6,7,4,5,7,6,8,7,6,9,9,6,5,6,9,5,4,7,6,9,6,5,4,8,6,5,3,3,3,4,6,5,3,5,6,4,6,9,5,8,6,4,6,7,5,5,6,7,6,7,4,4,4,7,7,8,7,4,6,4,4,4,7,4,7,6,5
ADJ + PROPN,3,3,1,2,4,4,2,2,1,5,4,4,2,3,3,3,5,4,5,4,3,3,3,4,3,5,3,5,4,3,5,4,4,5,5,5,5,2,6,4,3,5,3,3,5,6,3,4,5,4,4,4,5,6,6,4,3,3,2,5,5,6,6,3,4,5,5,4,5,4,3,3,3,4,4,3,4,3,1,3,3,5,4,5,3,2,6,5,3,6,4,4,3,4,4,2,3,3,6,4,5,5,5,3,6,4,3,2,5,5,5,4,4,4,4,2,4,4,6,5,2,3,3,4,4,5,4,4,7,5,5,3,6,6,6,5,6,6,4,5,3,5,3,4,4,4,3,4,2,5,5,4,4,2,2,11,3,5,6,5,4,6,6,4,9,7,7,7,8,6,7,6,10,8,4,3,3,6,6,3,5,6,4,5,6,5,7,7,4,5,4,6,5,8,7,11,6,7,7,8,7,4,4,5,4,4,4,4,5,11,7,5,9,4,2,3,3,4,4,7,6,5,5,4,5,4,2,6,6,18,16,5,21,3,6,3,6,3,4,11,4,6,7,6,6,3,3,6,7,7,6,3,5,6,9,4,6,9,7,7,8,8,8,9,8,6,0,3,5,2,5,3,4,5,5,6,6,3,8,4,4,5,7,8,5,6,5,6,4,7,2,4,4,5,7,8,4,3,3,4,7,8,6,6,1,3,9,5,6,6,7,3,8,5,5,8,6,7,11,5,5,7,5,4,6,4,3,7,5,4,8,3,5,8,6,9,3,5,6,7,6,9,6,4,6,4,4,3,10,8,6,7,8,7,7,7,7,6,9,5,5,6,7,4,7,3,7,6,4,6,4,9,7,5,5,8,9,6,7,7,5,9,8,7,7,7,10,7,4,3,6,9,5,6,6,5,8,7,7,6,11,4,9,7,4,3,2,5,6,9,2,4,6,3,5,5,5,6,4,3,5,7,8,8,6,7,7,10,4,4,4,3,5,3,6,3,4,5,6,4,6,3,7,4,3,6,4,2,6,6,3,6,5,6,5
ADJ + NOUN + ADV,2,4,4,1,3,3,3,5,2,4,3,5,5,2,2,2,4,3,4,5,4,2,2,3,4,4,4,4,3,4,4,3,3,4,4,2,4,3,5,3,2,6,4,4,2,5,4,1,4,5,3,5,4,5,5,5,4,6,3,4,6,5,5,2,3,4,2,3,4,3,2,6,6,5,3,4,3,4,2,6,2,4,5,6,4,3,5,4,4,5,3,3,2,3,3,3,6,6,5,3,4,6,4,4,5,3,4,5,2,4,4,3,7,3,3,3,3,5,3,4,5,4,2,3,3,4,3,3,6,4,6,4,5,5,3,4,5,5,5,4,2,4,2,5,5,7,4,5,3,6,6,5,3,5,5,10,6,4,5,4,5,5,5,3,8,6,8,8,7,7,6,5,9,7,3,4,4,5,5,4,2,5,3,4,5,6,8,8,3,2,3,7,6,7,6,10,5,6,6,5,6,5,5,8,5,3,5,3,4,10,6,6,8,7,3,4,4,3,5,6,3,4,4,3,4,7,5,5,5,17,15,4,20,4,5,6,5,2,5,8,5,9,6,7,7,4,4,5,6,8,5,6,4,5,8,3,7,8,6,6,7,7,7,8,7,5,3,0,4,3,4,4,7,4,4,5,5,4,7,3,3,6,6,7,4,5,6,7,5,6,3,3,3,4,6,7,7,4,4,5,6,9,5,3,4,4,8,6,7,5,6,4,7,4,4,7,3,4,10,4,6,6,4,5,7,5,6,6,2,5,7,4,6,7,5,6,2,4,3,6,5,6,5,3,5,3,5,6,7,9,7,8,5,6,4,6,4,5,8,4,6,7,6,3,6,4,6,7,5,3,3,8,4,6,4,7,8,7,6,4,6,8,9,6,10,6,9,8,5,4,5,8,4,5,5,6,7,8,10,5,10,5,8,6,3,4,5,6,3,8,3,7,7,4,4,2,4,5,5,4,4,6,5,7,7,8,6,9,3,3,5,2,4,4,5,4,5,4,5,5,5,4,8,7,6,5,5,3,5,5,4,5,2,5,4
NOUN + VERB + INTJ,2,2,4,3,1,3,3,5,4,4,3,3,3,4,4,2,2,5,4,3,4,4,4,3,4,4,4,4,3,4,2,3,3,4,2,2,4,3,3,3,4,4,2,4,4,5,6,3,6,5,5,5,4,5,3,3,2,6,3,4,6,3,5,4,3,2,2,5,4,5,4,6,4,5,3,4,3,2,4,4,4,4,3,4,4,5,3,2,4,5,5,5,4,5,5,5,6,4,3,5,6,4,6,4,5,5,4,3,4,4,2,3,5,5,3,5,5,5,3,2,5,4,4,5,5,4,5,3,4,2,6,4,3,1,3,2,7,3,5,4,4,6,4,3,3,5,4,3,3,4,4,5,5,7,5,8,4,4,5,2,5,5,3,5,8,6,8,6,5,5,6,5,9,7,5,4,4,3,3,6,4,7,3,6,3,4,8,8,5,4,5,7,4,7,4,8,5,8,8,7,6,5,1,6,5,1,5,5,4,10,6,6,8,7,5,6,4,5,5,6,5,4,4,5,4,7,5,5,5,17,15,6,20,4,5,6,3,4,7,8,3,7,4,7,7,6,6,3,4,6,5,6,6,3,8,5,9,8,6,6,9,7,5,10,9,5,5,4,0,5,4,4,5,4,4,5,5,2,5,5,5,6,6,7,6,5,6,5,5,6,5,5,5,4,6,7,5,6,6,3,6,7,5,5,6,4,6,8,5,5,6,4,7,4,6,7,7,6,10,4,4,6,4,5,5,5,8,4,4,5,5,6,8,5,5,8,4,6,5,6,7,6,7,5,5,5,7,6,7,7,9,8,7,6,4,4,4,7,8,4,6,7,8,3,6,6,6,5,5,3,3,8,4,6,6,5,8,5,6,4,6,8,7,4,10,4,7,6,5,6,7,6,6,7,7,4,5,6,8,5,8,5,6,6,5,4,3,8,3,6,3,5,7,4,4,4,4,3,3,4,6,4,7,7,7,6,4,9,3,3,5,4,4,4,3,4,5,2,3,3,3,4,6,7,4,3,3,5,5,3,4,5,4,5,6
ADJ + ADP,3,3,3,2,4,4,4,4,1,5,4,4,4,3,3,3,5,4,5,4,3,3,3,4,5,5,3,5,4,5,5,4,2,5,5,5,3,2,6,4,3,5,3,1,5,6,3,4,5,4,4,6,3,4,4,2,5,5,2,3,5,6,4,3,4,5,5,4,3,4,3,5,5,6,4,5,4,3,3,3,3,5,4,3,5,2,6,5,3,6,4,2,3,4,4,2,3,5,4,4,3,5,5,3,6,4,5,4,5,5,5,4,6,4,2,2,4,6,6,5,2,3,3,4,4,5,4,4,5,3,5,3,6,6,6,5,6,6,4,3,5,5,3,6,4,6,5,6,2,5,7,4,4,4,4,9,5,5,4,5,4,4,6,4,7,5,9,5,6,6,5,6,8,6,4,3,3,6,6,3,3,6,4,5,6,5,7,7,4,5,2,4,5,8,5,11,6,7,9,6,7,4,4,5,4,4,6,4,3,11,5,7,7,6,2,3,3,4,4,7,6,5,5,4,5,6,4,6,6,16,14,5,19,3,6,3,6,3,4,9,4,6,5,8,6,3,3,6,7,7,4,5,5,6,7,2,8,9,5,7,6,6,8,7,6,6,2,3,5,0,5,3,6,5,5,4,6,5,8,4,4,7,9,8,5,6,7,8,4,5,2,4,4,5,7,6,6,3,3,4,5,8,6,6,3,3,7,7,6,4,5,5,8,3,5,8,6,7,9,5,5,5,5,4,6,4,5,7,5,4,6,5,5,6,4,7,1,5,6,5,6,7,6,4,6,2,4,5,10,8,8,5,6,7,7,5,7,6,7,5,7,8,7,4,7,3,7,6,4,6,4,9,5,7,5,6,9,4,5,7,5,7,6,7,7,7,10,7,4,3,4,7,5,4,4,5,8,7,7,4,9,6,7,7,4,3,4,5,4,9,4,4,6,3,5,5,3,6,4,3,3,5,6,6,6,7,7,10,4,4,6,3,5,5,6,3,4,5,6,6,6,3,7,4,5,4,4,4,6,6,3,6,5,6,5
DET + NOUN + NOUN,2,4,4,3,3,1,3,5,4,2,3,5,5,4,2,4,2,5,2,5,4,4,4,5,2,4,4,4,3,4,4,3,3,2,2,4,4,5,3,1,4,6,4,4,2,3,4,3,6,5,3,5,4,3,3,5,4,6,5,2,6,5,3,2,5,4,4,3,2,5,4,6,6,3,3,6,3,4,4,6,2,2,5,6,4,5,3,4,6,3,3,3,4,3,5,5,6,6,3,5,4,6,4,4,3,3,2,5,4,6,4,5,7,3,3,5,3,3,5,2,5,6,4,5,5,6,5,3,4,4,6,4,5,3,3,4,5,3,5,4,4,4,4,3,5,7,6,5,3,6,4,7,5,7,5,6,6,2,5,4,5,5,5,5,4,4,4,8,5,7,4,5,7,5,3,4,4,3,3,4,4,5,3,6,3,6,4,6,5,4,3,7,6,7,4,8,5,6,6,5,6,7,5,8,5,3,3,3,4,10,4,4,4,7,5,6,6,3,3,6,1,6,4,3,4,7,5,3,5,15,13,2,18,4,3,6,3,4,7,8,5,9,4,3,9,6,6,5,4,8,3,6,4,3,4,3,9,8,4,6,7,3,7,6,5,3,5,4,4,5,0,4,7,4,2,5,3,4,7,3,3,4,6,7,4,5,4,5,5,4,5,5,3,2,4,3,7,6,6,5,4,9,5,7,6,4,4,8,3,3,4,4,7,4,4,5,5,6,6,4,6,8,6,5,7,7,8,4,4,7,7,6,6,3,5,8,4,6,5,6,5,4,3,3,5,3,7,6,7,7,5,8,5,8,6,4,4,5,6,4,4,5,4,3,4,6,8,7,3,3,3,6,4,2,4,3,6,7,4,6,6,6,9,6,12,4,7,6,7,6,5,6,4,5,5,6,7,8,10,3,8,5,8,2,3,6,5,8,5,6,3,7,5,4,2,2,2,3,5,4,4,2,3,3,3,8,4,9,5,3,5,6,4,4,5,6,3,6,3,3,3,6,8,7,6,3,3,3,3,1,6,3,6,3,2
X + NOUN + ADJ,2,4,4,3,3,3,3,5,2,4,3,5,5,4,4,4,4,5,4,5,4,4,4,5,4,4,4,4,3,4,4,3,3,4,4,4,4,3,5,3,4,6,4,4,4,5,4,3,6,5,5,5,4,5,5,5,4,6,3,4,4,5,5,4,5,4,4,5,4,5,4,6,6,5,5,6,1,2,4,6,2,4,5,6,4,3,5,4,4,5,3,5,4,3,5,3,6,6,5,5,6,6,6,2,5,3,4,5,4,6,4,5,7,5,3,3,5,5,5,4,5,4,4,5,5,6,5,3,6,4,6,2,5,5,5,4,5,5,5,4,4,6,2,5,5,7,6,5,1,6,6,5,5,5,5,10,6,4,5,4,3,5,5,3,8,6,8,8,7,7,6,5,9,7,3,2,4,5,5,4,4,5,3,6,5,6,8,8,5,4,3,7,6,7,6,10,5,8,8,9,6,5,5,8,5,3,5,5,4,10,6,6,8,7,3,4,4,5,5,6,5,6,4,5,6,5,3,5,5,17,15,6,20,4,5,4,5,4,5,10,5,9,6,7,7,4,4,5,6,8,5,6,4,5,8,5,9,10,8,6,7,7,7,8,9,5,3,4,4,3,4,0,7,4,4,5,5,4,7,3,5,6,8,7,6,5,6,7,5,6,3,5,3,4,6,7,7,6,4,5,6,9,5,7,4,4,8,8,5,5,6,4,7,6,6,7,5,6,10,4,6,8,6,5,7,5,6,6,6,5,7,6,6,7,5,8,4,6,5,6,7,8,5,5,7,5,5,6,9,7,9,8,7,8,6,6,6,5,8,4,6,7,6,3,6,4,8,7,3,5,3,8,6,6,4,7,8,7,6,6,6,8,9,6,10,6,9,8,5,4,7,8,6,7,7,6,7,8,10,5,10,5,8,6,5,4,5,6,5,8,3,7,7,4,4,4,4,5,5,4,6,6,7,7,7,8,6,9,5,3,5,4,4,4,5,4,3,6,5,5,5,4,8,7,6,5,5,5,5,5,4,5,6,5,6
VERB + PROPN + PROPN + VERB,5,3,3,6,4,6,4,2,5,7,4,4,2,7,7,5,5,6,7,2,5,5,5,4,5,5,5,7,6,3,3,6,6,5,5,5,5,4,6,6,5,3,5,5,7,8,7,6,5,6,8,4,7,8,6,4,3,3,4,7,7,4,6,7,4,5,5,8,7,6,7,3,1,6,6,3,6,5,5,3,7,5,4,5,3,6,4,3,5,8,8,8,5,8,4,6,3,3,6,6,9,3,9,5,8,8,5,2,5,3,5,6,2,8,6,6,8,4,6,5,4,5,7,8,6,5,6,6,7,5,3,5,4,6,6,5,10,6,4,7,5,9,7,4,4,2,3,2,6,5,5,4,6,4,4,11,3,7,4,5,8,6,4,8,11,7,5,5,6,4,7,8,10,8,8,5,5,6,6,7,7,10,6,9,6,5,9,9,8,7,8,8,5,8,7,9,6,7,9,10,7,4,4,5,6,6,6,6,7,13,7,5,9,4,4,7,3,8,6,5,8,5,7,8,7,4,4,6,4,18,18,9,19,5,6,5,4,7,8,9,4,4,7,6,6,5,5,4,7,7,8,5,9,4,11,8,8,11,9,7,8,6,6,11,12,8,4,7,5,6,7,7,0,7,7,6,8,3,6,8,6,7,7,8,9,8,7,4,6,9,6,4,8,7,9,10,2,7,3,4,7,6,6,8,5,5,9,7,8,8,9,5,8,7,7,8,10,7,11,7,3,7,5,6,6,6,7,7,7,8,8,5,9,8,6,9,7,7,8,7,10,9,10,6,8,8,8,5,8,8,10,9,10,7,7,7,7,8,9,5,5,8,11,6,7,7,7,4,8,6,6,11,7,5,9,8,9,6,9,7,7,11,6,7,9,7,8,7,4,7,10,7,9,10,8,5,6,5,7,6,11,4,9,9,8,5,4,7,6,7,4,4,6,5,7,7,7,6,6,5,9,9,10,10,8,7,7,8,4,6,4,5,5,5,6,3,8,5,6,4,6,5,7,4,3,6,4,6,6,6,5,4,5,6,7
CCONJ + NUM + NOUN,2,4,4,3,3,3,3,5,4,2,3,5,5,4,4,4,4,5,4,5,4,4,4,5,4,2,2,6,1,4,4,3,3,4,4,4,4,5,5,3,4,4,4,4,4,3,6,3,6,3,5,3,2,5,5,5,4,4,5,4,6,5,5,4,5,4,4,5,4,5,4,6,6,3,5,6,3,4,4,6,4,4,3,6,4,5,5,4,6,5,5,5,4,5,5,5,6,6,5,5,6,6,6,4,3,3,4,5,4,6,4,5,5,5,3,5,5,5,5,4,5,6,4,5,5,6,5,3,6,4,6,4,5,5,5,4,7,3,5,4,4,4,4,5,5,5,6,5,3,6,6,5,3,5,3,10,4,2,5,4,5,3,5,5,8,6,8,8,7,7,6,5,9,5,3,4,4,5,5,4,4,5,3,4,5,6,8,8,3,2,5,7,6,7,6,10,7,8,8,9,6,7,5,8,5,3,5,5,4,8,6,6,6,7,5,6,6,5,5,6,5,6,2,5,6,7,5,5,3,17,15,6,20,4,5,6,5,4,7,10,3,9,6,7,9,6,6,5,6,8,5,6,6,5,6,5,7,10,8,8,9,7,7,10,7,5,5,4,4,5,4,4,7,0,2,5,5,4,7,5,5,4,8,9,4,7,4,7,5,6,3,5,5,4,4,7,7,6,6,5,6,7,3,7,6,4,8,8,5,5,4,4,5,6,6,7,7,4,10,4,6,8,6,5,7,7,8,6,6,7,7,6,8,7,5,8,4,6,3,6,7,8,7,5,7,5,7,4,9,9,9,8,7,8,6,6,6,5,8,4,6,7,6,3,6,6,8,7,5,5,3,4,6,6,6,7,10,7,6,6,6,8,9,6,12,4,7,8,7,4,7,8,4,5,7,6,7,8,8,5,10,3,8,6,3,6,5,8,5,6,3,7,7,4,4,4,4,5,5,2,6,6,7,7,7,8,6,9,5,5,5,6,4,4,5,6,5,6,5,5,3,6,8,7,4,5,5,5,3,5,4,5,6,5,6
NUM + NOUN + NOUN,2,4,4,3,3,1,3,5,4,2,3,5,5,4,2,4,2,5,2,5,4,4,4,5,2,4,2,4,1,4,4,3,3,2,2,4,4,5,3,3,4,6,4,4,2,3,6,3,6,3,3,5,2,3,3,5,4,6,5,4,6,5,3,4,5,4,4,3,2,5,4,6,6,3,3,6,3,4,4,6,2,4,3,6,4,5,3,4,6,5,3,3,4,3,5,5,6,6,3,5,4,6,4,4,3,3,2,5,4,6,4,5,7,5,3,5,5,5,5,4,5,6,4,5,5,6,5,3,4,4,6,4,5,5,3,4,5,3,5,4,4,4,4,3,5,7,6,5,3,6,4,7,5,7,3,8,4,2,5,4,5,3,5,5,6,6,6,8,7,7,6,5,7,5,3,4,4,3,3,4,4,5,3,4,5,6,6,6,5,2,3,7,6,7,4,10,5,8,6,7,6,7,5,8,5,3,3,5,4,8,4,4,6,7,5,6,6,3,3,6,3,6,2,3,4,7,5,5,5,15,15,4,18,4,5,6,3,4,7,10,5,9,4,5,9,6,6,5,4,8,3,6,4,3,6,5,9,8,6,6,9,5,7,8,7,3,5,4,4,5,2,4,7,2,0,5,3,4,7,3,3,4,6,7,4,5,4,5,5,4,3,5,3,2,2,5,7,6,6,5,4,7,3,7,6,4,6,8,3,3,4,4,7,6,6,7,7,4,8,4,6,8,6,5,7,7,8,6,6,7,7,6,8,5,5,8,4,6,3,6,7,6,5,5,7,5,7,4,9,9,7,8,5,8,6,6,6,3,6,4,4,5,6,3,6,6,8,7,5,5,3,4,6,4,4,5,8,7,6,6,6,8,9,6,12,4,7,6,7,6,5,6,4,3,7,6,7,8,10,5,8,3,8,4,3,6,5,8,5,6,3,7,5,4,2,2,2,3,5,4,4,4,5,5,5,8,4,9,5,3,5,6,4,4,5,6,5,6,3,3,3,6,8,7,6,3,5,3,3,3,6,3,6,5,4
VERB + ADP + ADP + NOUN,3,3,5,4,4,4,4,6,5,5,2,4,4,5,5,5,5,2,5,4,5,3,5,4,5,3,5,3,4,5,3,4,2,3,3,5,1,4,6,4,5,5,5,3,5,6,5,4,3,6,6,6,3,4,2,2,5,7,4,3,7,6,2,5,4,5,5,6,3,6,3,7,5,6,6,5,4,5,5,3,5,3,4,3,3,6,4,5,5,6,4,4,3,6,4,4,5,5,4,6,5,5,7,5,6,6,5,4,3,5,5,6,6,4,4,6,6,4,6,5,4,3,5,6,4,5,4,4,3,3,3,5,4,6,6,5,8,6,2,5,5,7,5,6,4,6,5,6,4,5,7,6,6,8,6,7,5,5,2,5,6,2,6,6,7,3,7,5,4,6,3,6,6,4,6,5,3,4,6,7,5,6,4,7,6,5,7,5,6,5,4,4,5,6,3,11,6,3,9,8,5,6,4,3,6,4,6,4,3,13,3,7,5,8,6,7,5,6,4,5,6,5,5,6,7,8,6,4,4,16,14,7,17,5,4,5,4,5,8,9,4,6,5,6,8,7,7,6,5,7,4,7,5,6,7,6,10,11,5,5,8,4,6,5,8,6,6,5,5,4,5,5,6,5,5,0,6,5,6,6,4,7,9,8,7,6,7,6,6,5,6,6,6,5,7,6,6,7,7,4,3,8,4,8,7,3,7,9,8,4,5,5,6,5,3,6,8,5,7,5,5,5,5,6,6,6,9,7,7,8,6,7,7,4,2,5,3,5,6,3,8,7,8,6,8,4,6,7,10,10,10,7,8,7,7,5,7,4,5,3,5,8,7,4,5,7,7,6,6,6,4,9,5,5,7,4,9,4,7,7,7,7,6,7,9,7,10,5,6,7,4,5,5,6,6,5,8,7,7,2,7,4,5,7,6,5,6,9,4,7,4,4,6,5,5,5,5,6,6,5,5,5,6,6,6,7,5,8,6,4,6,5,3,5,6,5,4,5,6,4,4,5,7,6,5,4,4,6,4,4,5,4,7,4,5
NOUN + NOUN + NOUN + NOUN,3,5,5,4,4,2,4,6,5,3,4,6,6,5,3,5,3,6,1,6,5,5,5,6,3,5,5,5,4,5,5,4,4,3,3,5,5,6,2,4,5,7,5,5,3,2,7,4,7,6,4,6,5,2,4,6,5,7,6,5,7,6,4,5,6,5,5,2,3,6,5,7,7,4,4,7,4,5,5,7,3,5,6,7,5,6,4,5,7,6,4,4,5,2,6,6,7,7,4,6,3,7,5,5,2,4,3,6,5,7,5,6,8,6,4,6,6,6,6,5,6,7,5,6,6,7,6,4,5,5,7,5,6,6,4,5,6,4,6,5,5,3,5,4,6,8,7,6,4,7,3,8,6,8,6,9,7,3,6,5,6,6,6,6,5,7,7,9,8,8,7,6,6,6,4,5,5,4,4,7,5,6,4,7,6,7,7,7,6,5,4,8,7,8,5,11,6,9,5,8,7,8,6,9,6,4,2,6,5,11,3,5,7,8,6,7,7,4,4,7,4,7,5,4,5,8,6,6,6,14,12,5,17,5,6,7,4,5,8,11,6,10,3,6,10,7,7,6,3,9,4,7,5,4,5,6,10,9,5,7,10,6,8,9,6,2,6,5,5,6,3,5,8,5,3,6,0,5,8,2,4,3,7,8,5,4,3,6,6,1,6,6,4,3,1,2,8,7,7,6,3,10,6,8,7,5,7,9,6,4,3,5,8,7,7,8,8,7,9,5,7,9,7,6,8,8,9,7,7,8,8,7,9,6,6,9,5,7,6,7,8,7,6,6,8,6,8,7,10,10,8,9,6,9,7,7,7,6,7,5,5,4,7,4,7,7,9,8,6,6,4,3,7,5,3,6,9,8,7,7,7,9,10,7,13,7,10,7,8,7,4,7,7,6,8,7,8,9,11,6,7,6,9,5,4,7,6,9,6,7,4,8,6,5,3,3,3,4,6,5,3,5,6,4,6,9,5,10,6,4,6,7,5,5,6,7,6,7,4,4,4,7,9,8,7,4,6,4,4,4,7,4,7,6,5
NOUN + PROPN + VERB,2,2,2,3,1,3,3,3,4,4,3,3,1,4,4,2,2,5,4,3,4,4,4,3,4,4,4,4,3,4,2,3,3,4,2,2,4,3,3,3,4,4,4,4,4,5,6,3,4,5,5,5,4,5,3,3,2,4,3,4,6,3,5,4,3,2,2,5,4,5,4,4,2,5,3,2,3,2,4,4,4,4,3,4,2,5,3,2,4,5,5,5,4,5,3,5,4,2,3,5,6,4,6,2,5,5,2,3,4,4,2,3,3,5,3,5,5,3,3,2,3,4,4,5,5,4,5,3,4,2,6,4,3,3,3,2,7,3,5,4,4,6,4,3,3,3,2,3,3,4,4,3,5,5,3,8,4,4,5,2,5,5,3,5,8,6,6,6,5,5,6,5,9,7,5,4,4,3,3,6,4,7,3,6,3,4,6,6,5,4,5,7,4,7,4,8,5,6,6,7,6,3,3,6,5,3,5,5,4,10,6,6,8,5,3,6,4,5,5,6,5,4,4,5,4,5,3,5,5,17,15,6,18,4,5,4,3,4,7,8,3,7,4,5,5,4,4,3,4,6,5,4,6,3,8,5,9,8,6,6,7,7,5,10,9,5,3,4,2,5,4,4,3,4,4,5,5,0,5,5,5,4,4,5,6,5,6,3,5,6,5,5,5,4,6,7,3,4,4,3,6,7,5,5,4,4,6,6,5,5,6,4,7,4,6,7,7,6,10,4,4,6,4,5,5,5,6,4,4,7,5,4,8,5,5,8,4,6,5,6,7,6,7,5,5,5,7,4,7,7,7,8,7,6,4,4,4,7,8,4,6,5,8,3,6,6,6,5,5,3,3,8,4,4,6,5,8,5,6,4,6,8,7,4,10,4,7,6,5,6,7,6,6,7,7,4,5,6,6,5,8,3,6,6,5,4,3,6,3,6,1,3,7,4,4,4,4,3,5,4,6,6,7,7,5,6,4,9,3,3,5,4,4,4,3,2,5,4,3,3,3,4,6,5,2,3,3,5,5,3,4,5,4,5,6
VERB + VERB + NOUN + VERB + VERB + VERB,5,5,7,6,4,6,6,8,7,7,4,6,6,7,7,5,5,6,7,4,7,5,7,6,7,5,7,7,6,7,3,6,6,5,5,5,5,6,6,6,7,5,7,7,7,8,9,6,7,8,8,8,7,8,6,6,5,9,6,7,9,4,6,7,6,5,5,8,7,8,7,9,7,8,6,7,6,5,7,7,7,5,6,7,5,8,4,3,7,8,8,8,5,8,6,8,9,5,6,8,9,5,9,7,8,8,7,6,5,5,5,6,6,8,6,8,8,6,6,5,8,7,7,8,6,7,6,6,7,5,7,7,4,6,6,5,10,6,6,7,7,9,7,6,6,8,7,6,6,7,7,8,8,10,8,11,7,7,4,5,8,6,4,8,11,7,9,7,6,6,7,8,10,8,8,7,7,6,6,9,7,10,6,9,6,7,11,11,8,7,8,10,7,8,7,9,8,9,11,10,7,8,6,9,8,6,8,6,7,13,7,9,9,10,8,9,5,8,8,5,8,7,7,8,7,10,8,6,4,16,18,9,21,7,6,9,4,7,10,7,6,10,7,8,8,9,9,4,7,9,8,9,9,4,11,8,12,11,9,9,10,6,2,11,12,8,8,7,5,8,7,7,6,7,7,6,8,5,0,8,6,9,9,10,9,8,9,4,8,9,8,8,8,7,9,10,8,9,9,6,7,8,6,8,9,7,9,11,8,8,9,7,8,7,7,8,10,7,11,7,5,9,7,8,8,8,11,7,7,10,8,9,11,8,6,9,7,7,8,7,10,9,10,8,8,8,10,9,8,8,12,11,10,9,7,7,7,8,9,5,7,10,11,6,7,9,9,6,8,6,6,11,7,7,9,8,11,8,9,7,9,11,8,7,13,7,8,7,6,9,10,7,9,10,8,7,6,7,9,6,11,6,9,9,8,7,8,11,6,5,6,8,10,7,7,7,7,6,8,7,9,9,10,10,10,9,7,8,6,6,8,7,5,7,6,7,8,7,6,6,6,7,9,10,7,6,6,8,6,6,7,4,5,6,7
NOUN + NOUN + ADJ + NOUN,3,5,5,2,4,2,4,6,3,3,4,6,6,3,3,3,3,4,1,6,5,3,5,6,3,5,5,3,4,5,5,4,4,3,3,5,5,4,2,4,3,7,5,5,3,2,5,4,5,6,4,6,5,2,4,6,5,7,4,5,7,6,4,3,6,5,5,2,3,6,3,7,7,4,4,7,4,3,3,7,1,5,6,7,5,4,4,5,5,6,2,4,3,2,4,4,7,7,4,4,3,7,5,3,2,2,3,6,5,7,5,4,8,4,4,4,4,6,6,5,6,5,3,4,4,7,4,4,5,5,7,5,6,6,4,5,6,4,6,5,5,3,3,4,6,8,7,6,2,7,3,6,4,6,6,9,7,3,6,5,4,6,6,4,5,7,7,9,8,8,7,6,6,6,2,3,5,4,4,5,5,4,4,5,6,7,7,7,4,5,2,8,7,8,5,11,4,7,5,8,7,6,6,9,6,4,2,4,5,9,3,5,7,8,4,5,5,4,4,7,4,7,5,4,5,8,6,6,6,14,12,5,17,5,6,7,4,3,6,11,6,10,3,6,8,5,5,6,3,9,4,7,3,4,5,4,8,9,5,5,8,6,8,7,6,2,4,3,5,4,3,3,8,5,3,6,2,5,8,0,4,3,7,6,5,2,3,6,6,3,4,4,2,3,3,4,8,5,5,6,3,10,6,6,5,5,7,9,4,4,3,5,8,5,5,8,6,7,9,5,7,9,7,6,8,6,7,7,5,6,8,5,7,6,6,9,3,5,6,7,6,7,4,4,6,4,6,7,10,8,8,9,6,9,7,7,7,4,7,5,5,4,5,4,7,5,9,8,4,6,4,5,7,5,1,6,7,8,7,7,7,9,10,7,11,7,10,7,6,5,4,7,5,6,6,7,8,9,11,6,7,6,9,5,4,5,6,7,6,7,4,8,6,5,3,3,3,4,6,5,3,5,6,4,6,9,5,10,4,2,6,5,5,5,6,5,4,7,4,4,4,5,9,8,7,4,6,4,4,4,5,4,5,6,5
VERB + ADJ + NOUN + NOUN,3,3,5,2,4,2,4,6,3,3,2,4,4,3,1,3,3,2,3,4,5,1,5,4,3,3,5,3,4,5,3,4,4,1,3,5,3,2,4,4,3,5,5,5,3,4,5,4,3,6,2,6,5,4,4,4,5,7,4,5,7,6,2,3,4,5,5,2,3,6,3,7,5,4,2,5,4,3,3,5,3,3,4,5,3,4,4,5,5,6,4,2,3,2,2,4,7,5,4,4,3,5,3,5,4,4,3,4,3,5,5,4,6,4,4,4,4,4,6,5,6,3,3,4,2,5,2,4,5,5,5,5,4,6,4,5,4,4,4,5,5,3,3,4,4,6,5,6,4,5,5,6,4,6,6,9,5,3,4,5,6,4,6,4,7,5,5,7,6,6,5,6,6,4,4,5,5,4,4,5,5,6,4,5,6,5,7,7,4,5,4,8,5,6,5,11,4,5,7,6,5,4,4,7,6,4,4,2,5,11,3,5,5,8,4,5,5,2,4,5,4,5,5,2,3,8,6,4,4,14,14,3,17,5,4,7,2,3,6,9,4,8,5,4,6,5,5,6,5,7,4,7,5,4,7,4,8,7,5,5,6,4,6,5,6,4,4,3,5,4,3,5,6,5,3,4,4,5,6,4,0,5,7,6,3,4,5,4,6,5,4,4,2,3,5,6,6,5,5,4,3,8,4,6,5,5,7,9,6,4,5,5,6,5,3,6,6,5,7,5,5,7,5,6,6,6,7,7,5,6,8,5,7,6,4,7,3,3,6,5,6,7,4,4,6,4,6,7,10,8,6,9,6,7,7,7,7,4,5,3,3,6,7,4,5,5,7,6,6,6,4,7,7,3,5,6,9,6,7,7,7,9,8,7,11,7,10,5,4,5,4,7,5,4,6,5,8,7,9,4,7,4,9,5,2,3,6,7,6,5,4,6,6,5,3,3,3,4,6,5,3,5,6,6,6,7,5,8,4,2,6,5,3,5,6,5,6,5,4,4,4,3,7,8,5,4,4,2,2,4,5,2,5,4,1
NOUN + PROPN + NOUN + CCONJ + NOUN,4,6,4,5,5,3,3,5,6,2,5,7,5,6,4,6,4,7,2,7,6,6,6,7,2,4,6,6,5,4,6,5,5,4,4,6,6,7,3,5,4,6,6,6,4,1,8,5,6,7,5,3,6,3,5,7,4,4,7,6,8,5,5,6,7,4,6,3,4,7,6,6,6,3,5,6,5,6,4,6,4,6,7,8,4,7,5,6,8,7,5,5,6,3,5,7,6,6,5,5,4,8,6,4,3,3,2,5,6,8,6,7,7,7,5,7,7,5,7,6,5,8,6,7,7,8,7,5,6,6,6,6,5,7,5,6,7,3,5,6,4,4,6,3,7,5,6,5,5,8,4,5,3,7,5,10,6,4,7,6,7,7,7,7,6,8,6,10,9,9,8,7,7,5,3,4,4,5,5,8,6,7,5,8,7,8,8,6,5,6,5,9,8,9,6,12,5,8,4,9,8,7,7,8,7,5,3,7,6,10,4,4,8,7,5,8,8,5,3,8,5,8,6,5,6,7,5,7,5,17,13,6,18,6,7,6,5,6,9,12,5,9,4,5,9,6,6,7,4,10,5,6,6,5,4,7,7,8,6,6,9,7,9,10,7,3,5,6,6,7,4,6,7,4,4,7,3,4,9,3,5,0,4,7,6,5,2,5,7,4,7,5,5,4,4,5,7,6,6,7,4,11,7,9,6,4,8,8,7,5,2,4,7,8,8,9,9,8,10,6,8,10,8,7,9,9,8,8,8,9,9,6,10,7,7,10,6,8,7,8,9,8,7,5,9,7,9,6,11,11,7,10,7,10,8,8,8,7,8,6,4,3,8,5,8,8,10,9,7,7,5,4,8,4,4,7,8,9,8,8,8,10,11,8,12,8,11,6,9,6,5,8,8,7,9,8,9,10,10,7,8,5,10,6,5,8,5,8,7,6,3,7,5,6,4,4,4,3,7,4,4,6,7,5,7,10,6,11,5,5,5,8,6,4,7,6,7,8,5,3,3,8,10,7,4,5,7,3,3,5,6,5,8,7,6
NOUN + PROPN + NOUN + CCONJ + VERB + PRON + ADV,6,6,6,7,5,5,5,7,8,6,7,7,5,8,6,6,4,9,6,7,6,8,6,5,6,8,8,8,7,6,6,7,7,6,6,4,8,7,5,7,6,6,8,8,4,5,10,5,8,9,7,7,8,7,7,7,4,6,7,8,10,5,7,8,7,4,6,7,6,7,8,8,6,7,5,4,7,6,6,8,6,8,7,6,6,7,5,6,8,9,7,7,8,7,7,9,8,6,5,7,8,8,8,6,7,7,4,7,6,6,6,7,7,9,7,9,9,7,7,6,7,8,8,9,9,6,9,7,8,6,8,8,5,7,3,6,9,5,7,6,4,8,8,5,7,5,6,5,7,8,6,5,7,9,7,12,8,6,9,6,9,9,7,9,10,8,10,8,9,7,8,9,11,9,7,6,6,7,5,10,6,9,5,10,7,8,10,8,9,6,7,9,8,11,6,12,7,10,6,7,8,7,7,8,7,7,7,9,8,12,8,8,10,9,7,8,8,7,7,8,5,6,8,7,6,9,7,7,7,19,15,8,18,8,9,8,7,8,11,10,5,11,6,9,7,6,6,7,4,8,7,8,8,5,6,9,9,8,10,8,11,9,9,12,11,7,7,6,6,9,6,8,7,8,6,9,7,4,9,7,7,4,0,9,8,7,6,5,7,8,9,7,7,6,8,9,7,8,8,7,8,11,9,9,8,6,8,6,7,7,6,6,7,8,10,9,9,8,12,6,6,8,8,9,9,7,8,8,6,9,7,8,10,7,7,8,8,8,7,8,11,8,9,7,9,9,9,6,9,11,9,10,7,8,6,8,8,9,10,6,8,7,10,7,10,8,8,7,9,7,7,8,8,8,8,9,8,9,10,6,8,10,9,8,12,8,11,8,9,8,9,10,10,9,11,6,9,8,8,9,12,7,10,8,7,6,7,6,7,8,5,7,9,8,6,6,6,3,9,6,8,8,7,9,9,8,6,11,5,7,7,6,8,6,5,6,9,6,5,5,7,8,10,9,4,5,7,7,7,7,6,7,6,9,8
NOUN + PROPN + AUX + PART + VERB + DET + ADJ + NOUN,7,7,7,6,6,6,6,8,7,7,6,8,6,7,7,7,7,6,7,8,9,5,9,8,7,7,9,5,8,7,7,8,8,7,5,7,7,6,8,6,5,9,9,9,7,8,7,8,5,10,8,8,9,8,6,8,7,9,8,7,11,8,8,5,8,7,7,8,7,10,7,9,7,8,8,7,8,5,7,9,5,5,8,9,5,8,6,7,9,6,6,8,7,6,4,8,9,7,8,4,9,9,9,5,8,6,5,8,7,9,5,8,8,6,8,8,6,4,6,7,8,7,7,8,6,9,6,8,5,7,9,9,8,8,8,7,10,8,8,9,7,9,7,8,8,8,7,8,6,9,9,8,6,10,8,9,9,7,8,7,6,8,6,8,7,7,5,9,8,10,7,8,10,8,6,7,7,4,6,7,9,8,8,7,6,7,9,7,8,9,6,12,7,8,7,9,4,5,7,10,9,6,8,11,8,8,8,4,9,13,9,9,11,10,6,7,9,8,8,9,8,9,9,6,7,10,8,6,8,16,14,7,19,7,4,9,6,7,10,9,8,10,7,6,8,7,7,8,7,11,6,9,5,8,11,6,10,13,7,5,6,8,8,9,10,6,8,7,7,8,7,7,8,9,7,8,8,5,10,6,6,7,9,0,9,6,9,8,8,9,8,6,6,7,9,8,8,9,7,6,9,12,8,10,9,7,9,9,8,8,9,5,6,7,5,6,6,9,7,9,9,11,9,10,6,8,9,9,7,8,6,5,7,8,8,9,7,7,10,9,6,11,6,4,6,8,8,9,12,8,8,11,8,9,7,9,7,8,11,7,9,6,9,8,7,7,9,8,6,8,8,11,9,5,5,6,7,8,7,9,9,11,10,7,11,7,10,7,6,9,10,7,7,10,8,9,8,11,9,6,7,6,9,7,8,7,8,7,8,7,6,8,8,9,7,7,7,8,10,9,9,9,8,8,8,9,5,8,6,4,8,9,7,7,8,7,8,9,8,6,6,7,9,10,7,8,8,8,8,6,9,8,9,6,5
ADJ + CCONJ + ADV + NOUN + NOUN,4,6,6,3,5,3,5,7,4,4,5,7,7,4,2,4,4,5,4,7,6,4,4,5,4,4,6,6,5,6,6,5,5,4,4,6,6,5,5,5,4,6,6,6,4,5,6,5,6,7,3,5,6,5,5,7,6,6,5,6,8,7,5,4,5,6,6,3,4,5,4,8,8,3,3,6,5,6,4,8,4,6,7,8,6,5,5,6,6,7,5,3,4,3,5,5,8,8,5,5,4,8,4,6,3,5,4,7,6,6,6,5,7,5,5,5,5,7,7,6,7,6,4,5,5,6,5,3,6,6,8,6,7,7,5,6,5,5,7,6,6,2,4,5,7,7,6,7,5,8,6,7,5,5,7,10,8,4,7,4,7,7,7,5,8,8,8,10,9,9,6,7,9,7,3,6,6,5,5,6,6,7,5,6,7,8,8,6,3,6,5,9,8,9,6,12,7,8,8,7,8,7,7,10,7,5,5,5,4,8,6,6,4,9,5,6,6,3,5,6,5,6,6,3,4,9,7,7,5,17,13,4,20,6,7,8,5,4,7,12,5,11,6,7,9,6,6,7,6,10,5,8,6,5,8,5,7,6,6,8,9,7,9,8,5,5,5,4,6,5,4,6,9,4,4,7,5,6,9,5,3,6,8,9,0,5,6,7,7,6,5,5,3,2,6,7,9,6,6,7,6,11,7,7,6,6,8,8,7,5,6,6,7,6,6,9,7,8,10,6,8,8,6,7,9,7,8,6,6,7,9,6,8,7,7,10,4,6,5,6,7,8,5,5,7,5,7,8,11,11,7,10,7,8,8,8,8,7,6,6,4,7,8,5,8,6,8,9,7,7,5,8,8,6,6,7,10,9,8,8,8,10,11,8,12,8,11,8,7,6,5,8,6,5,7,8,9,10,10,7,10,7,10,6,1,6,7,8,7,8,5,9,7,6,4,4,4,5,7,4,4,6,7,7,7,10,6,9,5,5,7,4,4,6,7,6,7,6,3,5,5,6,10,9,6,5,7,3,5,5,4,5,6,7,4
ADJ + NOUN + NOUN + VERB + ADJ + NOUN,5,5,7,4,4,4,6,8,5,5,4,6,6,3,3,3,3,4,3,6,7,3,7,6,5,5,7,3,6,7,5,6,6,5,3,5,5,4,4,6,5,7,7,7,5,4,7,6,5,8,4,8,7,4,4,6,5,9,4,7,9,6,6,5,6,5,5,2,5,8,5,9,7,6,2,7,6,3,5,7,3,5,6,7,5,6,4,5,5,8,4,4,3,4,4,6,9,7,4,6,3,7,5,5,4,4,5,6,5,7,5,4,8,6,6,4,6,6,6,5,8,5,5,4,4,7,4,6,5,5,7,7,6,6,4,5,6,4,6,7,7,3,3,4,6,8,7,6,4,7,5,6,6,8,8,9,7,5,6,5,6,6,6,4,7,7,9,9,8,8,7,8,8,8,4,5,7,4,4,7,7,6,6,7,6,7,9,9,6,7,4,10,7,8,5,11,4,7,7,6,7,6,6,9,8,6,4,4,7,11,5,7,9,10,6,7,5,4,6,7,6,7,7,4,3,10,8,6,6,14,10,5,19,7,6,9,4,5,6,11,6,10,3,8,8,7,7,6,3,9,6,9,5,4,7,6,10,7,5,5,8,8,8,7,6,4,6,5,5,6,5,5,8,7,5,6,4,5,8,2,4,5,7,6,5,0,5,6,8,5,6,6,2,5,5,6,8,5,7,6,5,10,6,6,7,7,7,11,4,6,5,7,8,5,5,8,6,7,11,7,7,9,7,8,8,6,9,7,5,8,8,7,9,6,6,9,5,5,8,7,8,7,4,6,6,6,8,9,10,8,8,11,8,9,7,7,7,6,9,5,7,6,7,6,7,7,9,8,6,6,6,7,7,7,3,6,9,8,9,7,9,11,10,7,11,7,10,7,6,7,4,7,7,6,6,7,8,9,11,6,9,6,9,7,4,5,8,9,6,7,6,8,8,7,5,5,5,4,8,7,3,7,8,6,8,9,5,10,4,2,8,5,5,7,6,5,6,7,4,4,4,5,9,10,7,4,6,4,6,4,5,6,5,6,5
PROPN + NOUN + NOUN + CCONJ + NOUN,4,6,4,5,5,3,3,5,6,2,5,7,5,6,4,6,4,7,2,7,6,6,6,7,2,4,6,6,5,4,6,5,5,4,4,6,6,7,3,5,4,6,6,6,4,1,8,5,6,7,5,3,6,3,5,7,4,4,7,6,8,5,5,6,7,4,6,3,4,7,6,6,6,3,5,6,5,6,4,6,4,6,7,8,4,7,5,6,8,7,5,5,6,3,5,7,6,6,5,5,4,8,6,6,3,3,4,5,6,8,6,7,7,7,5,7,7,5,7,6,5,8,6,7,7,8,7,5,6,6,6,6,5,7,5,6,7,3,5,6,4,4,6,3,7,5,6,5,5,8,2,5,3,7,5,10,6,4,7,6,7,7,7,7,6,8,6,10,9,9,8,7,7,5,3,4,4,5,5,8,6,7,5,8,7,8,8,8,5,6,5,9,8,9,6,12,5,8,6,9,8,7,7,8,7,5,1,7,6,10,4,4,8,7,5,8,8,5,3,8,5,8,6,5,6,7,5,7,5,17,13,6,18,6,7,6,5,6,9,12,5,9,4,5,9,6,6,7,4,10,5,6,6,5,4,7,7,8,6,6,9,7,9,10,7,3,5,6,6,7,4,6,7,4,4,7,3,6,9,3,5,2,6,9,6,5,0,7,7,4,7,5,5,4,4,5,7,8,6,7,4,11,7,9,6,4,8,8,7,5,2,4,7,8,8,9,9,8,10,6,8,10,8,7,9,9,8,8,8,9,9,6,10,7,7,10,6,8,7,8,9,8,7,5,9,7,9,6,11,11,9,10,7,10,8,8,8,7,8,6,4,5,8,5,8,8,10,9,7,7,5,4,8,4,4,7,8,9,8,8,8,10,11,8,12,8,11,6,9,6,5,8,8,7,9,8,9,10,10,7,8,5,10,6,5,8,5,8,7,6,5,7,5,6,4,4,4,3,7,4,4,6,7,5,7,10,6,11,5,5,5,8,6,4,7,6,7,8,5,5,3,8,10,7,4,5,7,3,3,5,6,5,8,7,6
VERB + VERB + NOUN + PROPN + NOUN + VERB,5,5,5,6,4,4,4,6,7,5,4,6,4,7,5,5,3,6,5,4,7,5,7,6,5,5,7,7,6,5,3,6,6,3,5,5,5,6,4,6,5,5,7,7,5,6,9,6,7,8,6,6,7,6,6,6,3,7,6,7,9,6,4,7,6,5,5,6,5,8,7,7,5,6,4,5,6,5,5,5,5,5,6,7,5,8,4,5,7,8,6,6,5,6,6,8,7,5,4,6,7,5,7,5,6,6,3,4,5,5,5,6,4,8,6,8,8,6,6,5,6,7,7,8,6,7,6,6,7,5,5,7,4,6,4,5,8,4,4,7,5,7,7,4,6,6,5,4,6,7,5,6,6,8,6,11,5,5,4,5,8,6,6,8,9,7,7,7,6,6,7,8,8,6,6,5,5,6,4,9,7,8,6,9,6,7,9,7,8,7,6,10,7,8,7,11,6,9,7,8,7,6,6,7,8,6,6,6,7,11,5,7,7,8,6,9,5,6,6,5,6,7,7,6,5,8,6,6,4,16,16,7,17,7,6,7,4,7,10,7,6,8,5,6,8,7,7,6,5,9,6,7,7,4,9,8,10,9,7,7,10,4,4,9,10,6,6,7,5,8,5,7,4,7,5,6,6,3,4,6,4,5,5,8,7,6,7,0,8,7,8,6,6,5,7,8,6,7,7,6,5,8,6,8,7,5,7,9,6,6,7,5,8,7,7,8,10,7,9,7,5,9,7,8,8,8,9,7,7,10,8,7,11,8,6,9,7,7,8,7,10,7,8,6,8,8,10,7,10,10,8,11,8,9,7,7,7,6,7,5,5,6,9,6,7,9,9,6,8,6,6,9,7,5,7,8,9,8,9,7,9,11,8,7,11,7,10,5,6,9,8,7,9,8,8,7,8,7,9,6,9,6,9,7,6,7,6,9,6,5,4,6,8,7,5,5,5,4,8,7,7,7,8,8,8,9,7,8,4,6,6,7,5,5,6,5,8,7,4,4,6,7,9,8,5,4,6,6,4,6,7,2,7,6,5
PRON + AUX,3,3,3,4,4,4,4,4,3,5,4,2,4,5,5,5,5,6,5,4,1,5,3,4,5,5,3,7,4,5,5,4,4,5,5,5,5,4,6,4,5,5,3,3,5,6,5,4,7,4,6,6,5,6,6,4,5,5,4,5,5,6,6,5,4,5,5,6,5,4,5,5,5,6,6,5,4,5,5,5,5,5,4,3,5,4,6,5,5,2,6,6,5,6,6,4,5,5,6,6,7,3,7,5,6,6,5,4,5,5,3,6,6,6,4,4,6,6,4,5,4,5,5,6,6,3,4,4,7,5,7,3,6,6,6,5,6,6,6,3,5,7,5,6,2,6,5,6,4,3,7,6,6,6,4,7,5,5,6,5,6,6,6,6,7,5,7,5,6,4,7,2,8,8,6,5,5,6,4,5,5,8,2,7,4,3,5,9,6,5,6,4,1,4,5,7,8,9,7,10,5,6,4,5,2,4,6,6,5,11,7,7,9,6,4,1,5,6,6,5,6,5,5,6,7,6,4,4,6,20,16,5,21,3,6,5,6,3,6,9,4,4,7,6,6,3,5,6,5,3,6,1,7,6,7,6,8,11,9,9,10,8,8,9,10,6,4,5,5,4,5,5,6,5,5,6,6,5,8,6,6,7,7,8,7,8,7,8,0,7,4,6,6,5,7,8,6,7,5,4,7,8,6,8,5,5,5,3,8,6,7,5,6,7,7,6,6,5,7,3,3,5,3,4,2,4,3,7,7,2,6,7,5,6,4,5,5,5,6,5,6,7,8,6,6,6,4,3,8,8,6,3,6,3,5,7,5,8,7,3,7,8,9,2,5,3,3,4,4,6,4,9,7,7,7,6,9,2,3,5,1,5,6,3,7,5,6,9,6,3,8,7,7,8,8,3,4,5,7,6,7,6,7,3,6,5,4,3,6,9,4,6,8,3,5,5,5,6,4,3,7,7,8,8,8,5,5,6,6,6,6,5,5,5,4,5,6,5,6,6,6,5,5,6,5,6,4,6,6,6,5,6,7,4,7
NOUN + NOUN + NOUN + ADP + NOUN,4,6,6,5,5,3,5,7,6,4,5,7,7,6,4,6,4,5,2,7,6,6,6,7,4,6,6,4,5,6,6,5,3,4,4,6,4,7,3,5,6,8,6,4,4,3,6,5,6,7,5,7,4,1,3,5,6,8,7,4,8,7,3,6,7,6,6,3,2,7,4,8,8,5,5,8,5,6,6,6,4,6,7,6,6,7,5,6,8,7,3,3,6,3,7,5,6,8,5,7,4,8,6,6,3,5,4,7,6,8,6,7,9,5,3,7,7,7,7,6,5,6,6,7,5,8,7,5,4,4,6,6,7,7,5,6,7,5,5,4,6,4,6,5,7,9,8,7,5,8,4,9,7,9,7,8,8,4,5,6,5,5,7,7,4,6,8,8,7,9,6,7,7,5,5,6,4,5,5,8,4,5,5,8,7,8,6,6,7,6,3,7,8,9,4,12,7,8,6,7,8,9,7,8,7,5,3,7,4,12,4,6,6,9,7,8,8,5,3,8,5,8,6,5,6,9,7,7,7,15,11,6,16,6,7,6,5,6,9,10,7,9,4,7,11,8,8,7,4,10,3,8,4,5,6,5,11,10,6,6,9,5,9,8,7,3,7,6,6,5,4,6,9,6,4,5,1,6,9,3,5,4,8,9,6,5,4,7,7,0,7,7,5,4,2,3,9,6,8,7,2,11,7,9,8,4,6,10,7,3,4,6,9,6,6,9,9,8,8,6,8,8,8,7,9,9,10,8,8,9,7,8,8,5,5,8,4,8,7,6,9,6,7,7,9,5,7,8,11,9,9,8,5,10,8,6,8,5,8,6,6,5,6,5,8,8,10,9,7,7,5,4,6,6,4,5,10,7,6,8,8,8,9,8,12,8,11,8,9,8,3,6,6,7,7,8,9,10,10,5,6,7,8,6,5,8,7,10,5,8,5,7,5,6,4,4,2,5,7,6,4,4,5,5,5,10,6,11,7,5,7,8,6,6,7,8,5,8,5,5,5,8,10,7,8,3,7,5,5,5,8,5,8,7,6
ADJ + NUM,3,3,3,2,4,4,4,4,1,5,4,4,4,3,3,3,5,4,5,4,3,3,3,4,5,5,1,5,2,5,5,2,4,5,5,5,5,2,6,4,3,5,3,3,5,6,3,4,5,2,4,6,3,6,6,4,5,5,2,5,5,6,6,3,4,5,5,4,5,4,3,5,5,6,4,5,4,3,3,5,3,5,2,5,5,2,6,5,3,6,4,4,3,4,4,2,5,5,6,4,5,5,5,3,6,4,5,4,5,5,5,4,6,4,4,2,4,6,6,5,4,3,3,4,4,5,4,4,7,5,7,3,6,6,6,5,6,6,6,5,5,5,3,6,4,6,5,6,2,5,7,4,4,4,2,11,3,3,6,5,4,4,6,2,9,7,9,7,8,6,7,6,10,8,4,3,5,6,6,1,5,4,4,5,6,5,9,9,4,3,4,6,5,8,7,11,6,7,9,8,7,4,4,7,4,4,6,4,5,9,7,7,9,6,2,3,3,4,6,7,6,5,3,4,5,6,4,6,6,16,16,5,21,3,6,5,6,3,4,11,4,8,7,8,6,3,3,6,7,7,6,5,5,6,9,4,8,9,7,7,8,8,8,9,8,6,2,3,5,2,5,3,6,3,3,6,6,5,8,4,4,7,9,8,5,6,7,8,4,7,0,4,4,5,5,8,6,5,3,4,7,6,4,6,3,5,9,7,6,4,7,5,8,5,5,8,6,5,11,3,5,7,5,4,6,4,5,7,5,4,8,5,5,8,6,9,3,5,4,7,6,9,6,4,6,4,4,3,10,8,8,7,8,7,7,5,7,6,9,5,7,8,5,4,7,3,7,6,4,6,4,7,7,7,5,8,9,6,7,7,5,9,8,7,9,5,8,9,4,3,6,9,3,6,6,5,8,7,9,6,11,4,7,7,4,3,4,5,6,9,4,6,8,3,5,5,5,6,4,3,5,7,8,8,8,7,7,10,4,4,6,3,5,5,6,3,4,5,6,6,6,3,7,6,5,6,4,4,6,6,3,6,5,6,5
PROPN + PROPN + ADJ + NOUN,3,5,3,2,4,4,2,2,3,5,4,6,4,3,3,3,5,4,5,6,5,3,5,6,3,5,5,5,4,1,5,4,4,5,5,5,5,4,6,4,1,7,5,5,5,6,5,4,3,6,4,2,5,6,6,6,3,3,4,5,7,6,6,3,6,5,5,4,5,6,3,3,3,4,4,5,4,5,3,5,3,5,6,7,3,4,6,5,5,6,4,4,3,4,2,4,3,5,6,2,5,7,5,3,6,4,3,4,5,7,5,4,6,4,4,4,4,4,6,5,4,5,3,4,4,7,4,4,7,5,3,5,6,6,6,5,6,6,4,5,3,5,3,4,6,4,5,2,4,7,5,4,2,4,4,11,5,5,6,5,6,6,6,4,9,7,5,9,8,8,7,6,10,8,4,3,3,6,6,5,5,6,4,5,6,7,9,7,4,5,4,8,7,8,7,11,4,5,7,8,7,4,6,7,6,4,4,4,5,11,7,3,9,4,2,5,5,4,4,7,6,7,5,4,5,4,4,6,6,18,16,5,17,5,6,5,6,3,6,11,6,6,7,6,6,3,3,6,7,9,6,5,5,6,9,4,6,9,7,5,6,8,8,9,8,6,4,3,5,4,5,5,4,5,5,6,6,5,8,4,4,5,7,6,5,6,5,6,6,7,4,0,4,5,7,8,4,5,1,6,7,10,6,6,5,3,9,7,8,6,7,3,8,5,5,8,6,7,11,5,7,9,7,6,8,6,7,7,5,6,8,3,7,8,6,9,3,5,6,7,6,9,6,2,6,4,6,5,10,10,8,9,8,9,7,7,7,6,9,5,5,6,7,4,7,5,9,8,6,6,4,9,7,5,5,8,7,8,7,7,7,9,10,7,11,7,10,7,6,5,6,9,5,6,6,7,8,9,9,6,11,4,9,7,4,5,4,5,6,9,4,4,4,5,5,5,5,6,6,5,5,7,8,8,8,9,7,10,2,4,2,5,5,3,6,3,6,7,6,4,6,5,9,4,5,6,6,4,6,6,5,6,5,6,5
ADJ + NOUN + ADJ + NOUN,3,5,5,2,4,2,4,6,3,3,4,6,6,1,1,3,3,4,3,6,5,3,5,6,3,5,5,3,4,5,5,4,4,3,3,5,5,4,4,4,3,7,5,5,3,4,5,4,5,6,2,6,5,4,4,6,5,7,4,5,7,6,4,3,6,5,5,2,3,6,3,7,7,4,2,7,4,3,3,7,1,5,6,7,5,4,4,5,3,6,2,2,3,2,4,4,7,7,4,4,3,7,3,3,4,2,3,6,5,7,5,2,8,4,4,2,4,6,6,5,6,5,3,2,4,7,4,4,5,5,7,5,6,6,4,5,4,4,6,5,5,3,1,4,6,8,7,6,2,7,5,6,4,6,6,9,7,3,6,5,4,6,6,2,7,7,7,9,8,8,7,6,8,6,2,3,5,4,4,5,5,4,4,5,6,7,7,7,4,5,2,8,7,8,5,11,4,7,7,6,7,6,6,9,6,4,4,4,5,9,5,5,7,8,4,5,5,2,4,7,4,7,5,2,3,8,6,6,6,14,12,3,19,5,6,7,4,3,4,11,6,10,5,6,8,5,5,6,5,9,4,7,3,4,7,4,8,7,5,5,6,6,8,5,6,4,4,3,5,4,3,3,8,5,3,6,4,5,8,2,2,5,7,6,3,2,5,6,6,5,4,4,0,3,5,6,8,3,5,6,5,10,6,4,5,5,7,9,6,4,5,5,8,5,5,8,4,7,9,5,7,9,7,6,8,6,7,7,5,6,8,5,7,6,6,9,3,5,6,7,6,7,2,4,6,4,6,7,10,8,6,9,6,9,7,7,7,4,7,5,5,6,5,4,7,5,9,8,4,6,4,7,7,5,3,6,7,8,7,7,7,9,10,7,11,7,10,7,6,5,4,7,5,4,6,7,8,9,11,6,9,6,9,5,2,5,6,7,6,7,4,8,6,5,3,3,3,4,6,5,3,5,6,6,6,9,5,10,4,2,6,5,5,5,6,5,4,7,4,4,4,3,9,8,7,4,6,2,4,4,5,4,5,6,3
ADV + NOUN + NOUN,2,4,4,3,3,1,3,5,4,2,3,5,5,4,2,4,2,5,2,5,4,4,2,3,2,4,4,4,3,4,4,3,3,2,2,4,4,5,3,3,4,6,4,4,2,3,6,3,6,5,3,5,4,3,3,5,4,6,5,4,6,5,3,4,3,4,4,3,2,3,4,6,6,3,3,4,3,4,4,6,2,4,5,6,4,3,3,4,6,5,3,3,4,3,5,5,6,6,3,5,4,6,4,4,3,3,2,5,4,4,4,5,7,5,3,5,3,5,5,4,5,6,2,5,5,4,5,1,4,4,6,4,5,5,3,4,5,3,5,4,4,4,4,3,5,7,4,5,3,6,4,7,5,7,5,8,6,2,5,2,5,5,5,5,6,6,6,8,7,7,4,5,7,5,3,4,4,3,3,6,4,5,3,4,5,6,6,4,5,4,3,7,6,7,4,10,5,8,6,7,6,5,5,8,5,3,3,5,2,8,4,4,4,7,5,6,6,1,3,4,3,4,4,3,4,7,5,5,5,17,15,4,20,4,5,6,3,4,7,10,5,9,4,5,9,6,4,5,4,8,3,6,4,3,6,5,7,6,6,6,9,5,7,8,7,3,5,4,4,5,2,4,7,4,2,5,3,4,7,3,3,4,6,7,2,5,4,5,5,4,5,5,3,0,4,5,7,6,6,5,4,9,5,7,6,4,6,6,5,3,4,4,7,6,6,7,7,6,8,4,6,6,4,5,7,7,6,4,6,7,7,6,8,5,5,8,4,6,3,4,5,6,5,5,7,5,5,6,9,9,7,8,5,6,6,6,6,5,4,4,2,5,6,3,6,6,6,7,5,5,3,6,6,4,4,5,8,7,6,6,6,8,9,6,12,6,9,6,7,6,5,6,6,3,5,6,7,8,10,5,8,5,8,4,3,4,5,6,5,6,3,7,5,4,2,2,2,3,5,4,4,4,5,5,5,8,4,7,5,3,5,4,2,4,5,6,5,4,1,3,3,6,8,7,6,3,5,3,3,3,6,3,6,5,4
NUM + NOUN + NOUN + NOUN + NOUN,4,6,6,5,5,3,5,7,6,4,5,7,7,6,4,6,4,7,2,7,6,6,6,7,4,6,4,6,3,6,6,5,5,4,4,6,6,7,3,5,6,8,6,6,4,3,8,5,8,5,5,7,4,3,5,7,6,8,7,6,8,7,5,6,7,6,6,3,4,7,6,8,8,5,5,8,5,6,6,8,4,6,5,8,6,7,5,6,8,7,5,5,6,3,7,7,8,8,5,7,4,8,6,6,3,5,4,7,6,8,6,7,9,7,5,7,7,7,7,6,7,8,6,7,7,8,7,5,6,6,8,6,7,7,5,6,7,5,7,6,6,4,6,5,7,9,8,7,5,8,4,9,7,9,5,10,6,4,7,6,7,5,7,7,6,8,8,10,9,9,8,7,7,7,5,6,6,5,5,6,6,7,5,6,7,8,8,8,7,4,5,9,8,9,6,12,7,10,6,9,8,9,7,10,7,5,3,7,6,10,4,6,8,9,7,8,8,5,5,8,5,8,4,5,6,9,7,7,7,15,13,6,16,6,7,8,5,6,9,12,7,11,4,7,11,8,8,7,4,10,5,8,6,5,6,7,11,10,6,8,11,7,9,10,7,3,7,6,6,7,4,6,9,4,2,7,1,6,9,3,5,4,8,9,6,5,4,7,7,2,5,7,5,4,0,3,9,8,8,7,4,9,5,9,8,6,8,10,5,5,4,6,9,8,8,9,9,6,10,6,8,10,8,7,9,9,10,8,8,9,9,8,10,7,7,10,6,8,5,8,9,8,7,7,9,7,9,6,11,11,9,10,7,10,8,8,8,5,8,6,6,5,8,5,8,8,10,9,7,7,5,2,8,6,4,7,10,9,8,8,8,10,11,8,14,6,9,8,9,8,5,8,6,5,9,8,9,10,12,7,8,5,10,6,5,8,7,10,7,8,5,9,7,6,4,4,4,5,7,6,4,6,7,5,7,10,6,11,7,5,7,8,6,6,7,8,7,8,5,5,5,8,10,9,8,5,7,5,5,5,8,5,8,7,6
NOUN + ADP + DET + NOUN + NOUN + NOUN,5,7,7,6,6,4,6,8,7,5,6,8,8,7,5,7,5,6,3,8,7,7,7,8,5,7,7,5,6,7,7,6,4,5,5,7,5,8,4,4,7,9,7,5,5,4,5,6,7,8,6,8,5,4,4,6,7,9,8,3,9,8,4,5,8,7,7,4,3,8,5,9,9,6,6,9,6,7,7,7,5,5,8,7,7,8,6,7,9,6,4,4,7,4,8,6,7,9,4,8,3,9,7,7,4,6,5,8,7,9,7,8,10,4,4,8,6,6,8,5,6,7,7,8,6,9,8,6,3,5,7,7,8,6,6,7,8,6,6,5,7,5,7,6,8,10,9,8,6,9,5,10,8,10,8,7,9,5,6,7,4,6,8,8,5,5,7,9,6,10,5,8,6,4,6,7,5,4,6,7,5,6,6,9,6,9,7,7,8,7,4,8,9,10,5,11,6,7,7,8,9,10,8,9,8,6,4,6,5,13,3,7,7,10,8,9,9,6,4,9,4,9,7,6,7,10,8,6,8,14,12,5,15,7,6,7,6,7,10,11,8,10,3,6,12,9,9,8,5,11,2,9,3,6,5,6,12,11,3,5,8,6,10,7,4,4,8,7,7,6,3,7,10,7,5,6,2,7,10,4,6,5,9,8,7,6,5,8,8,3,8,8,6,5,3,0,10,7,9,8,5,12,8,10,9,5,7,11,6,4,3,7,10,7,5,8,8,9,9,7,9,9,9,8,10,10,11,7,7,10,8,9,7,6,6,9,5,9,8,7,8,7,6,6,8,4,8,9,10,10,8,9,8,11,9,7,7,6,7,7,7,6,7,6,7,9,11,10,6,6,6,5,7,5,5,6,9,8,7,9,9,7,10,9,13,7,10,7,10,9,4,7,5,6,6,9,10,11,11,4,7,8,9,5,6,9,8,11,6,9,6,8,4,7,5,5,5,6,8,7,3,5,4,2,4,11,7,12,8,6,8,9,7,7,8,9,4,9,6,6,6,9,11,8,9,4,6,6,6,4,9,6,9,6,5
PROPN + VERB + PROPN + PROPN,5,3,3,6,4,6,4,2,5,7,4,4,2,7,7,5,5,6,7,4,5,5,5,4,5,5,5,7,6,3,5,6,6,5,5,5,5,4,6,6,5,5,5,5,7,8,7,6,5,6,8,4,7,8,6,4,3,3,4,7,7,6,6,7,4,5,5,8,7,6,7,1,3,6,6,3,6,5,5,3,7,5,4,5,3,6,6,5,5,8,8,8,5,8,4,6,3,3,6,6,9,5,9,5,8,8,5,2,5,5,5,6,4,8,6,6,8,4,6,5,4,5,7,8,6,5,6,6,7,5,3,5,6,6,6,5,10,6,4,7,5,9,7,4,4,4,3,4,6,5,5,4,6,4,4,11,3,7,6,5,8,6,6,8,11,7,7,7,8,6,7,8,10,8,8,5,5,6,6,7,7,10,6,9,6,5,9,9,8,7,8,8,5,8,7,11,6,7,9,10,7,4,4,5,6,6,6,6,7,13,7,3,9,2,4,7,5,8,6,7,8,5,7,8,7,4,4,6,6,20,18,9,19,5,6,5,6,7,8,11,4,4,7,6,6,5,5,6,7,7,8,5,9,6,11,8,8,11,9,7,8,8,8,11,12,8,4,7,5,6,7,7,2,7,7,6,8,3,8,8,6,7,7,8,9,8,7,6,6,9,6,4,8,7,9,10,0,7,3,4,7,8,6,8,5,5,9,7,8,8,9,5,8,7,7,8,10,7,11,7,5,7,5,6,6,6,7,7,7,8,8,5,9,8,6,9,7,7,8,7,10,9,10,6,8,8,8,5,10,10,10,9,10,7,7,7,7,8,9,5,5,8,11,6,7,7,7,6,8,6,6,11,7,5,9,8,9,6,9,7,7,11,8,7,9,7,10,7,6,7,10,9,9,10,8,5,8,7,7,6,11,4,9,9,8,5,4,7,6,9,4,2,6,5,7,7,7,6,6,5,9,9,10,10,8,7,7,10,4,6,2,5,5,5,6,3,8,5,6,4,6,5,7,2,3,6,4,6,6,6,5,6,7,6,7
ADJ + ADJ + NOUN + ADP + PROPN,4,6,4,3,5,5,5,5,4,6,5,7,5,2,4,4,6,5,6,7,6,4,6,7,6,6,6,6,5,6,6,5,5,6,6,6,6,5,7,5,4,8,6,4,6,7,6,5,6,7,3,7,6,5,5,5,6,6,5,6,8,7,5,4,7,6,6,5,4,7,4,6,6,7,5,6,5,6,4,4,4,6,7,6,6,5,7,6,4,7,5,3,4,5,5,5,4,6,7,5,6,8,4,4,7,5,4,5,6,8,6,3,7,5,3,3,5,7,7,6,3,6,4,3,5,8,5,5,6,4,6,6,7,7,7,6,5,7,5,4,6,6,4,7,7,7,6,7,5,8,8,7,5,5,5,10,6,6,7,6,5,7,7,5,8,8,10,8,9,9,8,7,11,7,5,6,4,7,7,6,4,7,5,6,7,8,6,6,5,6,5,7,8,9,6,12,7,8,8,7,8,7,7,6,7,5,7,5,6,12,6,8,8,7,5,6,6,5,5,8,7,8,6,5,6,7,5,7,7,17,15,6,20,6,7,4,7,4,5,10,7,7,6,9,9,6,6,7,8,10,5,6,6,7,8,3,9,8,6,8,7,7,9,8,7,7,3,4,6,3,6,6,7,6,6,7,7,4,9,5,5,6,8,9,6,5,8,7,7,6,5,5,3,6,8,7,7,0,6,7,6,11,7,5,4,6,8,8,9,5,6,6,9,4,6,9,7,8,10,6,8,8,8,7,9,7,6,8,6,7,7,4,8,7,7,10,4,6,7,8,7,8,5,5,7,5,7,6,11,9,7,8,7,10,8,6,8,7,10,6,8,7,8,5,8,6,10,9,7,7,5,10,6,8,6,7,10,7,6,8,8,8,9,8,8,8,11,10,7,6,5,8,6,7,7,8,9,10,10,7,10,7,8,8,5,6,5,8,5,10,3,5,7,6,6,6,4,7,7,6,4,6,7,7,5,10,8,11,5,5,7,6,6,6,7,6,7,8,7,5,7,4,10,5,6,5,7,5,7,7,6,7,6,7,6
PROPN + PROPN + ADJ,4,4,2,3,5,5,3,1,2,6,5,5,3,4,4,4,6,5,6,5,4,4,4,5,4,6,4,6,5,2,6,5,5,6,6,6,6,3,7,5,2,6,4,4,6,7,4,5,4,5,5,3,6,7,7,5,4,2,3,6,6,7,7,4,5,6,6,5,6,5,4,2,2,5,5,4,5,4,4,4,4,6,5,6,4,3,7,6,4,7,5,5,4,5,3,3,2,4,7,3,6,6,6,2,7,5,4,3,6,6,6,5,5,5,5,3,5,5,7,6,3,4,4,5,5,6,5,5,8,6,4,4,7,7,7,6,7,7,5,6,4,6,4,5,5,3,4,3,3,6,6,3,3,3,3,12,4,6,7,6,5,7,7,5,10,8,6,8,9,7,8,7,11,9,5,2,4,7,7,4,6,7,5,6,7,6,8,8,5,6,5,7,6,9,8,12,5,6,8,9,8,3,5,6,5,5,5,5,6,12,8,4,10,3,1,4,4,5,5,8,7,6,6,5,6,3,3,7,7,19,17,6,18,4,7,4,7,4,5,12,5,5,8,7,5,2,2,7,8,8,7,4,6,7,10,5,7,10,8,6,7,9,9,10,9,7,3,4,6,3,6,4,3,6,6,7,7,4,9,5,5,6,8,7,6,7,6,7,5,8,3,1,5,6,8,9,3,6,0,5,8,9,7,7,4,4,10,6,7,7,8,4,9,6,6,9,7,8,12,6,6,8,6,5,7,5,6,8,6,5,9,4,6,9,7,10,4,6,7,8,7,10,7,3,7,5,5,4,11,9,9,8,9,8,8,8,8,7,10,6,6,7,8,5,8,4,8,7,5,7,5,10,8,6,6,9,8,7,8,8,6,10,9,8,10,8,11,8,5,4,7,10,6,7,7,6,9,8,8,7,12,5,10,8,5,4,3,4,7,10,3,3,5,4,6,6,6,7,5,4,6,8,9,9,7,8,8,11,3,5,3,4,6,4,7,2,5,6,7,5,7,4,8,3,4,7,5,5,7,7,4,7,6,7,6
PART + VERB,3,1,3,4,2,4,4,4,3,5,2,2,2,5,5,3,3,4,5,2,3,3,3,2,5,3,3,5,4,5,3,4,4,3,3,3,3,2,4,4,5,3,3,3,5,6,5,4,5,4,6,6,5,6,4,2,3,5,2,5,5,4,4,5,2,3,3,6,5,4,5,5,3,6,4,3,4,3,5,3,5,3,2,3,3,4,4,3,3,6,6,6,3,6,4,4,5,3,4,4,7,3,7,5,6,6,5,2,3,3,3,4,4,6,4,4,6,4,4,3,4,3,5,6,4,3,4,4,5,3,5,3,4,4,4,3,8,4,4,5,5,7,5,4,2,4,3,4,4,3,5,4,6,6,4,9,3,5,4,3,6,4,2,6,9,5,7,3,6,4,5,6,8,6,6,5,5,4,4,5,5,6,4,5,4,3,9,7,6,5,6,6,3,6,5,7,6,7,7,8,5,4,2,5,2,4,6,4,5,11,5,7,7,6,4,5,3,6,6,5,6,3,5,4,3,6,4,4,4,16,16,7,21,1,2,5,4,5,6,7,2,6,5,6,6,5,5,4,5,5,6,5,7,4,9,6,8,9,7,7,8,6,4,9,10,4,4,5,3,4,5,5,4,5,5,4,6,3,6,6,4,7,7,6,7,6,7,6,4,7,4,6,6,5,7,8,4,7,5,0,5,6,4,6,5,5,7,7,6,6,7,3,4,5,5,6,8,5,7,5,3,5,3,4,2,2,7,5,5,6,4,5,7,6,4,7,5,5,6,5,8,7,6,6,6,6,6,5,8,6,8,7,8,5,5,5,5,6,7,3,5,6,7,4,5,3,5,2,6,4,4,9,5,5,7,6,7,4,7,5,5,9,4,5,7,5,6,5,2,5,8,5,7,8,6,3,4,5,5,4,7,4,7,7,6,3,4,7,4,5,4,4,8,3,5,5,5,4,4,3,7,7,8,8,8,5,5,6,4,4,6,3,3,5,4,3,6,3,4,4,4,3,3,6,3,4,2,6,4,4,3,4,5,4,5
VERB + NOUN + NOUN + ADP + NOUN,4,4,6,5,5,3,5,7,6,4,3,5,5,6,4,6,4,3,2,5,6,4,6,5,4,4,6,4,5,6,4,5,3,2,4,6,2,5,3,5,6,6,6,4,4,3,6,5,4,7,5,7,4,1,3,3,6,8,5,4,8,7,1,6,5,6,6,3,2,7,4,8,6,5,5,6,5,6,6,4,4,4,5,4,4,7,5,6,6,7,3,3,4,3,5,5,6,6,5,7,4,6,6,6,3,5,4,5,4,6,6,7,7,5,3,7,7,5,7,6,5,4,6,7,5,6,5,5,4,4,4,6,5,7,5,6,7,5,3,4,6,4,6,5,5,7,6,7,5,6,4,7,7,9,7,8,6,4,3,6,5,3,7,7,4,4,6,6,5,7,4,7,5,3,5,6,4,5,5,8,4,5,5,8,7,6,6,6,7,6,3,7,6,7,4,12,7,6,6,7,6,7,5,6,7,5,3,5,4,12,2,6,4,9,7,8,6,5,3,6,5,6,6,5,6,9,7,5,5,15,13,6,16,6,5,6,3,6,9,8,5,7,4,5,9,8,8,7,4,8,3,8,4,5,6,5,11,10,6,6,7,3,7,6,7,3,7,6,6,5,4,6,7,6,4,3,3,6,7,3,3,4,8,9,6,5,4,5,7,2,7,7,5,4,4,5,7,6,8,5,0,9,5,9,8,4,6,10,7,3,4,6,7,6,4,7,9,6,6,6,6,6,6,7,7,7,10,8,8,9,7,8,8,5,3,6,4,6,7,4,9,6,7,7,9,5,7,8,11,9,9,8,5,8,8,6,8,3,6,4,4,5,6,5,6,8,8,7,7,7,5,6,6,4,4,5,10,5,6,8,8,8,7,8,10,8,11,6,7,8,3,6,6,7,7,6,9,8,8,3,6,5,8,6,5,6,7,10,5,6,5,5,5,6,4,4,2,5,7,6,4,4,5,5,5,8,6,9,7,5,7,6,4,6,7,6,5,6,5,5,5,6,8,7,6,3,5,5,3,5,6,3,8,5,4
NUM + VERB + NUM + VERB + NUM + NUM,7,5,7,8,6,8,8,8,7,9,6,6,6,9,9,7,7,8,9,4,7,7,7,6,9,7,5,9,6,9,5,6,8,7,7,7,7,6,8,8,9,5,7,7,9,10,9,8,9,4,10,10,7,10,8,6,7,9,6,9,9,6,8,9,6,7,7,10,9,8,9,9,7,10,8,7,8,7,9,7,9,7,4,7,7,8,6,5,7,10,10,10,7,10,8,8,9,5,8,10,11,5,11,9,10,10,9,6,7,5,7,8,6,10,8,8,10,8,8,7,8,7,9,10,8,7,8,8,9,7,9,7,6,8,8,7,12,8,8,9,9,11,9,8,6,8,7,8,8,7,9,8,10,10,6,13,5,7,6,7,10,6,6,8,13,9,11,7,8,6,9,10,12,10,10,9,9,8,8,7,9,10,8,9,8,7,13,13,10,7,10,10,7,10,9,11,10,11,13,12,9,8,6,9,8,8,10,8,9,11,9,11,11,10,8,9,5,10,10,7,10,7,5,10,9,10,8,8,6,16,20,11,21,7,8,9,6,9,10,11,6,10,9,10,8,9,9,6,9,9,10,9,11,6,13,10,14,13,11,11,12,8,8,13,14,10,8,9,7,8,9,9,6,7,7,8,10,7,8,10,8,11,11,12,11,10,11,8,8,11,6,10,10,9,9,12,8,11,9,6,9,0,4,10,9,9,11,11,8,8,11,9,10,9,9,10,12,7,13,7,5,9,7,8,8,8,11,9,9,10,10,11,11,10,8,11,9,9,8,9,12,11,12,10,10,10,10,7,10,10,14,11,12,9,9,7,9,8,11,7,9,12,11,8,9,9,9,6,10,8,8,9,9,9,11,10,13,8,11,9,9,13,8,9,13,7,8,9,6,9,12,9,9,10,10,7,8,7,9,8,13,6,7,11,10,7,8,11,8,9,8,8,12,7,9,9,9,8,8,7,11,11,12,12,12,9,9,10,8,8,10,7,7,9,8,7,10,7,8,8,8,7,9,10,7,8,6,10,8,8,7,6,7,8,9
NUM + VERB + NUM + NOUN,3,3,5,4,4,4,4,6,5,5,2,4,4,5,5,5,5,4,5,4,5,3,5,4,5,3,3,5,2,5,3,4,4,3,3,5,3,4,6,4,5,5,5,5,5,6,7,4,5,2,6,6,3,6,4,4,5,7,4,5,7,6,4,5,4,5,5,6,5,6,5,7,5,6,6,5,4,5,5,5,5,3,2,5,3,6,4,5,5,6,6,6,3,6,4,6,7,5,6,6,7,5,7,5,6,6,5,4,3,5,5,6,6,6,4,6,6,4,6,5,6,5,5,6,4,5,4,4,5,5,5,5,4,6,6,5,8,6,4,5,5,7,5,6,4,6,5,6,4,5,7,6,6,8,4,9,3,3,4,5,6,2,6,6,9,5,7,7,6,6,5,6,8,6,6,5,5,4,6,5,5,6,4,5,6,5,9,9,6,3,6,8,5,6,5,11,6,7,9,10,5,6,4,7,6,4,6,4,5,9,5,7,7,8,6,7,5,6,6,5,6,5,1,6,7,8,6,4,4,14,16,7,19,5,4,7,4,5,8,9,4,8,5,6,8,7,7,6,5,7,6,7,7,6,9,6,10,11,7,7,8,6,6,9,10,6,6,5,5,6,5,5,6,3,3,4,6,5,6,6,4,7,9,8,7,6,7,6,6,7,4,6,6,5,5,8,6,7,7,4,5,4,0,8,7,5,9,9,6,6,7,5,6,7,5,6,8,3,9,5,5,7,5,6,6,6,9,7,7,8,8,7,9,6,4,7,5,5,4,5,8,9,8,6,8,6,8,5,10,10,10,9,8,7,7,5,7,4,7,3,5,8,7,4,5,7,7,6,6,6,4,5,7,5,7,6,9,6,7,7,7,9,8,7,11,5,8,7,6,7,8,7,5,6,6,5,8,7,9,4,9,2,7,7,6,5,6,9,6,7,4,6,8,5,5,5,5,6,6,5,7,7,8,8,8,7,5,8,6,4,6,5,3,5,6,5,6,5,6,4,4,5,7,8,5,6,4,6,4,4,5,4,7,4,5
SCONJ + ADJ + ADJ + NOUN + ADV + VERB,5,5,7,4,4,6,6,8,5,7,6,6,6,3,5,3,5,6,7,6,7,5,5,6,7,7,7,7,6,7,5,6,6,7,5,5,7,6,6,6,5,7,7,7,5,8,7,4,7,8,4,8,7,8,6,6,5,9,4,7,9,6,8,5,4,5,3,6,7,6,5,9,7,8,4,7,6,5,5,7,5,7,6,7,7,6,6,5,3,8,6,6,5,6,6,6,9,7,6,6,7,7,5,7,8,6,7,6,5,7,5,2,8,6,6,4,6,8,4,5,8,7,5,4,6,7,6,6,7,5,9,7,6,6,6,5,6,6,8,7,5,7,5,6,6,8,5,6,6,7,7,6,6,8,8,11,7,7,8,5,8,8,6,6,11,9,11,9,8,8,9,8,10,10,6,7,7,6,6,7,5,8,6,7,6,7,11,11,6,5,6,10,7,10,7,11,8,9,9,8,7,6,6,9,8,6,8,6,7,11,9,9,9,10,6,7,5,6,8,9,6,7,7,6,5,10,8,8,8,18,16,7,19,7,8,9,6,5,6,11,6,10,7,10,10,7,7,6,7,9,8,9,7,6,11,6,10,7,7,9,10,10,8,9,10,8,6,3,5,6,7,7,8,7,7,8,8,5,8,6,6,9,9,10,7,6,9,8,8,9,6,6,4,7,9,10,8,5,7,6,9,10,8,0,5,7,9,9,8,8,9,7,10,5,7,10,6,7,13,7,7,7,5,6,8,6,9,7,5,8,8,7,9,8,8,9,5,7,6,7,8,7,6,6,4,6,8,9,6,10,10,9,8,9,7,7,5,8,11,7,7,8,9,6,7,7,9,8,8,4,6,11,5,9,7,8,11,8,9,7,9,11,10,7,11,7,10,9,8,7,8,9,7,8,8,7,8,7,11,8,11,8,9,9,6,7,8,9,4,9,6,8,10,7,7,5,7,6,8,7,7,9,8,10,10,7,7,10,4,6,8,5,5,7,6,5,8,7,6,6,6,5,7,10,7,6,6,6,8,6,5,8,3,8,7
SCONJ + ADJ + PROPN,4,4,2,3,5,5,3,3,2,6,5,5,3,4,4,4,6,5,6,5,4,4,4,5,4,6,4,6,5,4,6,5,5,6,6,6,6,3,7,5,4,6,4,4,6,7,4,5,6,5,5,5,6,7,7,5,4,4,3,6,6,7,7,4,5,6,6,5,6,5,4,4,4,5,5,4,5,4,2,4,4,6,5,6,4,3,7,6,4,7,5,5,4,5,5,3,4,4,7,5,6,6,6,4,7,5,4,3,6,6,6,5,5,5,5,3,5,5,7,6,3,4,4,5,5,6,5,5,8,6,6,4,7,7,7,6,7,7,5,6,4,6,4,5,5,5,4,5,3,6,6,5,5,3,3,12,4,6,7,6,5,7,7,5,10,8,8,8,9,7,8,7,9,9,5,4,4,7,7,4,6,7,5,6,7,6,8,8,5,6,5,7,6,9,8,10,7,8,8,9,6,5,5,6,5,5,5,5,6,12,8,6,10,5,3,4,4,5,5,8,7,6,6,5,6,5,3,7,7,19,17,6,20,4,7,4,7,4,3,12,5,7,8,7,7,4,4,5,8,8,7,4,6,7,10,5,7,10,8,8,9,9,9,10,9,7,1,4,6,3,6,4,5,6,6,7,7,4,9,5,5,6,8,9,6,7,6,7,5,8,3,5,5,6,8,9,5,4,4,5,8,9,7,5,0,4,10,6,7,7,8,4,9,6,6,9,7,8,12,6,6,8,6,3,7,5,4,8,6,5,9,4,6,9,7,10,4,6,7,8,7,10,7,5,5,5,5,4,9,9,7,6,9,8,8,8,8,7,10,6,6,5,8,5,6,4,8,7,5,7,5,10,8,6,6,9,10,7,8,8,6,10,9,8,8,8,11,8,5,4,7,10,6,7,7,6,9,6,8,7,12,5,10,8,5,4,3,6,7,10,3,5,7,4,6,6,6,7,5,4,6,8,9,9,7,6,8,11,5,5,5,4,6,4,7,4,5,6,7,5,7,4,6,5,4,7,5,3,7,7,4,7,6,7,6
PROPN + ADP + NOUN,2,4,2,3,3,3,1,3,4,4,3,5,3,4,4,4,4,3,4,5,4,4,4,5,2,4,4,4,3,2,4,3,1,4,4,4,2,5,5,3,2,6,4,2,4,5,4,3,2,5,5,3,2,3,3,3,2,4,5,2,6,5,3,4,5,4,4,5,2,5,2,4,4,3,5,4,3,4,2,4,4,4,5,4,2,5,5,4,6,5,3,3,4,5,3,3,4,4,3,3,4,6,6,4,5,5,2,3,4,6,4,5,5,3,3,5,5,3,5,4,3,4,4,5,3,6,5,3,4,4,4,4,5,5,5,4,7,5,3,4,2,6,4,3,5,5,4,3,3,6,4,5,3,5,3,8,4,4,3,4,5,3,5,5,6,4,6,6,5,7,4,5,7,5,5,2,2,5,5,6,4,5,3,6,5,6,6,6,5,4,3,5,6,7,4,10,5,4,6,7,6,5,5,6,5,3,3,5,2,12,4,4,6,5,3,6,6,5,1,6,5,6,4,5,6,5,3,5,5,17,15,6,18,4,5,4,5,4,7,10,5,7,4,5,7,4,4,5,6,8,3,4,4,5,6,5,7,10,6,4,7,5,7,8,7,5,3,4,4,3,4,4,5,4,4,3,5,4,7,5,5,4,6,7,6,7,4,5,5,4,5,3,5,4,6,5,5,6,4,5,4,9,5,7,4,0,8,6,7,3,4,2,7,6,4,7,7,6,8,4,6,6,6,5,7,7,6,6,6,7,7,4,6,5,3,6,2,6,5,4,7,6,7,3,7,3,5,4,9,9,7,6,7,8,6,6,6,5,6,4,4,5,6,3,6,6,8,7,5,5,3,8,6,4,6,5,8,5,6,6,6,6,7,6,10,6,9,4,7,6,5,6,4,5,5,6,7,8,6,3,8,3,8,6,5,6,3,6,5,8,3,3,3,4,4,4,4,5,5,4,4,4,5,5,5,8,6,9,3,5,3,6,4,2,5,4,3,6,5,3,5,6,8,3,4,3,5,3,5,5,6,5,6,5,6
PRON + AUX + DET + NOUN + NOUN + VERB + ADP,6,6,8,7,5,5,7,9,8,6,7,5,7,8,6,6,4,7,6,7,6,8,8,7,6,8,8,6,7,8,6,7,7,6,6,6,6,7,5,5,8,8,8,6,6,7,8,7,8,9,7,9,8,5,5,5,6,10,7,6,10,7,7,6,7,6,6,7,6,9,8,10,8,7,5,8,7,6,8,6,6,6,7,6,8,9,5,6,8,3,7,7,8,7,9,7,8,8,5,9,8,6,8,8,7,7,6,7,8,8,6,7,9,7,5,9,7,7,7,4,7,6,8,9,9,6,7,7,6,4,8,8,7,5,5,6,9,5,7,6,8,8,8,5,7,9,8,7,7,6,6,9,9,11,9,4,8,6,7,6,7,7,7,9,6,6,6,8,5,7,8,5,9,9,7,8,8,7,5,8,6,9,7,10,5,6,4,10,9,8,7,7,4,7,6,10,9,10,10,7,8,9,7,8,7,7,7,7,8,12,8,8,8,11,9,6,8,7,7,8,5,8,8,7,6,11,9,5,9,15,13,6,18,8,7,8,7,6,11,8,7,5,6,5,9,8,10,7,6,8,7,6,8,5,8,5,11,10,8,8,9,7,9,10,9,7,9,8,6,7,4,8,9,8,6,7,7,6,9,7,7,8,8,9,8,7,8,7,5,6,9,9,7,6,8,7,9,8,10,7,6,11,9,9,10,8,0,8,5,7,8,8,9,4,8,7,7,8,6,8,6,6,6,9,5,9,8,6,6,7,7,10,8,5,7,6,8,8,9,8,7,6,7,7,5,7,9,8,9,9,5,6,7,6,8,4,6,9,8,6,8,9,8,5,6,8,6,7,7,5,7,10,4,6,8,5,8,3,2,6,6,6,7,6,8,6,5,8,9,8,7,6,8,9,9,6,5,8,10,7,6,9,8,2,7,8,9,8,5,10,7,7,9,8,6,6,4,5,9,8,8,6,7,7,7,8,8,9,7,7,9,8,8,8,7,8,7,8,5,7,7,8,8,9,8,5,5,7,7,5,8,7,8,5,6
PROPN + PRON + AUX + ADV + ADV,6,6,4,7,7,7,5,5,6,8,7,5,5,8,8,8,8,9,8,7,4,8,4,5,6,8,6,10,7,6,8,7,7,8,8,6,8,7,9,7,6,8,6,6,6,9,8,5,8,7,9,7,8,9,9,7,6,6,7,8,8,9,9,8,5,8,6,9,8,3,8,6,6,7,9,4,7,8,6,6,8,8,7,6,6,5,9,8,8,5,9,9,8,9,7,7,6,6,9,7,10,6,10,6,9,9,6,5,6,6,6,9,7,9,7,7,7,7,5,8,5,8,6,9,9,4,7,5,10,8,8,6,9,9,7,8,9,9,7,6,4,10,8,7,5,7,4,7,7,6,8,7,7,7,5,10,6,8,9,6,9,9,9,9,10,8,8,8,9,7,8,5,11,11,9,6,6,9,7,8,6,11,5,8,7,6,8,10,9,6,9,7,4,7,8,10,9,10,6,9,8,5,7,8,5,7,7,9,6,12,10,8,10,7,5,4,8,7,7,6,7,4,8,9,10,7,5,7,9,23,19,8,22,6,9,6,9,6,9,10,7,7,10,7,7,4,4,9,8,6,9,4,10,9,10,9,9,10,12,10,11,11,11,12,13,9,5,6,8,7,8,8,7,8,8,9,9,6,11,9,9,8,6,9,8,11,8,9,3,10,7,7,9,6,10,11,7,8,6,7,10,11,9,9,6,6,8,0,11,9,10,6,9,10,10,9,7,6,10,6,6,6,6,7,5,7,4,6,8,5,9,8,8,9,7,6,8,8,5,8,7,8,11,7,9,9,7,4,7,11,9,6,5,4,6,10,6,11,6,6,8,9,12,5,8,6,4,7,7,7,7,12,8,8,10,9,10,5,6,6,4,8,9,6,10,8,9,10,9,6,11,10,10,9,9,6,7,8,8,9,10,7,10,6,9,6,5,2,7,12,5,7,9,6,8,6,8,9,7,6,10,10,9,11,9,8,8,7,7,9,7,6,6,6,7,6,9,6,7,7,9,8,8,7,6,9,7,7,9,9,8,9,8,7,10
DET + NUM + NOUN + NOUN + VERB + ADJ,5,5,7,6,4,4,6,8,5,5,6,6,6,7,5,5,3,6,5,6,7,5,7,6,5,7,5,5,4,7,5,6,6,5,5,5,7,4,4,4,7,7,7,7,5,6,5,6,7,6,6,8,5,6,6,6,5,9,6,5,9,6,6,5,6,5,5,6,5,8,7,9,7,6,4,7,6,3,7,7,5,5,6,7,7,6,4,5,7,6,6,6,7,6,6,6,9,7,4,8,7,7,7,5,6,6,5,6,7,7,5,6,8,6,6,6,6,6,6,3,8,5,7,8,6,7,6,6,7,5,9,7,6,4,4,5,8,4,8,7,7,7,5,4,6,8,7,6,4,7,5,8,8,8,6,9,7,5,8,5,6,6,6,6,7,7,7,9,6,8,7,8,10,8,6,5,7,6,4,5,7,8,6,7,4,7,7,9,8,5,6,10,7,10,7,9,6,9,9,6,9,6,6,9,8,6,6,6,7,9,7,7,7,10,6,7,7,6,6,9,4,7,5,6,5,10,8,6,8,14,14,5,19,7,6,9,6,7,8,9,6,10,5,6,8,7,7,6,5,9,6,9,7,4,7,6,12,9,7,7,8,6,8,9,8,6,6,7,5,6,3,5,8,5,3,8,6,5,8,4,6,7,7,8,7,4,7,6,8,7,6,8,6,5,5,6,8,9,7,6,7,8,6,8,7,7,5,11,0,6,7,7,10,5,7,8,6,7,9,7,7,9,7,8,8,8,9,5,5,8,8,9,7,6,8,11,7,7,6,9,8,5,6,6,6,6,8,7,8,6,8,11,8,9,7,5,5,6,9,7,7,8,7,6,7,7,9,8,4,4,6,7,5,5,5,6,9,8,7,7,9,9,10,7,13,3,6,7,6,7,8,9,5,6,8,7,8,9,11,6,11,6,9,5,6,5,8,9,6,9,6,8,8,7,5,5,5,4,8,7,7,5,6,6,6,9,7,12,6,4,8,7,7,7,6,7,4,7,4,6,6,5,9,10,7,4,4,6,6,4,7,6,7,6,5
NOUN + ADP + NOUN + NUM,3,5,5,4,4,2,4,6,5,3,4,6,6,5,3,5,3,4,3,6,5,5,5,6,3,5,3,3,4,5,5,2,2,3,3,5,3,6,4,4,5,7,5,3,3,4,5,4,5,4,4,6,3,2,2,4,5,7,6,3,7,6,2,5,6,5,5,4,1,6,3,7,7,4,4,7,4,5,5,5,3,5,4,5,5,6,4,5,7,6,2,2,5,4,6,4,5,7,4,6,5,7,5,5,4,4,3,6,5,7,5,6,8,4,2,6,6,6,6,5,4,5,5,6,4,7,6,4,3,3,5,5,6,6,4,5,6,4,4,3,5,5,5,4,6,8,7,6,4,7,5,8,6,8,4,7,5,3,4,5,4,4,6,4,5,5,7,7,6,8,5,6,8,4,4,5,3,4,4,5,3,4,4,7,6,7,5,5,6,5,2,6,7,8,3,11,6,7,7,6,7,8,6,7,6,4,4,6,3,11,3,5,5,8,6,7,7,4,2,7,4,7,5,4,5,8,6,6,6,16,14,5,19,5,6,5,4,5,8,9,6,8,3,6,10,7,7,6,5,9,2,7,3,4,5,4,10,9,5,5,8,4,8,7,6,4,6,5,5,4,3,5,8,5,3,4,4,5,8,4,4,5,7,8,5,6,5,6,6,3,4,6,4,3,5,4,8,5,7,6,3,8,6,8,7,3,7,9,6,0,3,5,8,5,5,8,8,7,7,3,7,7,7,6,8,8,9,7,7,8,6,7,7,4,4,7,3,7,6,5,8,5,6,6,8,4,6,5,10,8,8,7,6,9,7,3,7,4,7,5,5,6,5,4,7,7,9,8,6,6,4,5,5,5,5,4,9,6,5,7,7,7,8,7,11,7,10,7,8,7,4,5,5,6,6,7,8,9,9,4,7,6,5,5,4,7,6,9,4,7,4,6,4,5,3,3,3,4,6,5,3,3,4,4,4,9,5,10,6,4,6,7,5,5,6,7,4,7,4,4,4,7,9,6,7,2,6,4,4,4,7,4,7,6,5
NOUN + ADP + NOUN + CCONJ + NOUN,4,6,6,5,5,3,5,7,6,2,5,7,7,6,4,6,4,5,2,7,6,6,6,7,4,4,6,4,5,6,6,5,3,4,4,6,4,7,3,5,6,6,6,4,4,1,6,5,6,7,5,5,4,3,3,5,6,6,7,4,8,5,3,6,7,4,6,3,2,7,4,8,8,5,5,8,5,6,6,6,4,6,7,6,6,7,5,6,8,7,3,3,6,3,7,5,6,8,3,7,4,8,6,6,3,3,4,7,6,8,6,7,7,5,3,7,7,7,7,6,5,6,6,7,5,8,7,5,4,4,6,6,5,7,5,6,7,3,5,4,6,4,6,5,7,7,8,7,5,8,4,7,5,7,7,8,8,4,5,6,5,5,7,7,6,6,8,8,7,9,6,7,7,5,3,6,4,5,5,8,4,5,5,8,7,8,6,6,5,6,3,7,8,9,4,12,7,8,6,7,8,9,7,8,7,5,3,7,4,10,2,6,6,9,7,8,8,5,3,8,5,8,6,5,6,9,7,7,5,15,11,6,18,6,7,6,5,6,9,10,5,9,2,7,11,8,8,7,4,10,3,8,4,5,2,5,9,8,4,6,9,5,9,8,5,3,7,6,6,5,4,6,9,4,4,5,3,6,9,3,5,2,6,9,6,5,2,7,7,4,7,7,5,4,4,3,9,6,8,7,4,11,7,9,8,4,8,10,7,3,0,6,7,6,6,9,9,8,8,6,8,8,8,7,9,9,10,8,8,9,7,8,8,5,5,8,4,8,7,6,9,6,7,7,9,5,7,8,11,9,9,8,7,10,8,6,8,5,6,6,6,5,6,5,8,8,10,9,7,7,5,4,6,6,4,5,10,7,6,8,8,8,9,8,12,8,11,6,9,6,5,6,6,5,7,8,9,10,10,5,8,7,8,6,5,8,7,10,5,6,5,7,5,6,4,4,4,3,7,4,2,4,5,3,5,10,6,11,7,5,7,8,6,6,7,8,5,8,5,5,3,8,10,7,6,3,7,5,3,5,6,5,8,7,6
PROPN + PART + NOUN,2,4,2,3,3,3,1,3,4,4,3,5,3,4,4,4,4,5,4,5,4,4,4,5,2,4,4,6,3,2,4,3,3,4,4,4,4,5,5,3,2,6,4,4,4,5,6,3,4,5,5,3,4,5,5,5,2,4,5,4,6,5,5,4,5,4,4,5,4,5,4,4,4,3,5,4,3,4,2,4,4,4,5,6,2,5,5,4,6,5,5,5,4,5,3,5,4,4,5,1,6,6,6,4,5,5,2,3,4,6,4,5,5,5,3,5,5,3,5,4,3,6,4,5,5,6,5,3,6,4,4,4,5,5,5,4,7,5,3,4,2,6,4,3,5,5,4,3,3,6,4,5,3,5,3,10,4,4,5,4,5,5,5,5,8,6,6,6,7,7,6,5,7,7,5,2,2,5,5,6,4,5,3,4,5,6,8,4,5,4,5,7,6,7,6,10,5,6,4,9,6,5,5,6,3,3,3,5,4,12,6,4,8,5,3,6,6,5,3,6,5,6,4,3,4,5,3,5,5,17,17,6,20,2,3,4,5,4,7,8,5,7,6,5,7,4,4,5,6,6,5,4,6,5,8,5,7,10,8,6,7,7,7,10,9,3,3,4,4,5,4,4,5,4,4,5,5,4,7,5,5,4,6,5,6,7,4,5,5,6,5,3,5,4,6,7,5,6,4,3,6,9,5,7,4,2,8,6,7,5,6,0,5,6,6,7,7,6,8,4,6,8,6,5,5,5,6,6,6,7,7,2,8,7,5,8,4,6,5,6,7,8,5,3,7,5,7,4,9,9,5,8,7,8,6,6,6,7,8,4,4,3,6,3,6,4,8,5,5,5,3,8,6,4,6,7,6,7,6,6,6,8,7,6,10,6,9,4,5,6,7,6,6,7,7,6,7,8,6,5,8,3,8,6,5,6,3,6,5,6,3,5,5,4,4,4,4,5,5,4,6,6,7,7,7,8,6,7,3,5,3,6,4,2,5,4,5,6,5,3,5,6,6,5,4,5,5,3,5,5,6,5,6,5,6
CCONJ + AUX + PART + VERB + PRON + NOUN,5,5,7,6,6,6,6,8,7,5,4,6,6,7,7,7,7,6,7,6,5,5,7,6,7,5,7,7,6,7,5,6,6,5,5,7,5,6,8,6,7,5,7,7,7,6,9,6,7,8,8,6,7,8,6,6,7,7,6,7,9,6,6,7,6,5,7,8,7,8,7,9,7,6,8,7,6,7,7,7,7,5,6,5,5,8,6,7,7,6,8,8,5,8,6,8,9,7,8,6,9,7,9,7,6,6,7,6,5,7,5,8,6,8,6,8,8,6,6,7,8,7,7,8,6,7,6,6,7,7,7,7,6,8,8,7,10,6,6,7,7,7,7,8,6,6,7,8,6,7,9,6,6,8,8,9,7,7,6,7,8,6,6,8,9,5,7,7,8,6,7,4,10,8,6,7,7,6,6,9,7,8,6,7,6,5,9,9,6,7,8,8,5,6,5,9,8,9,9,12,5,8,6,7,4,6,8,6,7,11,7,9,7,10,8,7,7,8,8,7,8,7,7,6,7,10,8,4,4,18,14,7,21,5,4,9,6,5,10,9,4,8,7,8,8,7,9,8,5,7,8,7,9,8,7,8,8,11,9,9,10,8,8,9,10,6,8,7,7,8,7,7,8,5,7,6,8,7,8,8,6,7,7,6,7,8,7,8,6,9,8,8,8,7,9,10,8,9,9,4,7,10,6,10,9,7,9,9,10,8,7,5,0,9,7,4,8,7,5,7,5,9,7,8,4,4,9,9,9,8,4,7,7,6,4,5,7,5,8,5,8,9,8,8,8,8,8,7,12,10,8,7,8,7,7,9,7,8,9,3,7,8,9,4,7,7,7,6,8,8,6,9,9,7,9,6,5,6,7,5,5,9,6,7,7,7,8,7,6,5,10,7,9,10,8,5,6,7,5,6,7,6,9,7,6,7,8,9,8,5,6,8,10,7,7,7,7,6,8,5,9,9,10,10,10,5,3,6,8,6,8,7,5,7,6,7,8,7,8,6,6,7,7,10,5,8,6,8,6,6,5,6,9,6,7
DET + ADJ + NOUN + VERB + ADP,4,4,6,3,3,5,5,7,4,6,5,5,5,4,4,2,4,5,6,5,6,4,6,5,6,6,6,4,5,6,4,5,5,6,4,4,4,5,5,3,4,6,6,4,6,7,4,5,6,7,5,7,6,5,3,3,4,8,3,4,8,5,5,2,5,4,4,5,4,7,4,8,6,7,3,6,5,4,4,4,4,4,5,4,6,5,5,4,4,5,5,3,4,5,5,5,6,6,5,5,6,6,6,6,7,5,6,5,6,6,4,3,7,3,3,5,3,5,5,2,5,4,4,5,5,6,5,5,4,2,6,6,5,3,5,4,7,5,5,4,6,6,4,5,5,7,6,5,5,6,6,5,5,7,7,6,6,6,5,4,5,5,5,5,6,6,8,6,5,7,6,7,9,7,5,6,6,5,5,4,4,7,5,6,3,6,6,8,5,6,5,7,6,9,4,8,5,6,10,5,8,7,5,6,7,5,7,3,6,10,6,8,6,9,5,6,4,5,5,8,5,6,6,5,4,9,7,5,7,13,13,4,16,6,5,6,5,4,7,8,5,7,6,7,9,6,6,5,6,8,5,8,4,5,6,1,9,8,4,6,5,5,7,6,7,7,5,4,4,3,4,6,7,6,6,5,7,4,7,5,5,8,8,7,6,5,8,7,7,6,5,5,5,6,8,7,7,4,6,5,6,9,7,5,6,6,4,10,5,5,6,6,9,0,4,7,5,8,8,6,6,6,6,7,7,5,8,4,2,7,5,6,6,3,5,8,4,6,7,6,5,6,5,3,3,5,7,8,7,7,7,8,7,8,6,2,4,7,8,6,8,9,6,5,6,6,8,7,5,3,5,10,2,6,4,3,8,5,4,6,8,6,7,6,8,4,7,8,7,6,5,6,4,7,7,6,7,8,8,5,8,7,6,6,5,6,7,8,3,8,5,5,7,6,6,6,4,5,7,6,4,4,5,5,5,8,6,11,3,5,7,4,6,6,5,4,5,6,5,5,5,6,8,7,6,5,3,5,7,3,4,7,4,5,4
VERB + ADP + DET + ADJ + NOUN,4,4,6,3,5,5,5,7,4,6,3,5,5,4,4,4,6,1,6,5,6,2,6,5,6,4,6,2,5,6,4,5,3,4,4,6,2,3,7,3,4,6,6,4,6,7,2,5,2,7,5,7,4,5,3,3,6,8,5,2,8,7,3,2,5,6,6,5,4,7,2,8,6,7,5,6,5,4,4,4,4,2,5,4,4,5,5,6,6,5,3,5,4,5,3,3,6,6,5,5,6,6,6,6,7,5,6,5,4,6,6,5,7,1,5,5,3,3,7,4,5,2,4,5,3,6,3,5,2,4,4,6,5,5,7,6,7,7,3,6,6,6,4,7,5,7,6,7,5,6,8,7,5,7,7,6,6,6,3,6,3,3,7,5,6,2,6,6,3,7,2,7,7,3,5,6,4,3,7,4,6,5,5,6,5,6,8,8,5,6,5,7,6,7,4,10,3,2,10,7,6,5,5,6,7,5,7,1,4,12,4,8,6,9,5,6,6,5,5,6,5,6,6,5,6,9,7,3,5,15,13,4,16,6,3,6,5,4,7,8,5,7,6,5,7,6,6,7,6,8,3,8,2,7,8,3,9,10,4,2,5,5,7,4,7,7,5,4,6,5,4,6,7,6,6,3,7,6,7,5,3,8,10,5,6,5,8,7,7,6,5,5,5,6,8,5,7,6,6,5,4,9,5,7,6,4,8,10,7,5,6,6,7,4,0,5,5,6,8,6,6,6,6,7,7,7,8,6,4,7,7,6,4,5,3,6,4,4,7,4,5,8,5,3,5,3,5,8,9,9,7,8,9,8,8,6,6,3,6,4,6,9,6,5,4,6,8,7,5,5,5,10,6,4,4,5,8,5,6,8,8,6,7,8,10,6,9,6,5,6,7,6,2,7,5,6,9,8,8,1,6,5,8,6,5,4,7,8,5,8,5,5,5,6,6,6,6,7,7,6,6,6,5,5,5,8,6,9,5,3,7,6,4,6,7,6,3,6,7,5,5,4,8,7,6,5,5,5,5,5,6,5,6,3,2
AUX + PRON + VERB + PRON + DET + NOUN,5,5,7,6,6,6,6,8,7,7,4,4,6,7,7,7,7,6,7,6,5,5,7,6,7,5,7,7,6,7,5,6,6,5,5,7,5,6,8,4,7,7,7,7,7,8,7,6,7,8,8,8,7,8,6,6,7,9,6,5,9,8,6,5,6,7,7,8,7,8,7,9,7,8,8,7,6,7,7,7,7,3,6,5,5,8,6,7,7,4,8,8,5,8,6,8,9,7,8,8,9,5,9,7,8,8,7,6,5,7,5,8,8,6,6,8,6,4,6,5,8,7,7,8,6,5,4,6,5,7,7,7,6,6,8,7,10,8,6,7,7,9,7,8,6,8,7,8,6,5,9,8,8,10,8,7,7,7,6,7,8,6,8,8,7,3,5,7,4,6,5,4,8,6,8,7,7,4,6,7,7,10,6,9,6,3,7,11,8,7,8,6,5,6,5,11,6,7,11,10,3,8,6,7,6,6,8,4,7,13,7,9,9,10,8,7,7,8,8,5,6,7,7,8,9,10,8,2,6,18,14,7,21,7,4,9,6,5,10,7,6,8,7,4,6,7,9,8,5,5,6,7,7,8,9,6,10,13,7,7,8,6,8,9,10,8,8,7,7,8,5,7,8,7,7,6,8,7,8,8,6,9,9,6,9,8,9,8,6,9,8,8,8,7,9,8,8,9,9,6,7,10,6,10,9,7,7,9,8,8,9,7,4,7,5,0,6,5,7,7,5,7,5,8,6,6,9,7,7,8,6,9,5,6,4,5,7,3,8,5,6,9,8,6,6,6,8,7,10,10,8,7,8,7,7,7,7,8,7,3,7,10,9,4,3,7,5,6,6,6,6,11,7,5,7,6,7,6,5,5,5,7,6,7,7,7,8,9,8,7,10,7,7,10,6,3,8,5,9,4,7,6,9,5,8,7,8,9,8,9,6,8,8,7,7,7,7,8,8,7,9,7,8,8,8,3,3,8,8,6,8,7,5,7,6,7,6,7,8,6,6,7,7,10,7,8,6,8,6,6,7,6,9,2,5
AUX + DET + ADJ + NOUN + ADJ + ADV,5,7,7,4,6,6,6,8,5,7,6,8,8,5,5,5,7,6,7,8,7,5,5,6,7,7,7,7,6,7,7,6,6,7,7,5,7,6,8,4,5,9,7,7,5,8,5,4,7,8,6,8,7,8,8,8,7,9,6,5,9,8,8,3,6,7,5,6,7,6,5,9,9,8,6,7,6,5,5,9,5,5,8,9,7,6,8,7,5,4,6,6,5,6,6,6,9,9,8,6,7,9,7,5,8,6,7,8,5,7,7,6,10,4,6,4,4,6,6,5,8,7,5,6,6,7,6,6,7,7,9,7,8,6,6,7,8,8,8,7,5,7,3,8,6,10,7,8,4,9,9,8,6,8,8,9,9,7,8,7,6,8,8,4,7,7,7,11,8,10,7,6,12,8,6,5,7,6,8,5,5,8,6,7,6,7,7,11,6,5,6,10,7,8,9,11,6,7,9,6,9,8,8,11,8,6,8,4,7,11,9,9,9,10,6,5,7,6,8,9,4,7,7,6,7,10,8,6,8,16,14,5,21,7,6,9,8,5,6,9,8,10,9,8,10,7,7,8,9,9,6,7,5,8,9,4,10,11,9,7,6,8,10,7,10,8,6,3,7,6,5,5,10,7,7,8,8,7,10,6,6,9,9,6,7,6,9,10,6,9,6,6,4,7,9,8,10,7,7,8,9,12,8,6,7,7,7,7,6,8,9,7,8,5,5,6,0,7,9,7,9,9,7,8,8,8,7,7,3,6,10,7,5,8,8,7,5,7,6,9,4,7,4,4,4,6,6,9,8,8,6,9,6,7,7,7,5,8,11,7,9,10,7,6,7,7,7,10,4,4,6,11,5,7,5,8,7,8,5,5,7,9,12,9,11,7,8,11,8,7,8,11,5,8,8,9,8,11,13,6,9,8,11,5,6,7,8,7,6,11,6,10,8,7,7,5,7,8,8,7,7,7,6,8,8,9,7,10,6,6,8,5,7,7,8,7,4,7,8,8,8,5,11,10,9,8,6,6,8,6,7,8,5,6,5
PRON + VERB + NUM + NOUN + ADV,4,4,6,5,5,5,5,7,6,6,3,3,5,6,6,6,6,5,6,5,4,4,4,3,6,4,4,6,3,6,4,5,5,4,4,4,4,5,7,5,6,6,6,6,4,7,8,3,6,5,7,7,4,7,5,5,6,8,5,6,8,7,5,6,5,6,4,7,6,5,6,8,6,7,7,4,5,6,6,6,6,4,3,6,4,5,5,6,6,5,7,7,4,7,5,7,8,6,7,7,8,4,8,6,7,7,6,5,2,4,6,7,7,7,5,7,7,5,5,6,7,6,6,7,5,2,3,5,6,6,6,6,5,7,5,6,9,7,5,6,4,8,6,7,5,7,6,7,5,4,8,7,7,9,5,8,4,4,5,6,7,3,7,7,10,6,8,6,5,5,6,5,7,7,7,6,6,5,7,6,4,7,5,6,7,4,8,10,7,2,7,7,4,5,6,10,7,8,8,9,4,7,5,8,5,5,7,5,6,10,6,8,8,9,7,6,6,7,7,4,5,4,4,7,8,9,7,5,5,17,15,6,20,6,5,8,5,4,9,6,5,7,6,5,7,6,6,7,6,6,7,6,8,7,8,7,9,12,8,8,9,7,7,10,11,7,7,4,6,7,6,6,7,4,4,5,7,6,7,7,5,8,8,9,8,7,8,7,5,8,5,7,7,6,6,9,7,8,8,5,6,7,3,7,8,6,8,6,7,7,8,6,7,8,6,5,7,0,8,4,4,6,4,7,5,7,6,8,6,7,9,8,8,7,5,4,6,4,3,6,9,6,9,7,9,7,7,4,7,9,9,8,7,4,6,6,6,5,6,4,6,9,8,3,4,6,4,5,7,5,5,8,6,6,8,7,10,5,6,4,6,8,7,6,10,6,7,8,7,8,9,6,6,7,7,4,7,6,10,5,8,3,8,6,7,4,7,6,5,8,5,7,9,6,6,4,6,7,7,6,8,8,7,9,9,6,6,7,7,5,7,4,4,6,7,6,7,4,7,5,5,6,6,9,6,7,5,7,5,5,6,5,6,3,6
PRON + AUX + PART + VERB + DET + NOUN + ADP + PRON + NOUN,8,8,10,9,9,7,9,11,10,8,7,7,9,10,8,10,8,7,8,9,8,8,10,9,8,8,10,8,9,10,8,9,7,6,8,10,6,9,9,7,10,10,10,8,8,9,10,9,8,11,9,11,8,7,7,7,10,12,9,8,12,11,5,8,9,10,10,9,6,11,8,12,10,9,9,10,9,10,10,8,8,6,9,8,8,11,9,10,10,5,7,7,8,9,9,9,10,10,9,9,10,8,10,10,9,9,8,9,8,10,8,11,11,9,7,11,9,7,9,8,9,8,10,11,9,8,7,9,8,8,8,10,9,9,9,10,11,9,7,6,10,10,10,9,9,11,10,11,9,8,10,11,11,13,11,6,10,8,7,10,9,7,9,11,8,8,6,8,7,9,8,5,9,7,9,10,8,7,9,10,8,9,7,10,9,8,4,10,11,10,7,7,6,7,6,10,9,10,10,9,6,11,9,10,7,9,9,7,8,16,6,10,8,13,11,8,10,9,7,8,7,10,10,9,10,13,11,7,9,17,13,8,18,8,5,10,7,8,13,6,9,7,8,5,9,10,12,11,8,8,7,8,8,9,6,7,11,14,8,10,9,5,11,6,11,7,11,10,10,9,6,10,11,10,8,7,9,10,11,9,7,10,12,7,10,11,10,9,7,8,11,11,9,8,10,9,11,10,12,7,6,13,9,13,12,8,6,10,9,7,8,8,5,8,8,7,9,8,0,8,8,8,8,11,5,7,10,10,10,9,5,10,10,5,5,4,8,6,11,6,9,6,9,9,9,9,11,10,11,9,7,6,9,8,10,8,10,7,8,6,8,9,8,7,6,8,8,7,9,9,9,12,8,6,10,7,8,5,4,8,6,8,7,8,6,10,9,8,9,10,9,6,10,11,9,6,7,8,10,7,4,9,10,4,9,10,11,10,9,10,9,9,9,10,8,8,8,9,11,10,8,6,7,7,7,8,6,7,11,9,11,10,8,10,9,10,9,10,9,9,9,10,10,11,10,7,9,9,7,7,10,7,12,5,6
NOUN + PRON + NUM,2,4,4,3,3,3,3,5,4,4,3,3,5,4,4,4,4,5,4,5,2,4,4,5,4,4,2,6,3,4,4,1,3,4,4,4,4,5,5,3,4,6,4,4,4,5,6,3,6,3,5,5,4,5,5,5,4,6,5,4,6,5,5,4,5,4,4,5,4,5,4,6,6,5,5,6,3,4,4,6,4,4,3,4,4,5,5,4,6,5,5,5,4,5,5,5,6,6,5,5,6,4,6,4,5,5,4,5,4,6,4,5,7,5,3,5,5,5,5,4,5,6,4,5,5,4,5,3,6,4,6,4,5,5,5,4,7,5,5,2,4,6,4,5,5,7,6,5,3,4,6,7,5,7,3,10,4,2,5,4,5,5,5,3,8,6,8,6,7,5,6,5,9,7,5,4,4,5,5,4,4,5,1,6,5,4,8,8,5,4,5,5,4,7,4,8,7,8,8,9,6,7,5,6,3,3,5,5,4,10,6,6,8,7,5,4,6,5,5,6,5,6,4,5,6,7,5,5,5,17,15,6,20,4,5,6,5,4,7,10,5,7,6,7,7,4,6,5,4,6,5,4,6,5,6,5,9,10,8,8,9,7,7,8,9,5,5,4,4,5,4,4,7,4,4,5,5,4,7,5,5,6,6,9,6,7,6,7,3,6,3,5,5,4,6,7,7,6,6,5,6,7,5,7,6,4,8,6,7,3,6,4,7,6,6,7,7,4,8,0,4,6,4,5,5,5,6,6,6,5,5,6,6,5,5,8,4,6,5,6,7,6,7,5,7,5,7,2,7,7,9,6,7,6,6,4,6,7,8,4,6,7,6,3,6,4,6,5,5,5,3,6,6,6,6,7,8,5,6,6,4,6,7,6,10,6,7,8,7,6,7,8,6,7,7,4,7,6,8,5,10,5,6,6,5,6,5,6,5,8,3,7,7,4,4,4,4,5,5,4,6,6,7,7,7,6,4,9,5,5,5,6,4,4,3,6,5,6,5,5,5,6,6,7,6,5,5,5,5,5,6,5,6,5,6
VERB + PRON + VERB,4,2,4,5,3,5,5,5,4,6,3,1,3,6,6,4,4,5,6,1,2,4,4,3,6,4,4,6,5,6,2,5,5,4,4,4,4,3,5,5,6,2,4,4,6,7,6,5,6,5,7,7,6,7,5,3,4,6,3,6,6,3,5,6,3,4,4,7,6,5,6,6,4,7,5,4,5,4,6,4,6,4,3,2,4,5,3,2,4,5,7,7,4,7,5,5,6,2,5,7,8,2,8,6,7,7,6,3,4,2,4,5,3,7,5,5,7,5,5,4,5,4,6,7,5,2,3,5,6,4,6,4,3,5,5,4,9,5,5,4,6,8,6,5,3,5,4,5,5,2,6,5,7,7,5,8,4,6,3,4,7,5,3,7,10,4,8,2,5,1,6,5,7,7,7,6,6,5,5,6,6,9,3,8,5,2,8,10,7,6,7,5,2,5,4,8,7,8,10,9,4,5,3,4,3,5,7,5,6,12,6,8,8,7,5,4,2,7,7,4,7,4,6,7,6,7,5,3,3,17,15,6,20,4,5,6,3,4,7,8,3,5,6,5,3,4,6,3,4,4,7,4,8,3,8,7,9,10,8,8,9,5,5,8,11,7,5,6,4,5,6,6,3,6,6,5,7,4,5,7,5,8,6,9,8,7,8,5,3,8,5,7,7,6,8,9,5,8,6,3,6,5,5,7,6,6,6,6,7,7,8,6,5,6,6,5,9,4,8,4,0,4,2,5,3,3,6,6,6,5,5,8,6,5,3,6,6,4,7,4,9,6,9,7,7,7,7,4,7,7,9,6,9,4,6,6,6,7,6,2,6,9,10,3,4,4,4,1,7,5,5,10,6,6,8,7,8,3,6,4,4,8,5,4,8,6,7,6,3,6,9,6,8,9,7,2,5,2,6,5,8,5,8,6,7,4,5,6,5,6,5,5,9,4,6,6,6,5,5,4,8,8,9,9,9,4,4,7,5,5,7,4,4,6,3,4,7,4,5,5,5,4,4,7,4,5,3,7,5,5,4,3,4,3,6
PRON + PRON + ADV + VERB + ADP,6,4,6,7,5,7,7,7,6,8,5,3,5,8,8,6,6,5,8,5,4,6,4,5,8,6,6,6,7,8,6,7,5,6,6,6,4,5,7,7,8,6,6,4,6,9,6,5,6,7,9,9,6,7,5,3,6,8,5,6,8,7,5,8,3,6,4,9,6,5,6,8,6,9,7,6,7,6,8,4,8,6,5,4,6,5,7,6,6,7,7,7,6,9,7,5,6,6,7,9,8,4,10,8,9,9,8,5,6,6,6,7,7,7,5,7,7,7,5,6,5,4,6,9,7,4,5,5,6,4,6,6,7,7,7,6,11,7,5,6,6,10,8,7,5,7,4,7,7,2,8,7,9,9,7,8,6,8,5,4,7,5,7,9,10,6,10,6,5,5,6,5,7,7,9,8,6,7,7,8,6,9,5,8,7,4,8,8,9,6,7,5,4,5,6,10,9,8,10,11,6,5,5,6,5,7,9,7,4,12,6,10,6,9,7,6,6,7,7,6,7,6,8,9,8,9,7,7,7,19,15,8,22,6,7,6,7,6,9,8,5,5,8,7,5,6,6,7,8,6,7,6,8,7,10,7,11,10,8,8,9,7,9,10,11,9,7,6,6,5,8,8,7,8,8,5,9,6,9,9,7,10,8,11,8,9,10,9,5,8,7,9,9,6,10,9,7,8,8,5,6,9,7,7,8,6,6,6,9,7,8,8,9,6,6,7,9,6,8,6,4,0,4,7,5,7,6,6,8,7,7,10,6,7,5,6,6,6,7,4,9,6,11,9,9,7,5,6,7,9,11,6,7,6,8,6,6,7,6,6,6,11,10,5,6,6,4,5,9,5,7,12,4,8,10,7,12,3,6,6,4,6,5,6,8,8,9,8,7,8,9,6,8,7,7,4,7,4,8,5,8,7,8,8,9,6,7,6,3,10,7,5,9,6,8,6,6,7,7,6,8,8,9,9,9,6,8,7,7,7,9,6,4,8,5,6,7,6,5,7,7,6,6,7,6,7,5,9,7,7,6,7,6,5,8
ADV + PRON + VERB,4,2,4,5,3,5,5,5,4,6,3,1,3,6,6,4,4,5,6,3,2,4,2,3,6,4,4,6,5,6,4,5,5,4,4,4,4,3,5,5,6,4,4,4,4,7,6,3,6,5,7,7,6,7,5,3,4,6,3,6,6,5,5,6,1,4,2,7,6,3,6,6,4,7,5,4,5,4,6,4,6,4,3,4,4,3,5,4,4,5,7,7,4,7,5,5,6,4,5,7,8,2,8,6,7,7,6,3,4,4,4,5,5,7,5,5,5,5,3,4,5,4,4,7,5,2,3,3,6,4,6,4,5,5,5,4,9,5,5,4,4,8,6,5,3,5,2,5,5,2,6,5,7,7,5,8,4,6,5,2,7,5,5,7,10,6,8,4,5,3,6,5,7,7,7,6,6,5,5,6,4,9,3,6,5,2,8,8,7,4,7,5,2,5,6,8,7,8,8,9,4,3,3,6,3,5,7,5,4,10,6,8,6,7,5,4,4,5,7,4,5,4,6,7,6,7,5,5,5,19,15,6,22,4,5,6,5,4,7,8,3,5,6,5,5,4,4,5,6,4,7,4,8,5,8,7,7,8,8,8,9,7,7,10,11,7,5,4,4,5,6,6,5,6,6,5,7,4,7,7,5,8,8,9,6,7,8,7,3,8,5,7,7,4,8,9,5,8,6,3,6,7,5,5,6,6,6,6,7,7,8,6,7,6,6,5,7,4,8,4,2,4,0,5,3,5,6,4,6,5,7,8,6,7,5,6,6,4,5,4,7,6,9,7,7,7,5,4,7,7,9,6,7,4,6,6,4,7,6,4,4,9,10,3,4,4,4,3,7,3,5,10,4,6,8,7,10,3,6,4,4,8,5,4,8,6,7,8,5,6,9,6,8,7,5,2,5,4,8,5,8,5,8,6,7,4,5,6,3,8,5,5,9,4,6,4,6,5,5,4,8,8,7,9,9,4,6,7,5,5,7,4,2,6,5,4,7,4,3,5,5,4,4,7,4,5,3,7,5,5,4,5,4,3,6
SCONJ + SCONJ,3,3,3,4,4,4,4,4,3,5,4,4,4,5,5,5,5,6,5,4,3,5,3,4,5,5,3,7,4,5,5,4,4,5,5,5,5,4,6,4,5,5,3,3,5,6,5,4,7,4,6,6,5,6,6,4,5,5,4,5,5,6,6,5,4,5,5,6,5,4,5,5,5,6,6,5,4,5,5,5,5,5,4,5,5,4,6,5,5,6,6,6,5,6,6,4,5,5,6,6,7,5,7,5,6,6,5,4,5,5,5,6,6,6,4,4,6,6,6,5,4,5,5,6,6,5,6,4,7,5,7,3,6,6,6,5,8,6,6,5,5,7,5,6,4,6,5,6,4,5,7,6,6,6,4,11,5,5,6,5,6,6,6,6,9,7,9,7,8,6,7,6,8,8,6,5,5,6,6,5,5,8,4,7,6,5,9,9,6,5,6,6,5,8,7,9,8,9,9,10,5,6,4,7,4,4,6,6,5,13,7,7,9,6,4,5,5,6,6,7,6,5,5,6,7,6,4,6,6,20,18,7,21,3,6,5,6,5,2,11,4,8,7,8,8,5,5,4,7,7,6,5,7,6,9,6,10,11,9,9,10,8,8,11,10,6,4,5,5,4,5,5,6,5,5,6,6,5,8,6,6,7,9,10,7,8,7,8,4,7,4,6,6,5,7,8,6,7,5,4,7,8,6,6,3,5,9,7,8,6,7,5,8,7,7,8,8,7,11,5,5,7,5,0,6,6,7,7,7,6,8,7,7,8,6,9,5,7,6,7,8,9,8,6,6,6,6,5,8,10,10,5,8,7,7,7,7,8,9,5,7,6,9,4,5,5,7,6,6,6,4,9,7,7,7,8,11,6,7,7,5,9,8,7,11,7,10,9,6,5,8,9,7,8,8,5,8,5,9,6,11,6,9,7,6,5,4,7,6,9,4,6,8,3,5,5,5,6,4,3,7,7,8,8,8,5,7,10,6,6,6,5,5,5,6,5,6,5,6,6,6,5,5,6,5,6,4,6,6,6,5,6,7,6,7
PRON + AUX + PART + VERB,5,3,5,6,4,6,6,6,5,7,4,2,4,7,7,5,5,6,7,4,3,5,5,4,7,5,5,7,6,7,5,6,6,5,5,5,5,4,6,6,7,5,5,5,7,8,7,6,7,6,8,8,7,8,6,4,5,7,4,7,7,6,6,7,4,5,5,8,7,6,7,7,5,8,6,5,6,5,7,5,7,5,4,5,5,6,6,5,5,4,8,8,5,8,6,6,7,5,6,6,9,3,9,7,8,8,7,4,5,5,3,6,6,8,6,6,8,6,4,5,6,5,7,8,6,3,4,6,7,5,7,5,6,6,6,5,8,6,6,5,7,9,7,6,4,6,5,6,6,3,7,6,8,8,6,7,5,7,6,5,8,6,4,8,9,7,7,3,6,4,7,4,8,8,8,7,7,6,4,7,7,8,4,7,4,3,7,9,8,7,8,6,1,4,7,5,8,9,9,10,5,6,4,7,4,6,8,6,7,11,7,9,9,8,6,3,5,8,8,5,8,5,7,6,5,8,6,6,6,18,16,7,23,3,4,7,6,5,8,7,4,4,7,6,6,5,7,6,7,5,8,3,9,6,9,8,10,11,9,9,10,8,6,11,12,6,6,7,5,6,7,7,6,7,7,6,8,5,8,8,6,9,9,6,9,8,9,8,2,9,6,8,8,7,9,10,6,9,7,2,7,8,6,8,7,7,5,5,8,8,9,5,4,7,7,6,8,5,5,5,3,5,3,6,0,4,5,7,7,4,4,7,7,8,6,5,7,5,8,7,8,7,8,8,6,8,6,5,8,6,6,5,8,3,5,7,5,8,7,5,7,8,9,4,5,3,3,2,6,6,6,11,7,7,9,6,7,2,5,5,3,7,4,3,5,5,4,7,4,5,10,5,9,10,8,3,2,5,7,6,5,6,7,5,8,5,6,5,6,7,6,6,10,5,7,7,7,6,6,5,9,9,10,10,10,5,5,4,6,6,8,5,5,7,6,5,8,5,6,6,6,5,5,8,5,6,4,8,6,6,5,6,7,4,7
ADJ + PART + VERB + PRON,5,3,5,4,4,6,6,6,3,7,4,4,4,5,5,3,5,6,7,4,3,5,5,4,7,5,5,7,6,7,5,6,6,5,5,5,5,4,6,6,5,5,5,5,7,8,5,6,7,6,6,8,7,8,6,4,5,7,2,7,7,6,6,5,4,5,5,6,7,6,5,7,5,8,4,5,6,5,5,5,5,5,4,3,5,4,6,5,3,6,6,6,3,6,6,4,7,5,6,6,7,5,7,5,8,6,7,4,5,5,5,4,6,6,6,4,6,6,6,5,6,5,5,6,6,5,6,6,7,5,7,5,6,6,6,5,8,6,6,5,7,7,5,6,4,6,5,6,4,5,7,4,6,6,6,11,5,7,6,5,6,6,4,6,11,5,9,5,8,4,7,6,10,8,6,5,7,6,6,5,7,6,4,7,6,5,9,9,6,7,6,6,5,8,5,9,8,9,9,8,5,6,4,5,2,6,8,6,7,11,7,9,9,8,4,5,3,6,8,7,8,5,7,4,3,8,6,4,6,18,16,7,19,3,4,7,6,5,6,9,4,8,7,8,6,5,5,6,5,5,8,5,7,6,9,6,8,9,7,9,10,8,6,9,10,6,4,5,5,4,7,5,6,7,7,6,8,5,8,6,6,9,7,8,7,6,9,8,4,9,4,6,6,7,9,10,6,7,5,2,7,8,6,6,5,7,9,7,8,8,9,5,4,5,7,6,8,7,7,5,3,7,5,6,4,0,7,7,5,6,4,7,7,6,4,7,5,5,8,5,8,9,6,6,6,6,6,5,10,8,8,7,10,7,7,7,7,8,9,3,7,8,7,4,7,5,7,4,6,6,6,11,7,7,7,8,5,6,7,7,5,9,4,7,5,7,8,7,4,5,8,7,7,8,6,3,6,5,5,6,9,6,9,7,6,5,6,7,6,7,6,6,10,5,7,7,7,6,6,5,7,9,10,10,10,5,5,8,4,6,8,3,5,7,4,3,6,5,6,6,6,5,5,8,5,6,4,6,6,6,3,6,5,6,7
PRON + AUX + ADV + ADJ + PROPN,6,6,4,5,7,7,5,5,4,8,7,5,5,6,6,6,8,7,8,7,4,6,4,5,6,8,6,8,7,6,8,7,7,8,8,6,8,5,9,7,6,8,6,6,6,9,6,5,8,7,7,7,8,9,9,7,6,6,5,8,8,9,9,6,5,8,6,7,8,5,6,6,6,7,7,6,7,6,4,6,6,8,7,6,6,3,9,8,6,5,7,7,6,7,7,5,6,6,9,7,8,6,8,6,9,7,6,5,6,6,6,7,7,7,7,5,5,7,5,8,5,6,4,7,7,4,5,5,10,8,8,6,9,9,7,8,9,9,7,6,6,8,6,7,5,7,6,7,5,6,8,7,7,5,5,10,6,8,9,6,7,9,9,7,10,8,10,8,9,7,8,5,11,11,7,6,6,9,7,6,6,9,5,6,7,6,6,8,7,6,7,7,4,7,8,10,9,10,8,11,8,5,7,6,5,7,7,7,6,12,10,8,10,7,5,2,6,5,7,6,7,6,8,7,8,7,5,7,9,21,17,6,24,6,9,6,9,4,7,10,7,5,10,9,7,4,4,9,8,6,9,2,8,9,10,7,7,10,10,10,11,11,11,10,11,9,3,6,8,5,8,6,7,8,8,9,9,6,11,7,7,8,8,9,8,9,8,9,3,10,5,7,7,6,10,11,7,6,6,7,10,11,9,9,4,6,8,4,9,9,10,6,9,8,8,9,7,6,10,6,6,6,6,7,5,7,0,8,8,3,9,6,6,9,7,6,6,6,7,8,7,8,9,7,7,7,5,6,9,9,5,6,7,4,6,10,6,9,8,6,6,9,10,5,8,4,4,7,5,7,7,12,8,8,8,9,10,5,6,6,4,8,9,6,6,8,9,10,7,6,9,10,8,7,7,6,7,8,10,9,10,7,10,6,7,4,5,2,7,12,5,7,9,6,8,6,8,9,7,6,8,10,9,11,9,8,8,7,7,7,7,6,6,6,7,6,7,6,7,7,9,6,8,7,6,9,7,5,9,9,6,9,8,7,8
ADV + ADV + DET + NOUN + VERB,4,4,6,5,3,5,5,7,6,6,5,5,5,6,6,4,4,7,6,5,6,6,4,5,6,6,6,6,5,6,4,5,5,6,4,4,6,5,5,3,6,6,6,6,6,7,6,5,8,7,7,7,6,7,5,5,4,8,5,4,8,5,7,4,3,4,4,7,6,3,6,8,6,7,5,6,5,4,6,6,6,4,5,6,6,5,5,4,6,5,7,7,6,7,7,7,8,6,5,7,8,6,8,6,7,7,6,5,6,6,4,5,7,5,5,7,5,5,5,2,7,6,4,7,7,6,7,3,6,4,8,6,5,3,5,4,9,5,7,6,6,8,6,5,5,7,4,5,5,6,6,7,7,9,7,8,6,6,7,2,7,7,5,7,8,6,8,8,5,7,4,7,11,7,7,6,6,5,5,6,6,9,5,6,3,6,8,8,7,6,7,9,6,9,6,8,7,8,10,7,8,5,5,8,7,5,7,5,4,8,8,8,8,9,7,8,6,5,7,6,5,4,6,7,6,9,7,5,7,17,15,6,20,6,5,8,5,6,9,8,5,9,6,7,9,8,6,5,6,8,5,8,6,5,8,5,9,6,8,8,9,7,7,10,9,7,7,6,4,7,4,6,7,6,6,7,7,4,7,7,7,8,8,9,6,7,8,7,7,8,7,7,7,4,8,7,7,8,8,5,8,9,7,7,8,6,6,6,5,7,8,6,9,4,6,7,7,8,10,6,6,6,4,7,7,7,8,0,4,9,7,8,8,5,7,10,6,8,5,6,3,6,7,5,5,5,7,8,7,7,9,10,7,8,6,4,4,9,6,6,6,9,8,5,6,8,8,7,5,3,5,10,4,6,6,5,8,7,6,6,8,8,9,6,12,4,7,8,7,8,9,8,6,7,5,6,7,8,10,5,10,7,8,6,7,6,7,8,5,8,5,7,7,6,6,4,6,5,7,6,8,6,7,7,7,8,6,9,5,5,7,6,4,6,5,6,5,6,3,5,5,6,8,9,6,5,3,7,7,3,6,7,6,5,6
DET + ADJ + NOUN + VERB + ADV,4,4,6,3,3,5,5,7,4,6,5,5,5,4,4,2,4,5,6,5,6,4,4,3,6,6,6,6,5,6,4,5,5,6,4,2,6,5,5,3,4,6,6,6,4,7,4,3,6,7,5,7,6,7,5,5,4,8,3,4,8,5,7,2,5,4,4,5,6,5,4,8,6,7,3,4,5,4,4,6,4,4,5,6,6,5,5,4,4,5,5,5,4,5,5,5,8,6,5,5,6,6,6,6,7,5,6,5,4,4,4,3,7,3,5,5,3,5,5,2,7,6,4,5,5,4,5,5,6,4,8,6,5,3,3,4,7,5,7,6,4,6,4,5,5,7,6,5,5,6,6,5,5,7,7,8,6,6,7,4,5,7,5,5,8,6,8,8,5,7,6,7,11,7,5,6,6,5,5,4,4,7,5,6,3,6,8,10,5,4,5,9,6,9,6,8,5,6,8,3,8,7,5,8,7,5,7,3,6,10,8,8,8,9,5,6,4,5,7,6,3,4,6,5,4,9,7,5,7,15,15,4,18,6,5,8,5,4,7,6,5,9,6,7,9,6,6,5,6,8,5,8,4,5,8,3,9,8,6,6,7,7,7,8,9,7,5,2,4,5,4,6,7,6,6,7,7,4,7,5,5,8,6,7,6,5,8,7,7,8,5,5,5,6,8,7,7,6,6,5,8,9,7,5,6,6,6,8,5,7,8,6,9,2,4,7,3,6,10,6,6,8,6,7,7,5,8,4,0,7,7,6,6,5,7,8,4,6,5,8,5,6,5,3,3,5,7,8,5,7,7,10,7,6,4,4,4,7,8,6,8,9,6,5,6,6,6,7,5,3,5,10,4,6,4,5,8,7,6,4,8,8,9,6,10,4,7,8,7,6,7,8,4,7,7,6,7,8,10,5,10,7,8,6,5,4,7,8,5,8,5,7,7,6,6,4,6,5,7,6,6,6,5,7,7,8,6,11,3,5,7,2,6,6,5,4,5,4,5,5,5,6,8,9,6,5,3,5,7,3,4,7,2,5,4
INTJ + PRON + AUX + ADJ,5,5,5,4,6,6,6,6,3,7,6,4,6,5,5,5,7,6,7,6,3,5,5,6,7,7,5,7,6,7,7,6,6,7,7,7,7,4,8,6,5,7,3,5,7,8,5,6,7,6,6,8,7,8,8,6,7,7,4,7,7,8,8,5,6,7,7,6,7,6,5,7,7,8,6,7,6,5,5,7,5,7,6,5,7,4,8,7,5,4,6,6,5,6,6,4,7,7,8,6,7,5,7,5,8,6,7,6,7,7,5,6,8,6,6,4,6,8,6,7,6,5,5,6,6,5,4,6,9,7,9,5,8,6,8,5,8,8,8,5,7,7,5,8,4,8,7,8,4,5,9,6,6,6,6,9,7,7,8,7,6,8,8,6,9,7,9,7,8,4,9,4,10,10,6,5,7,8,6,5,7,8,4,7,6,5,7,11,6,7,6,6,3,6,7,9,8,9,9,10,7,6,4,7,4,4,8,6,7,13,9,9,11,8,4,1,5,6,8,7,8,7,7,6,7,8,6,6,8,20,16,5,23,5,8,7,8,3,6,11,6,6,9,8,6,3,5,8,7,5,8,3,7,8,9,6,10,11,9,9,10,10,10,9,10,8,4,5,5,4,7,5,8,7,7,8,8,7,10,6,6,9,9,8,7,8,9,10,2,9,4,6,6,7,9,10,8,7,5,6,9,10,8,8,5,7,7,5,8,8,9,7,8,7,7,8,6,7,9,5,5,7,5,6,4,6,3,9,7,0,8,7,5,8,6,7,5,5,8,7,6,9,8,6,6,6,4,5,10,8,6,5,8,5,7,9,7,8,9,5,9,10,9,4,7,3,5,6,4,8,4,11,9,9,7,8,9,4,5,7,3,7,8,5,7,7,8,11,6,5,8,9,7,8,8,5,6,7,9,8,9,8,9,5,6,5,4,3,8,11,6,8,10,5,7,7,7,8,4,5,7,7,10,10,10,7,7,8,6,6,8,5,7,5,6,5,6,5,8,8,8,5,5,8,7,8,6,6,8,8,5,8,7,6,7
NOUN + AUX + PART + VERB + ADP + PRON,5,5,7,6,4,6,6,8,7,7,6,6,6,7,7,5,5,6,7,6,5,7,7,6,7,7,7,5,6,7,5,6,6,7,5,5,5,6,6,6,7,7,7,5,7,8,7,6,7,8,8,8,7,6,4,4,5,9,6,7,9,6,6,7,6,5,5,8,5,8,7,9,7,8,6,7,6,5,7,5,7,7,6,5,7,8,6,5,7,8,6,6,7,8,8,6,7,7,6,8,9,7,9,7,8,8,7,6,7,7,3,6,8,8,4,8,8,8,4,5,6,5,7,8,8,7,8,6,5,3,7,7,6,6,6,5,8,6,6,3,7,9,7,6,6,8,7,6,6,7,7,8,8,10,8,9,7,7,6,5,6,6,4,8,7,7,9,5,8,6,7,6,10,8,8,7,7,6,4,9,5,8,4,9,4,5,9,9,8,7,6,6,5,8,3,7,8,9,9,10,7,8,6,7,4,6,8,8,7,11,7,9,9,10,8,7,7,8,6,9,8,7,7,6,5,10,8,6,8,16,14,9,19,5,6,7,6,7,10,9,6,6,7,10,8,7,9,6,5,7,6,7,7,6,7,6,10,11,7,7,10,8,6,9,10,6,8,7,5,6,7,7,8,7,7,6,8,5,8,8,8,9,7,6,9,8,9,8,6,7,8,8,8,7,9,8,8,7,9,4,7,10,8,8,9,7,7,9,8,6,7,7,4,5,7,6,10,9,5,5,5,7,7,8,4,4,9,7,7,8,0,9,7,4,4,5,7,7,8,5,10,7,8,8,8,8,8,7,10,8,10,5,6,7,5,5,5,8,9,5,9,8,9,6,9,7,7,6,6,6,6,11,5,9,9,4,7,4,7,7,5,7,6,5,5,5,8,7,6,7,8,5,9,10,10,5,6,7,7,6,7,8,5,9,8,7,8,9,4,7,6,6,8,7,7,7,5,6,8,7,7,7,8,8,8,5,3,8,6,6,8,7,7,7,4,7,8,7,6,6,6,7,7,8,7,6,6,8,8,6,7,8,7,8,9
PROPN + PART + ADJ + NOUN + PROPN,4,6,4,3,5,5,3,3,4,6,5,7,5,4,4,4,6,5,6,7,6,4,6,7,4,6,6,6,5,4,6,5,5,6,6,6,6,5,7,5,2,8,6,6,6,7,6,5,4,7,5,5,6,7,7,7,4,4,5,6,8,7,7,4,7,6,6,5,6,7,4,4,4,5,5,6,5,6,4,6,4,6,7,8,4,5,7,6,6,7,5,5,4,5,3,5,4,6,7,1,6,8,6,4,7,5,4,5,6,8,6,5,7,5,5,5,5,5,7,6,5,6,4,5,5,8,5,5,8,6,6,6,7,7,7,6,7,7,5,6,4,6,4,5,7,5,6,5,5,8,6,5,3,5,5,12,6,6,7,6,7,7,7,5,10,8,8,8,9,9,8,7,9,9,5,4,4,7,7,6,6,7,5,4,7,8,8,6,5,6,5,9,8,9,8,12,5,6,6,9,8,5,7,8,5,5,5,5,6,12,8,6,10,5,3,6,6,5,5,8,7,8,6,5,6,5,5,7,7,17,17,6,20,4,5,6,7,4,7,10,7,7,8,7,7,4,4,7,8,8,7,6,6,7,10,5,7,10,8,6,7,9,9,10,9,5,3,4,6,5,6,6,5,6,6,7,7,4,9,5,5,6,8,5,6,7,6,7,7,8,5,3,5,6,8,9,5,4,4,5,8,11,7,7,4,4,10,8,9,7,8,2,7,6,6,9,7,8,10,6,8,10,8,7,7,7,6,8,6,7,9,0,8,9,7,10,4,6,7,8,7,10,5,3,7,5,7,6,11,9,7,10,9,10,8,8,8,7,10,6,6,5,8,5,8,4,10,7,7,7,5,10,8,6,6,9,8,9,8,8,8,10,9,8,10,8,11,6,5,6,7,8,6,7,7,8,9,10,8,7,10,5,10,8,5,6,5,6,7,8,3,5,7,6,6,6,6,7,7,6,6,8,9,9,7,10,8,9,3,5,5,6,6,4,7,4,7,8,7,5,7,6,8,5,6,7,7,5,7,7,6,7,6,7,6
AUX + PRON + ADP + DET + ADJ,6,6,6,5,7,7,7,7,4,8,7,5,7,6,6,6,8,5,8,7,4,6,6,7,8,8,6,6,7,8,8,7,5,8,8,8,6,5,9,5,6,8,6,4,8,9,2,7,6,7,7,9,6,7,7,5,8,8,5,4,8,9,7,4,7,8,8,7,6,7,4,8,8,9,7,8,7,6,6,6,6,6,7,4,8,5,9,8,6,5,5,7,6,7,7,3,6,8,7,7,8,6,8,6,9,7,8,7,8,8,6,7,9,3,5,5,5,7,7,6,5,4,6,7,5,6,5,7,6,6,8,6,9,7,9,8,9,9,7,6,8,8,6,9,5,9,8,9,5,6,10,7,7,7,7,8,8,8,7,8,3,7,9,7,6,4,8,8,5,7,6,5,9,7,7,6,6,7,7,4,6,7,5,8,7,4,8,10,7,8,7,5,6,9,8,12,7,6,10,9,8,7,7,6,5,7,9,5,6,14,8,10,10,9,5,4,6,7,7,8,7,8,8,7,8,9,7,5,9,19,13,6,20,6,7,6,9,4,7,10,7,7,8,7,7,4,6,9,8,6,5,6,4,9,10,5,11,12,8,6,7,9,11,8,9,9,5,6,8,5,6,6,9,8,8,7,9,8,11,7,7,10,10,7,8,9,10,11,5,8,5,7,7,8,10,7,9,8,6,7,8,11,9,9,6,6,8,8,7,7,8,8,7,6,4,5,5,8,10,6,6,6,6,7,7,7,6,8,6,5,7,8,0,9,7,8,6,6,9,8,5,10,7,5,5,5,5,6,11,9,7,6,7,8,8,8,8,7,8,6,10,11,8,5,6,4,6,7,5,7,7,12,8,8,6,7,8,5,6,6,4,6,7,8,8,8,9,10,7,6,9,8,4,9,7,6,9,8,8,5,8,9,8,6,7,6,7,6,7,12,7,7,7,6,8,8,6,9,7,6,8,8,7,7,7,6,6,11,7,7,9,6,8,8,7,6,3,8,9,9,9,6,8,7,8,7,5,7,9,7,6,9,8,5,6
DET + NOUN + VERB + ADP + PRON + NOUN,5,5,7,6,4,4,6,8,7,5,4,6,6,7,5,5,5,4,5,6,5,5,7,6,5,5,7,3,6,7,5,6,4,5,3,5,3,6,6,4,7,7,7,5,5,6,7,6,5,8,6,8,5,4,2,4,5,9,6,5,9,6,4,5,6,5,5,6,3,8,5,9,7,6,6,7,6,5,7,5,5,5,6,5,5,8,4,5,7,6,4,4,5,6,6,6,7,7,6,8,7,7,7,7,6,6,5,6,5,7,5,6,8,6,4,8,6,6,6,3,6,5,7,8,6,7,6,6,3,3,5,7,6,4,6,5,8,6,4,3,7,7,7,6,6,8,7,6,6,7,7,8,8,10,8,5,7,5,4,5,6,4,6,8,5,5,7,5,6,6,5,6,8,6,6,7,5,4,6,7,5,6,4,9,4,7,5,7,8,7,4,6,7,8,1,9,6,7,9,6,5,8,6,7,6,6,6,6,5,13,5,7,5,10,8,7,7,6,4,7,4,7,7,6,7,10,8,4,6,14,12,5,15,7,6,7,4,5,10,9,6,8,5,6,8,7,9,6,3,7,4,7,5,6,3,4,10,11,5,5,8,4,8,5,8,6,8,7,5,6,3,7,8,7,5,4,6,5,8,6,6,7,7,8,7,6,7,8,6,5,8,8,6,5,7,6,8,7,9,6,5,10,6,8,9,5,5,9,6,4,5,7,6,3,5,6,8,7,5,5,5,7,7,8,8,6,9,5,5,8,4,9,9,0,2,5,5,5,8,3,8,3,6,6,6,6,8,7,8,6,8,7,8,9,7,3,5,6,7,3,7,8,5,4,7,7,9,6,6,4,6,9,3,5,7,2,5,6,5,7,7,7,8,7,9,5,8,7,8,9,6,5,7,8,8,5,8,7,9,4,7,6,7,5,6,7,8,9,4,7,6,6,6,7,5,5,5,6,8,7,5,3,4,4,4,7,3,10,6,4,8,7,5,7,4,7,6,7,6,4,4,7,9,8,7,4,4,6,6,2,7,6,7,6,5
VERB + ADP + PRON + NOUN,3,3,5,4,4,4,4,6,5,5,2,4,4,5,5,5,5,2,5,4,3,3,5,4,5,3,5,3,4,5,3,4,2,3,3,5,1,4,6,4,5,5,5,3,5,6,5,4,3,6,6,6,3,4,2,2,5,7,4,3,7,6,2,5,4,5,5,6,3,6,3,7,5,6,6,5,4,5,5,3,5,3,4,3,3,6,4,5,5,4,4,4,3,6,4,4,5,5,4,6,5,5,7,5,6,6,5,4,3,5,5,6,6,4,4,6,6,4,6,5,4,3,5,6,4,5,4,4,3,3,3,5,4,6,6,5,8,6,2,3,5,7,5,6,4,6,5,6,4,5,7,6,6,8,6,7,5,5,2,5,6,2,6,6,7,3,7,3,4,4,3,4,6,4,6,5,3,4,6,7,5,6,4,7,6,5,7,7,6,5,4,4,5,6,1,11,6,5,9,8,3,6,4,5,4,4,6,4,3,13,3,7,5,8,6,5,5,6,4,5,6,5,5,6,7,8,6,2,4,16,14,5,17,5,4,5,4,3,8,9,4,6,5,6,6,5,7,6,3,5,4,5,5,6,5,6,8,11,5,5,8,4,6,5,8,6,6,5,5,4,5,5,6,5,5,2,6,5,6,6,4,7,7,8,7,6,7,6,4,5,6,6,6,5,7,6,6,7,7,4,3,8,4,8,7,3,7,7,8,4,5,5,4,5,3,4,8,5,5,5,3,5,5,6,6,4,7,7,7,6,4,7,7,2,0,3,3,3,6,1,8,5,8,6,8,4,6,5,10,8,8,5,8,7,7,5,7,4,5,1,5,8,7,2,5,5,7,4,6,6,4,9,5,5,7,4,7,4,5,5,5,7,6,5,7,7,8,5,6,7,6,5,5,6,6,3,6,5,7,2,7,4,7,5,6,5,6,7,4,7,4,4,6,5,5,5,5,6,6,5,5,5,6,6,6,5,3,8,6,4,6,5,3,5,4,5,4,5,6,4,4,5,7,6,5,4,4,6,4,4,5,4,7,4,5
PRON + AUX + VERB + ADP + PRON + NOUN + ADV,6,6,8,7,7,7,7,9,8,8,5,5,7,8,8,8,8,5,8,7,6,6,6,5,8,6,8,6,7,8,6,7,5,6,6,6,4,7,9,7,8,8,8,6,6,9,8,5,6,9,9,9,6,7,5,5,8,10,7,6,10,9,5,8,7,8,6,9,6,7,6,10,8,9,9,6,7,8,8,6,8,6,7,6,6,7,7,8,8,5,7,7,6,9,7,7,8,8,7,9,8,6,10,8,9,9,8,7,4,6,6,9,9,7,7,9,9,7,7,8,7,6,8,9,7,4,5,7,6,6,6,8,7,9,7,8,11,9,5,6,6,10,8,9,7,9,8,9,7,6,10,9,9,11,9,6,8,8,5,8,9,5,9,9,8,6,8,6,5,7,6,3,7,7,9,8,6,7,7,10,6,9,7,10,7,6,6,10,9,6,7,5,4,5,4,10,9,8,10,9,4,9,7,8,7,7,9,7,6,14,6,10,8,11,9,6,8,9,7,6,7,6,8,9,10,11,9,5,7,19,15,8,20,8,7,8,7,6,11,8,7,5,8,7,7,8,8,9,6,6,7,6,8,9,8,9,11,14,8,8,11,7,9,8,11,9,9,6,8,7,8,8,9,8,8,5,9,8,9,9,7,10,8,9,10,9,10,9,5,8,9,9,9,8,10,9,9,10,10,7,6,11,7,9,10,6,6,6,11,7,8,8,5,8,6,5,7,4,4,8,6,6,6,9,5,7,6,10,8,7,5,10,8,5,3,0,6,4,7,4,9,6,11,9,9,7,9,8,9,11,9,4,7,4,6,8,8,7,6,4,8,11,10,5,6,8,4,7,9,7,7,12,8,8,10,5,8,3,6,4,4,8,7,6,6,8,9,8,9,8,9,6,8,9,9,4,7,6,10,5,6,7,8,6,9,6,9,6,7,10,7,7,9,8,8,6,8,9,9,8,8,8,7,9,9,6,4,7,9,7,9,6,6,8,7,8,7,6,9,7,7,8,8,9,8,7,7,9,7,7,8,7,8,5,8
ADJ + ADP + NOUN,2,4,4,1,3,3,3,5,2,4,3,5,5,2,2,2,4,3,4,5,4,2,4,5,4,4,4,4,3,4,4,3,1,4,4,4,2,3,5,3,2,6,4,2,4,5,4,3,4,5,3,5,2,3,3,3,4,6,3,2,6,5,3,2,5,4,4,3,2,5,2,6,6,5,3,6,3,4,2,4,2,4,5,4,4,3,5,4,4,5,3,1,2,3,3,3,4,6,3,3,2,6,4,4,5,3,4,5,4,6,4,3,7,3,3,3,3,5,5,4,3,4,2,3,3,6,3,3,4,4,4,4,5,5,5,4,5,5,3,4,4,4,2,5,5,7,6,5,3,6,6,5,3,5,5,8,6,4,3,4,5,3,5,3,6,4,8,6,5,7,4,5,7,5,3,4,2,5,5,4,4,5,3,4,5,6,6,6,3,4,1,5,6,7,4,10,5,6,8,5,6,5,5,6,5,3,5,3,2,10,4,6,6,7,3,4,4,3,3,6,5,6,4,3,4,7,5,5,5,15,13,4,18,4,5,4,5,2,5,10,5,7,4,7,7,4,4,5,6,8,3,6,4,5,6,3,7,8,4,6,7,5,7,6,5,5,3,2,4,1,4,4,7,4,4,3,5,4,7,3,3,6,8,7,4,5,6,7,5,4,3,3,3,4,6,5,7,4,4,5,4,9,5,5,4,2,8,8,7,3,4,4,7,4,4,7,5,6,8,4,6,6,6,5,7,5,6,6,4,5,7,4,6,5,3,6,0,4,5,4,5,6,5,3,5,1,5,6,9,9,7,6,7,8,6,6,6,5,6,4,6,7,6,3,6,4,8,7,5,5,3,8,6,6,4,5,8,5,6,6,6,6,7,6,8,6,9,6,5,4,3,6,4,3,3,6,7,8,8,3,8,5,8,6,3,4,5,6,5,8,3,5,5,4,4,4,4,5,5,4,2,4,5,5,5,8,6,9,3,3,5,4,4,4,5,4,3,6,5,5,5,4,8,5,6,3,5,3,5,5,4,5,4,5,4
PRON + VERB + PRON + ADJ + NOUN,4,4,6,3,5,5,5,7,4,6,3,3,5,4,4,4,6,3,6,5,4,2,6,5,6,4,6,4,5,6,4,5,5,4,4,6,4,3,7,5,4,6,6,6,6,7,6,5,4,7,5,7,6,7,5,5,6,8,5,6,8,7,5,4,5,6,6,5,6,7,4,8,6,7,5,6,5,4,4,6,4,4,5,4,4,5,5,6,6,5,5,5,4,5,3,5,8,6,7,5,6,4,6,6,7,5,6,5,4,6,6,5,7,5,5,5,5,5,7,6,7,4,4,5,3,4,1,5,6,6,6,6,5,7,7,6,7,7,5,6,6,6,4,7,5,7,6,7,5,4,8,7,5,7,7,8,6,6,5,6,7,5,7,5,10,4,8,6,5,5,6,3,7,7,5,6,6,5,7,6,6,7,5,6,7,4,8,10,5,6,5,5,4,5,4,10,5,6,10,9,2,5,5,6,5,5,7,3,6,12,6,8,8,9,5,4,6,5,7,4,7,6,6,5,6,9,7,3,5,17,13,4,20,6,5,8,5,2,7,8,5,7,6,5,3,4,6,7,4,4,7,6,6,7,8,5,9,10,8,6,7,7,7,6,9,7,5,4,6,5,6,6,7,6,6,5,7,6,7,5,3,8,8,7,6,5,8,7,5,8,5,5,5,6,8,9,7,6,6,5,6,9,5,7,6,6,8,8,7,7,8,6,5,6,4,3,7,4,6,6,4,6,4,7,5,5,6,8,6,5,7,6,6,5,3,4,4,0,7,4,7,8,7,5,7,5,7,6,9,7,7,6,9,6,8,8,8,5,6,2,6,9,8,3,4,4,6,5,7,7,5,10,8,6,6,7,8,5,6,6,4,8,5,6,8,8,9,8,5,6,7,6,6,7,7,2,7,4,8,5,8,5,10,6,5,4,7,6,7,8,5,7,9,6,6,6,6,7,7,6,6,8,9,9,9,4,4,7,5,3,7,6,4,6,5,6,7,6,7,5,5,4,6,9,6,7,5,5,5,5,6,5,6,3,4
ADV + NUM + NOUN + ADV,3,5,5,4,4,4,4,6,5,5,4,6,6,5,5,5,5,6,5,6,5,5,3,4,5,5,3,7,2,5,5,4,4,5,5,3,5,6,6,4,5,7,5,5,3,6,7,2,7,4,6,6,3,6,6,6,5,7,6,5,7,6,6,5,4,5,3,6,5,2,5,7,7,6,6,5,4,5,5,7,5,5,4,7,5,4,6,5,7,6,6,6,5,6,6,6,7,7,6,6,7,7,7,5,6,6,5,6,3,5,5,6,8,6,4,6,4,6,4,5,6,7,3,6,6,5,6,2,7,5,7,5,6,6,4,5,8,6,6,5,3,7,5,6,6,8,5,6,4,7,7,8,6,8,4,11,5,3,6,3,6,4,6,6,9,7,9,9,8,8,5,6,10,8,6,5,5,6,6,5,3,6,4,3,6,7,9,7,6,1,6,8,7,8,7,11,8,9,7,8,7,6,6,9,6,4,6,6,3,7,7,7,7,8,6,7,7,4,6,5,4,3,3,6,7,8,6,6,6,18,18,7,21,5,6,7,6,5,8,9,6,10,7,8,10,7,5,6,7,9,6,7,7,6,9,6,8,9,9,9,10,8,8,11,10,6,6,3,5,6,5,5,8,3,3,6,6,5,8,6,6,7,7,10,5,8,7,8,6,7,4,6,6,3,5,8,8,7,7,6,7,8,4,6,7,5,9,5,6,6,7,5,8,7,7,8,6,3,11,5,7,7,5,6,8,8,7,5,5,8,8,7,9,8,6,7,5,7,0,5,6,7,8,6,8,6,6,5,8,10,10,9,4,7,5,7,5,6,7,5,5,8,7,4,7,7,7,8,6,4,4,7,5,7,7,8,11,8,7,5,7,9,10,7,13,5,8,9,8,7,8,9,5,4,6,7,8,9,11,6,11,4,9,7,6,5,6,7,4,9,4,8,8,5,5,3,5,6,6,5,7,7,6,8,8,9,7,8,6,6,6,5,3,5,6,7,6,5,4,6,6,7,9,8,7,6,6,6,6,6,7,6,5,6,7
ADV + VERB + ADP + PRON + NOUN,4,4,6,5,5,5,5,7,6,6,3,5,5,6,6,6,6,3,6,5,4,4,4,5,6,4,6,4,5,6,4,5,3,4,4,6,2,5,7,5,6,6,6,4,6,7,6,5,4,7,7,7,4,5,3,3,6,8,5,4,8,7,3,6,3,6,4,7,4,5,4,8,6,7,7,6,5,6,6,4,6,4,5,4,4,5,5,6,6,5,5,5,4,7,5,5,6,6,5,7,6,6,8,6,7,7,6,5,4,6,6,7,7,5,5,7,5,5,5,6,5,4,4,7,5,6,5,3,4,4,4,6,5,7,7,6,9,7,3,4,6,8,6,7,5,7,4,7,5,6,8,7,7,9,7,8,6,6,3,4,7,3,7,7,8,4,8,4,5,5,4,5,7,5,7,6,4,5,7,8,6,7,5,6,7,6,8,6,7,6,5,5,6,7,2,12,7,6,10,9,4,5,5,6,5,5,7,5,2,12,4,8,4,9,7,6,6,5,5,6,7,6,6,7,8,9,7,3,5,17,15,6,18,6,5,6,5,4,9,10,5,7,6,7,7,6,6,7,4,6,5,6,6,7,6,7,7,10,6,6,9,5,7,6,9,7,7,6,6,5,6,6,7,6,6,3,7,6,7,7,5,8,8,9,6,7,8,7,5,6,7,7,7,4,8,7,7,8,8,5,4,9,5,7,8,4,8,8,9,5,6,6,5,6,4,5,9,6,6,6,4,4,4,7,7,5,8,6,8,7,5,8,8,3,1,4,4,4,5,0,7,6,9,7,9,5,5,6,9,9,9,6,7,8,8,6,6,5,6,2,4,9,8,3,6,6,8,5,7,5,5,10,4,6,8,5,8,5,6,6,6,8,7,6,8,8,9,6,7,8,7,6,6,5,5,4,7,6,8,3,8,5,8,6,7,6,7,8,3,8,5,5,7,6,6,4,6,7,7,6,6,6,7,7,7,6,4,7,7,5,7,6,2,6,5,6,5,6,5,5,5,6,8,7,6,5,5,7,5,5,6,5,6,5,6
ADV + ADV + AUX + DET + ADJ + NOUN,5,7,7,4,6,6,6,8,5,7,6,8,8,5,5,5,7,6,7,8,7,5,5,6,7,7,7,7,6,7,7,6,6,7,7,7,7,6,8,4,5,9,7,7,7,8,5,6,7,8,6,8,7,8,8,8,7,9,6,5,9,8,8,3,6,7,7,6,7,4,5,9,9,8,6,7,6,7,5,9,5,5,8,9,7,4,8,7,7,4,6,6,5,6,6,6,9,9,8,6,7,9,7,7,8,6,7,8,7,7,7,6,10,4,6,6,4,6,8,5,8,7,3,6,6,7,6,4,7,7,9,7,8,6,8,7,8,8,8,7,7,7,5,8,6,10,7,8,6,9,9,8,6,8,8,9,9,7,8,5,6,8,8,6,7,7,7,11,8,10,5,6,12,8,6,7,7,6,8,5,7,8,6,5,6,7,7,9,6,7,6,10,7,8,9,11,6,7,11,8,9,6,8,11,8,6,8,4,5,11,9,9,9,10,6,5,7,4,8,7,6,5,7,6,7,10,8,6,8,18,14,5,21,7,6,9,8,5,8,11,8,10,9,8,10,7,5,8,9,9,6,7,5,8,9,4,8,7,9,7,8,8,10,9,10,8,6,5,7,6,5,7,10,7,7,8,8,7,10,6,6,9,11,6,7,8,9,10,6,9,6,6,6,5,9,8,10,7,7,8,9,12,8,8,7,7,7,7,8,8,9,7,8,5,5,6,4,9,9,7,9,9,7,8,8,8,7,3,5,6,10,7,5,8,8,9,5,7,6,7,0,9,6,4,4,6,4,9,10,10,6,9,8,9,9,7,7,8,7,7,7,10,7,6,7,7,9,10,6,6,6,11,7,7,5,8,7,8,5,7,7,9,12,9,11,7,8,11,8,7,8,11,5,6,6,9,8,11,13,6,9,8,11,5,6,5,8,7,8,11,6,10,8,7,7,5,7,8,8,7,7,7,8,8,8,9,7,8,6,6,8,7,5,7,8,7,6,7,6,8,8,7,11,10,9,8,6,6,8,6,7,8,7,6,5
DET + NOUN + ADP + PRON + NOUN + ADV + VERB,6,6,8,7,5,5,7,9,8,6,7,5,7,8,6,6,4,7,6,7,6,8,6,7,6,8,8,6,7,8,6,7,5,6,6,6,6,7,5,5,8,8,8,6,4,7,8,5,8,9,7,9,6,5,5,7,6,10,7,6,10,7,5,6,5,6,4,7,4,7,6,10,8,7,5,8,7,6,8,8,6,6,7,8,8,7,5,6,8,7,5,5,8,7,9,7,8,8,5,9,8,6,8,8,7,7,6,7,6,8,6,7,9,7,5,9,7,7,5,4,7,8,8,9,7,6,7,7,6,6,8,8,7,5,5,6,9,5,7,4,6,8,8,5,7,9,6,7,7,6,6,9,9,11,9,8,8,6,7,6,7,7,7,9,6,8,8,6,7,7,8,7,11,7,7,8,6,7,5,8,4,7,5,10,5,6,6,8,9,6,5,7,6,9,4,8,9,10,8,5,8,7,7,10,7,7,7,7,6,12,6,8,6,11,9,8,8,7,5,8,3,8,8,7,6,11,9,7,9,17,13,6,18,8,7,8,7,6,11,8,7,9,4,7,9,8,8,7,6,8,5,8,6,5,4,5,11,10,8,8,9,5,9,6,9,7,9,6,6,7,4,8,9,8,6,7,7,6,9,7,7,8,8,11,8,7,8,7,7,6,9,9,7,6,8,7,9,8,10,7,6,11,9,7,10,6,6,8,5,5,6,8,9,6,8,9,7,6,6,6,6,6,6,9,7,9,8,6,6,9,7,10,10,3,5,6,6,8,7,6,9,0,7,7,7,7,9,8,5,5,9,8,7,8,8,6,4,7,10,6,8,9,6,5,8,8,8,7,7,3,7,10,4,6,8,5,8,7,6,6,8,8,9,6,12,6,9,8,9,10,7,8,8,9,9,6,7,8,12,7,10,9,10,6,7,8,9,8,5,10,7,9,7,8,6,6,6,5,9,8,6,4,3,5,5,8,6,9,7,7,9,8,6,8,7,8,7,8,5,7,7,8,8,9,8,3,5,7,7,5,8,7,6,7,6
DET + ADJ + NOUN + PART + ADJ + NOUN,5,7,7,4,6,4,6,8,5,5,6,8,8,3,3,5,5,6,5,8,7,5,7,8,5,7,7,5,6,7,7,6,6,5,5,7,7,6,6,4,5,9,7,7,5,6,5,6,7,8,4,8,7,6,6,8,7,9,6,5,9,8,6,3,8,7,7,4,5,8,5,9,9,6,4,9,6,5,5,9,3,5,8,9,7,6,6,7,5,6,4,4,5,4,6,6,9,9,6,4,5,9,5,5,6,4,5,8,7,9,7,4,10,4,6,4,4,6,8,5,8,7,5,4,6,9,6,6,7,7,9,7,8,6,6,7,6,6,8,7,7,5,3,6,8,10,9,8,4,9,7,8,6,8,8,9,9,5,8,7,6,8,6,4,7,7,7,9,8,10,7,8,8,8,4,5,7,6,6,5,7,6,6,5,6,9,7,7,6,7,4,10,9,10,7,9,6,7,7,6,9,8,8,11,6,6,6,4,7,11,7,7,7,10,6,7,7,4,6,9,4,9,7,2,3,10,8,6,8,14,14,3,19,5,6,9,6,5,6,11,8,12,7,6,10,7,7,8,7,9,6,9,5,6,7,4,8,9,7,7,6,6,8,5,8,4,6,5,7,6,3,5,10,7,5,8,6,7,10,4,4,7,9,6,5,4,7,8,8,7,6,6,2,5,7,6,10,5,7,6,7,12,8,6,7,7,7,11,6,6,7,5,8,5,5,8,4,9,9,7,9,11,9,8,8,6,9,7,5,8,8,5,7,6,8,11,5,7,8,9,6,7,0,4,6,6,8,9,10,6,4,11,8,11,9,7,7,6,9,7,7,6,5,6,7,5,11,8,4,6,6,9,7,5,5,6,7,10,7,9,9,9,10,9,11,7,8,9,6,7,6,7,5,6,8,9,8,11,11,6,9,8,11,5,4,7,8,9,8,7,6,10,8,7,5,5,5,6,8,7,5,5,6,6,6,11,7,10,6,4,8,7,7,7,8,7,4,9,6,6,6,5,9,10,9,6,6,4,6,4,7,6,7,6,3
PROPN + DET + ADJ + NOUN,3,5,3,2,4,4,2,4,3,5,4,6,4,3,3,3,5,4,5,6,5,3,5,6,3,5,5,5,4,3,5,4,4,5,5,5,5,4,6,2,1,7,5,5,5,6,3,4,3,6,4,4,5,6,6,6,3,5,4,3,7,6,6,1,6,5,5,4,5,6,3,5,5,4,4,5,4,5,3,5,3,3,6,7,3,4,6,5,5,4,4,4,3,4,2,4,5,5,6,2,5,7,5,3,6,4,3,4,5,7,5,4,6,2,4,4,2,2,6,3,4,5,3,4,4,7,4,4,5,5,5,5,6,4,6,5,6,6,4,5,3,5,3,4,6,6,5,4,4,7,5,4,2,6,4,9,5,5,6,5,4,6,6,4,7,5,5,9,6,8,5,6,10,6,4,3,3,4,6,3,5,6,4,5,4,7,7,7,4,5,4,8,7,8,7,9,2,3,7,6,7,4,6,7,6,4,4,2,5,11,7,5,7,6,2,5,5,4,4,7,4,7,5,4,5,6,4,4,6,16,14,3,17,5,4,5,6,3,6,9,6,8,7,4,6,3,3,6,7,9,4,5,3,6,7,2,8,9,7,3,4,6,8,7,8,6,4,3,5,4,3,5,6,5,5,6,6,5,8,4,4,5,7,4,5,6,5,6,6,7,4,2,4,5,7,6,6,5,3,6,7,10,6,6,5,3,7,7,6,6,7,3,8,3,3,6,4,7,9,5,7,9,7,6,8,6,7,5,3,6,8,3,5,6,6,9,3,5,6,7,4,7,4,0,4,4,6,5,8,8,6,9,8,9,7,5,5,6,9,5,5,6,5,4,5,5,9,8,4,4,4,9,5,3,3,6,5,8,5,7,7,7,10,7,11,5,8,7,6,5,6,9,3,6,6,7,8,9,9,4,9,4,9,5,4,5,4,5,6,9,4,6,4,5,5,5,5,6,6,5,5,5,6,6,6,9,7,10,2,4,4,5,5,3,6,3,4,7,6,4,6,5,9,6,5,6,4,4,6,4,5,6,5,4,3
SCONJ + AUX + DET + ADJ + NOUN + VERB,5,5,7,4,4,6,6,8,5,7,6,6,6,5,5,3,5,6,7,6,7,5,7,6,7,7,7,7,6,7,5,6,6,7,5,5,7,6,6,4,5,7,7,7,7,8,5,6,7,8,6,8,7,8,6,6,5,9,4,5,9,6,8,3,6,5,5,6,7,8,5,9,7,8,4,7,6,5,5,7,5,5,6,7,7,6,6,5,5,4,6,6,5,6,6,6,9,7,6,6,7,7,7,7,8,6,7,6,7,7,5,4,8,4,6,6,4,6,6,3,8,7,5,6,6,7,6,6,7,5,9,7,6,4,6,5,8,6,8,7,7,7,5,6,6,8,7,6,6,7,7,6,6,8,8,7,7,7,8,5,6,8,6,6,7,7,7,9,6,8,7,6,10,8,6,7,7,6,6,5,7,8,6,7,4,5,7,11,6,7,6,10,5,8,7,9,6,7,11,6,7,8,6,9,8,6,8,4,7,11,9,9,9,10,6,5,5,6,8,9,6,7,7,6,5,10,8,6,8,16,14,5,17,7,6,9,6,5,6,9,6,8,7,8,10,7,7,6,7,9,6,7,5,6,9,4,10,9,7,7,8,8,8,9,10,8,6,5,5,6,5,7,8,7,7,8,8,5,8,6,6,9,9,6,7,6,9,8,6,9,6,6,6,7,9,8,8,7,7,6,9,10,8,4,5,7,5,9,6,8,9,7,8,3,5,6,4,9,9,7,7,9,7,6,6,6,7,5,3,6,8,7,5,6,8,9,5,7,8,9,4,7,6,4,0,6,6,9,6,8,6,7,8,7,7,5,5,8,11,7,9,8,7,6,5,7,7,8,6,4,6,11,5,7,5,6,7,6,5,5,7,9,10,7,9,5,6,9,8,7,8,9,5,8,8,7,6,7,11,6,9,8,9,5,6,7,8,7,6,9,6,8,8,7,7,7,7,6,8,7,7,7,8,8,8,5,7,10,4,6,8,5,7,7,6,5,6,7,6,6,6,7,7,10,7,6,4,6,8,4,5,8,5,6,5
ADJ + ADP + DET + NOUN,3,5,5,2,4,4,4,6,3,5,4,6,6,3,3,3,5,4,5,6,5,3,5,6,5,5,5,5,4,5,5,4,2,5,5,5,3,4,6,2,3,7,5,3,5,6,3,4,5,6,4,6,3,4,4,4,5,7,4,1,7,6,4,3,6,5,5,4,3,6,3,7,7,6,4,7,4,5,3,5,3,3,6,5,5,4,6,5,5,4,4,2,3,4,4,4,5,7,4,4,3,7,5,5,6,4,5,6,5,7,5,4,8,2,4,4,4,4,6,3,4,5,3,4,4,7,4,4,3,5,5,5,6,4,6,5,6,6,4,5,5,5,3,6,6,8,7,6,4,7,7,6,4,6,6,7,7,5,4,5,4,4,6,4,5,3,7,7,4,8,3,6,8,4,4,5,3,4,6,5,5,6,4,5,4,7,7,7,4,5,2,6,7,8,5,9,6,5,9,6,7,6,6,7,6,4,6,4,3,11,5,7,7,8,4,5,5,4,4,7,4,7,5,4,5,8,6,4,6,16,14,5,19,5,4,5,6,3,6,9,6,8,5,6,8,5,5,6,7,9,2,7,3,6,7,4,8,9,3,5,6,6,8,7,4,6,4,3,5,2,3,5,8,5,5,4,6,5,8,4,4,7,9,8,5,6,7,8,6,5,4,4,4,5,7,4,8,5,5,6,5,10,6,6,5,3,7,9,6,4,5,5,8,5,3,6,6,7,9,5,7,7,7,6,8,6,7,5,5,6,8,5,5,6,4,7,1,5,6,5,6,7,6,4,6,0,6,7,8,8,8,7,8,9,7,5,5,6,7,5,7,8,7,4,5,5,9,8,4,4,4,9,5,5,5,6,9,6,5,7,7,5,8,7,9,5,8,7,6,5,4,7,3,4,2,7,8,9,9,2,7,6,9,5,4,5,6,7,6,9,4,6,4,5,5,5,5,6,6,5,3,5,4,4,4,9,7,10,4,4,6,5,5,5,6,5,2,7,6,6,6,5,9,6,7,4,4,4,6,4,5,6,5,4,5
ADV + ADP + AUX + ADJ,5,5,5,4,6,6,6,6,3,7,6,6,6,5,5,5,7,4,7,6,5,5,3,4,7,7,5,5,6,7,7,6,4,7,7,5,5,4,8,6,5,7,5,3,5,8,3,4,5,6,6,8,5,6,6,4,7,7,4,5,7,8,6,5,4,7,5,6,5,4,3,7,7,8,6,5,6,5,5,5,5,7,6,5,7,2,8,7,5,6,4,6,5,6,6,2,5,7,6,6,7,7,7,5,8,6,7,6,5,5,5,6,8,4,4,4,4,8,6,7,4,3,3,6,4,5,6,4,7,5,7,5,8,8,6,7,8,8,6,5,5,7,5,8,4,8,5,8,4,7,9,6,6,6,6,11,7,7,6,5,4,6,8,6,9,7,9,7,8,8,5,6,10,8,6,5,5,8,6,5,5,6,6,5,6,5,9,7,6,5,6,6,5,8,7,11,8,7,9,10,9,4,6,7,6,6,8,6,3,11,7,9,7,8,4,3,5,4,6,7,6,5,7,6,7,8,6,8,8,18,14,7,21,5,8,5,8,5,6,11,6,8,7,10,8,5,3,8,9,7,6,5,5,8,9,6,8,9,9,7,8,8,10,9,10,8,4,5,7,4,7,5,8,7,7,6,8,7,10,6,6,9,9,8,7,8,9,10,4,7,4,6,6,5,9,8,8,7,5,6,7,10,8,8,5,5,9,7,8,6,7,7,8,7,5,8,6,7,11,7,7,5,5,6,6,6,5,7,7,4,8,7,5,8,6,9,5,7,6,5,4,9,8,6,6,6,0,7,10,8,8,7,6,7,7,7,7,6,7,7,7,10,7,6,9,5,7,8,4,6,6,11,5,9,7,8,9,6,7,7,5,7,8,7,9,7,10,9,6,5,8,9,5,6,6,7,8,9,9,6,11,8,9,7,6,3,6,5,4,11,6,6,8,5,7,5,5,8,6,5,7,7,8,8,8,7,7,8,6,6,8,5,5,7,8,5,4,5,6,8,8,5,9,6,7,6,6,6,8,8,5,8,7,8,7
PROPN + PRON + NUM,4,4,2,5,5,5,3,3,4,6,5,3,3,6,6,6,6,7,6,5,2,6,4,5,4,6,2,8,3,4,6,3,5,6,6,6,6,5,7,5,4,6,4,4,6,7,6,5,6,3,7,5,4,7,7,5,4,4,5,6,6,7,7,6,5,6,6,7,6,5,6,4,4,5,7,4,5,6,4,4,6,6,3,4,4,5,7,6,6,5,7,7,6,7,5,5,4,4,7,5,8,4,8,4,7,7,4,3,6,6,6,7,5,7,5,5,7,5,7,6,3,6,6,7,7,4,5,5,8,6,6,4,7,7,7,6,9,7,5,4,4,8,6,5,5,5,4,5,5,4,6,5,5,5,1,10,2,4,7,6,7,5,7,5,10,6,8,6,7,5,8,5,9,9,7,4,4,7,7,4,6,7,3,6,7,4,8,8,7,4,7,5,4,7,6,10,7,8,8,11,6,5,5,6,3,5,5,7,6,12,8,6,10,5,3,4,6,7,5,6,7,6,4,7,8,5,3,5,7,19,17,6,20,4,7,4,7,4,7,10,5,7,8,5,5,2,4,7,6,6,7,4,8,7,8,7,7,12,10,8,9,9,9,10,11,7,3,6,6,5,6,6,5,4,4,7,7,4,9,7,7,6,6,9,8,9,6,7,3,8,3,5,7,6,6,9,5,6,4,5,8,7,5,9,4,4,8,4,7,5,8,4,7,8,8,7,9,4,10,2,4,6,4,5,5,5,6,8,8,5,7,6,6,7,5,8,6,6,5,6,9,8,9,5,9,7,7,0,9,9,9,6,9,6,8,6,8,7,8,4,6,7,8,3,6,4,6,5,7,7,5,8,8,6,8,9,8,5,6,6,4,8,7,6,10,6,7,8,7,6,9,8,6,7,9,4,7,6,6,7,10,3,8,6,7,6,3,4,7,10,3,5,7,4,6,6,6,7,5,4,8,8,9,9,7,6,6,9,5,7,5,6,6,4,5,4,7,6,7,5,7,6,6,5,4,7,5,5,7,7,6,7,8,5,8
SCONJ + DET + NOUN + PRON + VERB + ADV + VERB + ADV,7,7,9,8,6,8,8,10,9,9,8,6,8,9,9,7,7,10,9,6,7,9,7,6,9,9,9,9,8,9,7,8,8,9,7,5,9,8,8,6,9,7,9,9,7,10,9,6,11,10,10,10,9,10,8,8,7,11,8,7,11,6,10,7,6,7,5,10,9,6,9,11,9,10,8,7,8,7,9,9,9,7,8,9,9,8,6,5,9,8,10,10,9,10,10,10,11,7,8,10,11,5,11,9,10,10,9,8,7,5,7,8,8,8,8,10,8,8,6,5,10,9,9,10,10,5,8,8,9,7,11,9,8,6,6,7,12,8,10,7,7,11,9,8,8,10,7,8,8,7,9,10,10,12,10,11,9,9,8,7,10,10,6,10,11,9,11,9,8,8,9,10,10,10,10,9,9,8,8,9,7,12,6,11,6,7,11,13,10,7,10,10,7,10,9,7,10,11,11,6,7,8,8,11,8,8,10,8,9,13,11,11,9,12,10,9,7,10,10,5,6,5,9,10,9,12,10,8,8,18,16,9,21,9,8,11,8,9,10,9,8,10,9,10,8,9,9,6,9,9,8,9,9,6,9,8,14,13,11,11,12,10,8,11,12,10,10,7,7,10,7,9,8,9,9,10,10,7,8,10,10,11,9,12,11,10,11,10,8,11,10,10,10,9,11,10,10,11,11,8,11,10,10,6,9,9,9,7,8,10,11,9,12,7,9,10,8,7,11,7,7,7,7,8,8,10,9,7,5,10,10,11,11,8,10,9,9,9,8,9,10,5,10,8,6,8,10,9,0,6,12,9,8,7,7,7,5,12,7,9,9,10,11,8,7,9,7,8,8,4,8,13,5,9,9,8,11,8,9,7,9,9,8,9,13,7,8,11,8,11,12,9,9,12,10,7,8,5,11,8,13,10,11,9,10,7,10,9,6,11,8,10,10,9,9,7,9,8,10,9,11,9,8,10,10,7,9,10,8,8,10,7,7,9,8,9,8,7,8,8,8,9,7,12,9,8,6,10,10,6,9,8,5,8,9
DET + NOUN + ADP + PRON + VERB + PART + VERB + ADJ,7,7,9,8,6,8,8,10,7,9,8,6,8,9,9,7,7,8,9,6,7,7,9,8,9,9,9,7,8,9,7,8,8,9,7,7,9,6,8,6,9,7,9,7,9,10,7,8,9,10,10,10,9,8,8,8,7,11,8,7,11,6,8,7,8,7,7,10,7,10,7,11,9,10,8,9,8,5,9,9,7,7,8,9,9,8,6,5,9,8,6,8,9,8,8,6,9,7,8,8,11,5,11,7,10,8,9,8,9,7,7,8,8,8,6,8,8,8,8,5,8,7,9,10,6,7,6,8,9,7,11,9,8,6,8,7,12,8,10,5,9,11,7,8,8,10,9,8,6,7,9,10,10,10,10,9,9,9,8,7,6,10,4,8,9,9,11,5,8,8,9,10,10,10,8,7,9,8,8,7,7,8,6,9,6,7,9,9,10,9,8,8,7,10,7,5,8,11,11,8,9,8,8,11,8,8,10,8,9,15,9,11,9,12,8,7,7,10,8,7,8,9,9,8,7,12,10,8,8,14,12,7,21,7,8,9,8,7,10,9,8,10,7,10,6,7,9,6,9,7,8,9,7,6,7,6,12,13,11,9,8,8,8,7,12,8,8,9,7,8,7,7,8,9,9,10,10,7,8,8,8,11,11,8,11,8,11,10,8,9,8,10,8,9,11,10,10,9,9,6,9,10,10,10,9,9,9,11,6,8,9,9,10,7,9,10,8,9,9,7,7,9,7,10,6,8,9,7,7,8,8,9,9,6,8,11,9,7,10,9,10,5,6,8,8,8,8,9,6,0,10,9,10,9,9,7,7,8,11,9,11,10,7,8,9,5,9,6,6,6,8,13,7,9,9,8,9,8,7,9,9,9,6,9,11,7,6,11,4,9,10,7,9,12,10,7,6,7,9,8,11,10,11,9,10,7,10,9,8,9,8,10,10,9,9,9,7,8,10,9,9,7,8,8,8,9,9,8,8,6,10,9,9,9,8,9,6,9,8,8,8,7,9,10,9,6,6,10,10,6,9,8,7,8,9
PRON + AUX + DET + ADJ + NOUN + PROPN + PART + NOUN,7,9,7,6,8,6,6,8,7,7,8,8,8,7,5,7,7,8,7,10,7,7,9,10,7,9,9,9,8,7,9,8,8,7,7,9,9,8,8,6,7,11,9,9,7,8,7,8,9,10,6,8,9,8,8,10,7,9,8,7,11,10,8,5,10,9,9,6,7,10,7,9,9,8,6,9,8,9,5,9,7,7,10,9,7,8,8,9,9,4,8,6,7,6,8,8,9,9,8,6,7,9,7,7,8,8,5,8,9,11,9,8,10,6,8,8,6,8,10,7,8,9,7,8,8,9,6,8,9,9,9,9,10,8,8,9,8,8,8,9,7,7,7,8,8,10,9,8,8,9,9,10,8,8,8,7,9,7,10,9,8,10,8,8,9,7,7,9,8,10,9,6,8,10,8,7,7,8,8,7,9,8,8,9,8,9,5,7,8,9,8,10,7,8,9,11,8,9,7,8,9,10,10,9,8,8,8,6,9,15,9,9,9,10,8,5,9,6,8,9,6,11,9,4,5,10,8,6,10,18,16,5,21,7,8,9,8,5,10,11,10,8,9,6,10,7,9,10,9,9,8,5,7,8,9,6,10,11,9,9,10,8,10,9,10,6,6,7,9,8,5,9,10,9,7,10,8,7,12,8,6,7,9,8,7,8,9,8,6,9,8,8,6,7,9,8,10,7,9,8,9,14,10,10,7,7,5,9,8,8,9,5,8,7,7,8,6,9,7,9,9,11,9,10,6,8,5,9,7,6,10,7,7,8,8,9,7,7,10,9,6,9,4,6,6,8,8,9,12,10,0,9,10,9,11,9,9,10,9,7,9,6,7,6,7,7,9,8,8,8,8,11,9,7,7,8,7,8,5,9,7,9,10,9,9,9,6,9,10,9,8,7,7,8,10,9,6,11,11,8,7,8,13,3,6,9,8,7,10,9,6,10,10,9,7,7,7,8,10,9,7,7,8,8,8,11,9,8,8,8,8,9,9,7,10,9,8,11,8,6,8,9,11,10,9,8,8,6,8,6,9,8,9,6,5
SCONJ + PRON + AUX + ADP + PRON,6,6,6,7,7,7,7,7,6,8,7,5,7,8,8,8,8,7,8,7,4,8,6,7,8,8,6,8,7,8,8,7,5,8,8,8,6,7,9,7,8,8,6,4,8,9,6,7,8,7,9,9,6,7,7,5,8,8,7,6,8,9,7,8,7,8,8,9,6,7,6,8,8,9,9,8,7,8,8,6,8,8,7,4,8,7,9,8,8,5,7,7,8,9,9,5,6,8,7,9,8,6,10,8,9,9,8,7,8,8,6,9,9,7,5,7,9,9,7,8,5,6,8,9,7,6,7,7,8,6,8,6,9,9,9,8,9,9,7,4,8,10,8,9,5,9,8,9,7,4,10,9,9,9,7,8,8,8,7,8,7,7,9,9,8,6,10,6,7,7,8,3,7,9,9,8,6,9,7,8,6,9,5,10,7,4,6,10,9,8,7,3,4,7,6,10,11,10,10,11,4,9,7,6,5,7,9,9,6,14,8,10,10,9,7,4,8,9,7,8,9,8,8,9,10,9,7,7,9,21,15,8,18,6,9,6,9,6,7,10,7,5,8,9,7,6,8,7,8,4,7,4,8,9,8,7,11,14,10,10,11,9,11,10,11,9,7,8,8,5,8,8,9,8,8,7,9,8,11,9,9,10,10,11,10,11,10,11,3,8,7,9,9,8,10,9,9,8,8,7,8,11,9,9,6,6,6,6,11,7,8,8,7,8,8,7,9,8,6,6,6,6,6,5,5,7,6,10,10,5,5,10,6,7,5,4,6,6,9,6,9,8,11,9,7,7,7,6,9,9,9,0,7,6,8,8,8,9,8,6,10,9,10,5,6,6,4,7,7,9,7,12,8,10,10,7,10,3,4,6,2,6,7,6,6,8,9,10,9,6,9,8,8,9,9,4,7,4,8,7,8,9,8,6,9,8,7,6,7,12,7,7,9,6,8,8,6,9,7,6,8,8,9,9,9,4,6,9,9,9,9,8,8,8,5,8,7,8,9,9,9,8,6,7,8,7,7,9,9,9,8,9,10,7,10
NOUN + AUX + ADV + NOUN + ADP + ADV,5,7,7,6,6,4,6,8,7,5,6,8,8,7,5,7,5,8,5,8,7,7,5,6,5,7,7,7,6,7,7,6,6,5,5,5,7,8,6,6,7,9,7,5,3,6,7,4,9,8,6,8,7,4,6,6,7,9,8,7,9,8,6,7,6,7,5,6,5,4,7,9,9,6,6,7,6,7,7,7,5,7,8,7,7,6,6,7,9,6,6,6,7,6,8,6,7,9,6,8,7,9,7,7,6,6,5,8,5,7,5,8,10,8,4,8,6,8,4,7,6,7,5,8,8,7,8,4,7,5,9,7,8,8,4,7,8,6,8,5,5,7,7,6,6,10,7,8,6,9,7,10,8,10,8,9,9,5,8,5,6,8,8,8,7,9,9,9,10,10,7,6,10,8,6,7,7,6,6,9,3,8,6,7,6,7,7,7,8,5,6,8,7,8,7,11,8,11,7,8,9,8,8,9,8,6,6,8,5,11,7,7,7,10,8,7,9,6,6,7,4,5,7,6,7,10,8,8,8,18,14,7,21,7,8,7,6,7,10,9,8,8,7,8,12,9,7,8,7,9,6,7,7,6,9,6,10,11,9,9,10,8,10,11,10,6,8,5,7,6,5,7,10,7,5,8,6,7,10,6,6,7,7,8,7,8,7,8,6,5,8,8,6,5,7,8,10,7,9,8,5,12,8,8,9,7,7,5,8,6,7,7,8,7,9,8,6,7,9,7,9,7,7,8,8,10,7,7,7,8,6,9,7,8,8,7,7,9,4,7,8,7,8,8,8,8,6,9,8,10,10,7,0,7,5,7,5,8,9,7,7,8,9,6,9,9,7,10,6,6,6,9,5,7,7,6,11,6,5,5,7,7,10,7,11,7,10,9,10,7,6,9,9,8,8,9,8,11,11,8,9,8,7,7,6,7,8,7,4,9,6,8,8,7,5,3,3,6,8,7,7,7,6,8,8,9,5,8,8,6,8,7,5,7,8,9,8,7,6,6,6,9,11,8,9,6,8,6,6,6,9,6,7,8,7
PRON + AUX + AUX + VERB + ADV,6,4,6,7,5,7,7,7,6,8,5,3,5,8,8,6,6,7,8,5,4,6,4,3,8,6,6,8,7,8,6,7,7,6,6,4,6,5,7,7,8,6,6,6,6,9,8,5,8,7,9,9,8,9,7,5,6,8,5,8,8,7,7,8,5,6,6,9,8,5,8,8,6,9,7,4,7,6,8,6,8,6,5,6,6,5,7,6,6,5,9,9,6,9,7,7,8,6,7,9,10,4,10,8,9,9,8,5,4,4,4,7,7,9,7,7,7,7,5,6,7,6,6,9,7,2,5,5,8,6,8,6,7,7,5,6,9,7,7,6,6,10,8,7,5,7,6,7,7,4,8,7,9,9,7,8,6,8,7,6,9,7,7,9,10,8,8,6,7,5,6,5,9,9,9,8,8,7,5,8,6,11,5,8,5,4,8,10,9,6,9,7,2,5,8,8,9,10,8,9,6,7,5,8,5,7,9,7,6,10,8,10,10,9,7,4,6,7,9,4,7,4,8,9,8,9,7,7,7,21,17,8,24,6,7,8,7,6,9,8,5,5,8,7,7,6,6,7,8,6,9,4,10,7,10,9,11,12,10,10,11,9,9,12,13,9,7,6,6,7,8,8,7,8,8,7,9,6,9,9,7,10,8,9,8,9,10,9,3,10,7,9,9,6,10,11,7,10,8,5,8,9,7,9,8,8,6,4,9,9,10,8,7,8,8,7,7,4,8,6,4,6,4,7,3,7,4,8,6,5,7,10,8,9,7,4,8,6,7,8,9,8,11,9,7,9,7,6,7,9,9,6,7,0,2,8,6,9,6,6,8,11,12,5,6,6,2,5,7,7,7,12,8,8,10,7,10,3,6,4,4,8,7,2,8,6,7,10,7,6,11,8,10,9,9,4,5,6,10,7,8,7,8,6,9,4,7,4,7,10,7,7,11,6,8,6,8,7,7,6,10,10,9,11,11,6,6,5,7,7,9,4,6,8,7,6,9,4,7,7,7,6,6,9,6,7,5,9,7,7,6,7,6,5,8
NOUN + AUX + AUX + VERB + ADV,4,4,6,5,3,5,5,7,6,6,5,5,5,6,6,4,4,7,6,5,6,6,4,3,6,6,6,6,5,6,4,5,5,6,4,2,6,5,5,5,6,6,6,6,4,7,8,3,8,7,7,7,6,7,5,5,4,8,5,6,8,5,7,6,5,4,4,7,6,5,6,8,6,7,5,4,5,4,6,6,6,6,5,6,6,5,5,4,6,7,7,7,6,7,7,7,8,6,5,7,8,6,8,6,7,7,6,5,4,4,2,5,7,7,5,7,7,7,3,4,7,6,6,7,7,4,7,5,6,4,8,6,5,5,3,4,7,5,7,6,4,8,6,5,5,7,6,5,5,6,6,7,7,9,7,10,6,6,7,4,7,7,5,7,8,8,8,8,7,7,6,7,11,9,7,6,6,5,3,8,4,9,5,8,3,4,10,10,7,4,7,9,4,7,6,8,7,10,6,7,8,7,5,8,7,5,7,7,6,8,8,8,10,9,7,6,6,7,7,6,5,4,6,7,6,9,7,7,7,19,15,8,22,6,7,8,5,6,9,8,5,7,6,9,9,8,6,5,6,8,7,6,8,5,10,7,11,10,8,8,11,9,7,12,11,7,7,4,4,7,6,6,7,6,6,7,7,4,7,7,7,8,6,7,8,7,8,7,5,8,7,7,7,6,8,9,7,8,8,5,8,9,7,7,8,6,8,6,7,7,8,6,7,6,8,7,7,6,10,6,6,8,6,7,5,7,6,6,4,7,5,8,8,7,7,6,6,8,5,8,9,8,9,7,7,7,7,8,7,9,11,8,5,2,0,6,4,9,8,6,8,9,10,5,8,8,4,7,5,5,5,10,6,8,8,5,10,5,8,4,6,8,9,2,8,4,9,8,7,6,9,8,8,9,9,6,7,8,10,7,10,7,6,8,7,4,7,6,5,8,5,7,9,6,6,4,6,5,7,6,8,8,7,9,9,6,4,7,5,5,7,4,6,6,5,6,7,4,5,5,5,6,8,9,6,5,5,7,7,5,6,7,4,7,8
DET + NOUN + VERB + ADP + NUM,4,4,6,5,3,5,5,7,6,6,5,5,5,6,6,4,4,5,6,5,6,6,6,5,6,6,4,4,5,6,4,3,5,6,4,4,4,5,5,3,6,6,6,4,6,7,6,5,6,5,7,7,4,5,3,3,4,8,5,4,8,5,5,4,5,4,4,7,4,7,6,8,6,7,5,6,5,4,6,4,6,4,3,4,6,7,5,4,6,5,5,5,6,7,7,5,6,6,5,7,8,6,8,6,7,7,6,5,6,6,4,5,7,5,3,7,5,5,5,2,5,4,6,7,7,6,7,5,4,2,6,6,5,3,5,4,9,5,5,4,6,8,6,5,5,7,6,5,5,6,6,7,7,9,5,6,4,4,5,4,5,3,5,5,6,6,8,6,5,7,6,7,9,7,7,6,6,5,5,4,4,5,5,8,3,6,6,8,7,6,5,7,6,9,4,8,7,8,10,7,8,7,5,6,7,5,7,5,6,12,6,8,6,9,7,8,6,7,5,8,5,6,6,7,6,9,7,5,7,13,13,6,18,6,5,6,5,6,9,8,5,7,6,7,9,8,8,5,6,8,5,8,6,5,6,3,11,10,6,6,7,5,7,8,9,7,7,6,4,5,4,6,7,6,6,5,7,4,7,7,7,8,8,9,8,7,8,7,7,6,5,7,7,6,8,7,7,6,8,5,6,7,5,7,8,6,4,10,5,3,6,6,9,2,6,7,7,6,8,4,6,6,6,7,7,7,10,4,4,9,5,8,8,3,5,8,6,8,7,6,7,6,7,5,5,5,7,6,7,7,9,8,7,8,6,0,4,7,8,6,8,9,4,5,6,8,8,7,5,3,5,8,2,6,6,3,8,5,4,6,8,6,7,6,10,4,7,8,7,8,7,6,6,9,7,6,7,8,8,5,8,5,4,6,7,6,7,10,3,8,5,5,7,6,6,6,4,5,7,6,6,4,5,5,5,8,6,11,5,5,7,6,6,6,5,6,5,6,5,5,5,6,8,7,6,5,3,7,7,3,6,7,6,5,6
DET + NOUN + AUX + ADV + VERB,4,4,6,5,3,5,5,7,6,6,5,5,5,6,6,4,4,7,6,5,6,6,4,5,6,6,6,6,5,6,4,5,5,6,4,4,6,5,5,3,6,6,6,6,4,7,6,3,8,7,7,7,6,7,5,5,4,8,5,4,8,5,7,4,3,4,2,7,6,5,6,8,6,7,5,6,5,4,6,6,6,4,5,6,6,5,5,4,6,5,7,7,6,7,7,7,8,6,5,7,8,6,8,6,7,7,6,5,4,6,2,5,7,5,5,7,5,5,1,2,7,6,6,7,7,6,7,5,6,4,8,6,5,3,5,4,7,5,7,6,4,8,6,5,5,7,4,5,5,6,6,7,7,9,7,8,6,6,7,4,7,7,5,7,6,6,8,8,5,7,6,7,11,7,7,6,6,5,3,6,4,9,5,8,1,4,8,10,7,4,7,9,4,7,6,6,7,8,6,7,8,5,5,8,7,5,7,5,6,10,8,8,6,9,7,6,6,7,7,8,3,6,6,7,6,9,7,5,7,17,15,6,20,6,5,8,5,6,9,8,5,7,6,7,9,8,6,5,6,8,5,6,6,5,8,5,11,10,8,8,9,7,7,10,9,7,7,4,4,7,4,6,7,6,6,7,7,4,7,7,7,8,8,7,8,7,8,7,5,8,7,7,7,6,8,7,7,8,8,5,8,9,7,5,8,6,6,6,5,7,8,6,7,4,6,7,5,6,10,6,6,6,4,7,5,7,6,4,4,7,5,8,8,5,7,8,6,8,5,6,7,4,7,5,5,5,7,8,5,7,9,8,5,6,4,4,0,9,10,6,6,9,8,5,6,8,6,7,3,1,5,10,2,6,6,3,8,5,6,6,6,6,9,4,10,2,7,8,7,6,9,8,6,9,7,6,7,8,10,5,10,7,6,6,7,6,7,6,3,8,5,7,7,6,6,4,6,5,7,6,8,6,5,7,7,6,4,7,5,5,7,6,4,6,5,6,5,6,5,5,5,6,8,9,6,5,3,7,7,3,6,7,4,5,6
VERB + NUM + NOUN + ADP + ADJ + NOUN,5,5,7,4,6,4,6,8,5,5,4,6,6,5,5,5,5,2,5,6,7,3,7,6,5,5,5,3,4,7,5,6,4,3,5,7,3,4,6,6,5,7,7,5,5,6,5,6,3,6,6,8,5,4,4,4,7,9,6,5,9,8,2,5,6,7,7,6,3,8,3,9,7,6,6,7,6,5,5,5,3,5,4,5,5,6,6,7,7,8,2,4,5,4,4,4,7,7,6,6,7,7,7,5,6,4,5,6,5,7,7,6,8,4,4,6,6,6,8,7,6,3,5,6,4,7,4,6,5,5,5,7,6,8,6,7,8,6,4,5,7,7,5,6,6,8,7,8,4,7,7,8,6,8,6,9,5,5,4,7,4,4,8,6,7,5,7,7,6,8,5,8,8,4,4,5,5,6,6,7,5,4,6,5,8,7,7,7,6,5,4,8,7,8,5,13,6,5,9,8,7,6,6,7,8,6,6,4,5,9,3,7,5,10,6,7,7,6,4,7,6,7,5,6,7,10,8,6,6,12,14,7,15,7,6,7,4,5,8,9,6,8,5,6,8,7,7,8,7,9,4,9,3,6,7,6,10,11,7,5,6,4,8,5,8,6,6,5,7,6,5,5,8,5,3,4,6,7,8,4,4,7,9,8,7,6,7,6,8,5,6,6,4,5,5,6,8,7,7,6,3,8,4,8,7,5,9,11,6,4,5,7,8,7,3,8,8,5,7,7,7,7,7,8,8,8,9,9,7,8,8,7,7,6,4,7,5,5,6,5,8,7,6,6,8,6,6,7,12,8,10,9,8,9,9,7,9,0,7,5,5,8,5,6,7,7,9,8,6,8,6,7,7,5,5,6,9,6,7,9,9,9,8,9,11,7,10,7,6,7,6,7,5,6,8,7,10,9,9,4,7,4,7,7,6,5,8,9,6,7,6,6,6,7,5,5,5,6,8,7,5,5,6,6,6,9,7,10,6,4,8,7,5,7,8,7,6,7,6,6,6,5,9,8,7,4,6,6,4,6,7,4,7,6,5
PRON + VERB + ADV + ADV + ADP + NOUN + NOUN,6,6,8,7,7,5,7,9,8,6,5,5,7,8,6,8,6,5,6,7,6,6,6,5,6,6,8,6,7,8,6,7,5,4,6,6,4,7,7,7,8,8,8,6,6,7,8,7,6,9,7,9,6,7,5,5,8,10,7,6,10,9,5,8,7,8,8,7,6,5,6,10,8,7,7,6,7,8,8,6,6,6,7,6,6,7,7,8,8,7,7,7,6,7,7,7,8,8,5,9,6,6,8,8,7,7,6,7,6,6,8,9,9,7,7,9,7,7,9,8,7,6,6,9,7,4,5,5,6,6,6,8,7,9,7,8,9,7,5,8,8,8,8,7,7,9,8,9,7,6,8,9,9,11,9,8,8,6,5,6,9,5,9,9,10,6,8,8,5,7,4,7,5,7,7,8,6,7,7,10,8,9,7,8,9,6,8,6,9,8,7,7,6,7,6,12,9,8,10,9,6,9,7,8,7,7,7,7,4,12,4,8,8,11,9,8,8,5,7,4,7,4,8,7,8,11,9,7,7,17,15,6,20,8,7,8,5,6,11,10,7,7,6,5,9,8,8,9,8,8,7,8,8,7,8,9,11,8,6,8,11,7,9,8,9,7,9,8,8,7,6,8,9,8,6,5,7,8,9,7,5,8,10,11,6,9,8,7,7,8,9,9,7,4,8,7,9,10,10,7,6,11,7,11,10,6,8,6,9,7,6,8,9,8,6,7,11,6,8,8,6,6,6,9,7,9,8,6,8,9,9,10,8,7,5,6,6,6,7,6,7,10,9,9,11,7,7,8,7,11,9,8,9,6,8,8,10,7,0,6,6,9,10,5,6,8,6,7,9,9,7,10,8,6,8,7,12,5,8,6,8,8,7,8,10,10,11,6,9,10,7,6,8,5,7,6,9,8,10,5,8,7,10,6,7,6,9,8,7,8,7,7,9,8,6,6,6,7,9,8,6,8,9,7,9,8,8,9,9,7,9,6,6,8,9,8,7,6,5,7,7,8,8,9,8,7,7,7,5,7,8,5,8,5,6
VERB + PRON + NOUN,2,2,4,3,3,3,3,5,4,4,1,3,3,4,4,4,4,3,4,3,2,2,4,3,4,2,4,4,3,4,2,3,3,2,2,4,2,3,5,3,4,4,4,4,4,5,6,3,4,5,5,5,4,5,3,3,4,6,3,4,6,5,3,4,3,4,4,5,4,5,4,6,4,5,5,4,3,4,4,4,4,2,3,2,2,5,3,4,4,3,5,5,2,5,3,5,6,4,5,5,6,4,6,4,5,5,4,3,2,4,4,5,5,5,3,5,5,3,5,4,5,4,4,5,3,4,3,3,4,4,4,4,3,5,5,4,7,5,3,4,4,6,4,5,3,5,4,5,3,4,6,5,5,7,5,8,4,4,3,4,5,3,5,5,8,2,6,4,5,3,4,3,7,5,5,4,4,3,5,6,4,7,3,6,5,4,6,8,5,4,5,5,4,5,2,10,5,6,8,9,2,5,3,4,3,3,5,3,4,12,4,6,6,7,5,4,4,5,5,4,5,4,4,5,6,7,5,1,3,17,15,4,18,4,3,6,3,2,7,8,3,7,4,5,5,4,6,5,2,4,5,4,6,5,6,5,7,10,6,6,7,5,5,6,9,5,5,4,4,5,4,4,5,4,4,3,5,4,5,5,3,6,6,7,6,5,6,5,3,6,5,5,5,4,6,7,5,6,6,3,4,7,3,7,6,4,6,6,7,5,6,4,3,6,4,3,7,4,6,4,2,6,4,5,5,3,6,6,6,5,5,6,6,3,1,4,4,2,5,2,7,6,7,5,7,5,7,4,9,9,7,6,7,6,6,6,6,5,6,0,4,7,8,1,4,4,6,3,5,5,3,8,6,4,6,5,6,5,4,4,4,6,5,4,8,6,7,6,5,6,7,6,6,7,5,2,5,4,6,3,8,3,8,4,5,4,5,6,5,6,3,5,7,4,4,4,4,5,5,4,6,6,7,7,7,4,2,7,5,3,5,4,2,4,3,4,5,4,5,3,3,4,6,7,4,5,3,5,3,3,4,3,6,3,4
ADV + VERB + PROPN + NOUN + NOUN,4,4,4,5,5,3,3,5,6,4,3,5,5,6,4,6,4,5,4,5,6,4,4,5,2,4,6,6,5,4,4,5,5,2,4,6,4,5,5,5,4,6,6,6,4,5,8,5,6,7,5,5,6,5,5,5,4,6,5,6,8,7,3,6,3,6,4,5,4,5,6,6,6,3,5,6,5,6,4,4,4,4,5,6,4,5,5,6,6,7,5,5,4,5,5,7,6,6,5,5,6,6,6,6,5,5,4,3,4,6,6,7,5,7,5,7,5,5,5,6,5,6,4,7,5,6,5,3,6,6,4,6,5,7,5,6,7,5,3,6,4,6,6,3,5,7,4,5,5,6,4,7,5,7,5,10,4,4,5,4,7,5,7,7,8,6,6,8,7,7,6,7,7,5,5,4,4,5,5,8,6,7,5,6,7,6,8,6,7,6,5,9,6,7,6,12,5,8,6,9,6,5,5,6,7,5,3,5,4,10,4,4,4,7,5,8,6,3,3,6,5,6,6,5,6,7,5,5,5,17,17,6,18,6,5,6,3,6,9,10,5,7,6,5,9,6,6,7,6,8,5,6,6,5,8,7,7,8,6,6,9,5,7,8,9,5,5,6,6,7,4,6,5,6,4,5,5,6,7,5,3,4,8,9,4,7,4,5,7,6,7,5,5,2,6,7,5,8,6,5,4,9,5,7,6,4,8,8,7,5,6,4,7,8,6,7,9,6,8,6,6,6,4,7,7,7,6,6,8,9,9,6,10,7,5,8,6,6,5,4,7,8,7,5,9,7,7,6,9,11,9,10,7,8,8,8,6,5,6,4,0,5,8,5,6,8,8,7,7,5,5,8,6,4,6,7,8,7,8,8,8,10,9,8,10,8,11,6,7,8,7,8,8,5,5,6,9,8,10,5,8,5,10,6,5,6,5,8,5,6,5,5,5,6,4,4,4,5,7,6,6,6,7,7,7,8,6,7,5,5,5,6,2,4,7,6,7,6,3,3,5,6,8,7,6,5,5,3,3,5,6,3,6,5,4
SCONJ + NOUN + PROPN + PART + NOUN + NOUN,5,7,5,6,6,4,4,6,7,5,6,8,6,7,5,7,5,8,3,8,7,7,7,8,3,7,7,7,6,5,7,6,6,5,5,7,7,8,4,6,5,9,7,7,5,4,9,6,7,8,6,6,7,4,6,8,5,7,8,7,9,8,6,7,8,7,7,4,5,8,7,7,7,4,6,7,6,7,5,7,5,7,8,9,5,8,6,7,9,8,6,6,7,4,6,8,7,7,6,4,5,9,7,5,4,6,3,6,7,9,7,8,8,8,6,8,8,6,8,7,6,9,7,8,8,9,8,6,7,7,7,7,8,8,6,7,8,6,6,7,5,5,7,4,8,8,7,6,6,9,5,8,6,8,6,11,7,5,8,7,8,8,6,8,7,9,7,9,10,10,9,8,6,8,6,5,5,6,6,9,7,6,6,7,8,9,9,5,8,7,6,10,9,10,7,11,6,9,3,10,7,8,8,9,6,6,4,8,7,13,5,5,9,8,6,9,9,6,4,9,6,9,7,4,5,8,6,8,8,16,16,7,19,5,6,7,6,7,8,11,8,10,5,6,10,7,7,8,5,9,6,7,7,6,7,8,10,11,7,7,10,8,8,11,8,2,6,7,7,8,5,7,8,7,5,8,4,5,10,4,6,3,7,6,7,6,5,6,8,5,8,6,6,5,5,6,8,7,7,6,5,12,8,8,5,5,9,9,8,6,5,3,8,9,9,10,10,9,9,7,9,11,9,6,8,8,9,9,9,10,8,5,11,8,8,11,7,9,8,9,10,9,6,6,8,8,10,7,10,10,6,9,8,11,9,9,9,8,9,7,5,0,7,6,7,7,11,8,8,8,6,7,9,5,5,8,9,10,9,9,9,11,10,9,13,9,10,5,8,9,6,7,9,8,10,9,8,9,9,8,7,6,11,7,6,9,6,9,8,7,4,8,6,7,5,5,5,6,8,7,5,7,8,6,8,9,7,10,6,6,6,9,7,5,8,7,8,9,6,4,6,9,9,8,7,6,8,4,6,6,9,6,9,8,7
DET + NOUN + ADP + ADJ + NUM + PART + NOUN,6,8,8,5,7,5,7,9,6,6,7,9,9,6,6,6,6,5,6,9,8,6,8,9,6,8,6,4,5,8,8,5,5,6,6,8,6,7,7,5,6,10,8,6,6,7,6,7,6,7,7,9,4,5,5,7,8,10,7,6,10,9,5,4,9,8,8,7,4,9,4,10,10,7,7,10,7,6,6,8,4,6,7,8,8,7,7,8,8,7,3,5,6,5,7,5,8,10,7,7,8,10,8,6,7,5,6,9,8,10,8,7,11,5,5,7,5,7,9,6,7,6,6,7,5,10,7,7,6,6,8,8,9,7,7,8,9,7,7,6,8,8,6,7,9,11,10,9,5,10,8,9,7,9,7,8,8,4,7,8,5,5,7,7,6,8,8,8,9,11,8,9,9,7,5,6,6,7,7,4,6,1,7,6,7,10,6,6,7,6,5,9,10,11,6,10,7,8,8,7,10,9,9,10,7,7,7,5,6,10,6,8,6,11,7,8,8,7,5,10,5,10,6,5,6,11,9,7,9,15,13,6,18,6,7,8,7,6,9,10,9,11,6,7,11,8,8,9,8,10,5,10,4,7,6,5,11,12,8,6,7,5,9,6,9,5,7,6,8,7,4,6,11,6,6,7,7,8,11,5,7,8,10,9,8,7,8,9,9,6,5,7,5,6,8,7,11,8,8,7,6,11,7,9,8,6,8,12,7,5,6,6,9,6,6,9,7,8,8,6,10,10,10,9,9,7,10,8,6,9,9,8,8,5,7,10,6,8,7,8,7,6,5,5,7,7,7,8,11,7,7,10,9,12,10,4,8,5,10,8,8,7,0,7,8,8,12,9,5,7,7,8,6,6,6,5,6,9,6,10,10,8,11,10,12,6,9,10,9,8,7,8,4,9,9,10,9,12,12,7,10,7,8,6,7,8,9,10,7,8,7,9,7,8,6,6,6,7,9,8,6,4,5,5,5,12,8,11,7,5,9,8,8,8,9,8,5,10,7,7,7,8,10,9,10,5,7,7,7,5,8,7,8,7,6
PRON + NOUN,1,3,3,2,2,2,2,4,3,3,2,2,4,3,3,3,3,4,3,4,1,3,3,4,3,3,3,5,2,3,3,2,2,3,3,3,3,4,4,2,3,5,3,3,3,4,5,2,5,4,4,4,3,4,4,4,3,5,4,3,5,4,4,3,4,3,3,4,3,4,3,5,5,4,4,5,2,3,3,5,3,3,4,3,3,4,4,3,5,2,4,4,3,4,4,4,5,5,4,4,5,3,5,3,4,4,3,4,3,5,3,4,6,4,2,4,4,4,4,3,4,5,3,4,4,3,2,2,5,3,5,3,4,4,4,3,6,4,4,3,3,5,3,4,4,6,5,4,2,3,5,6,4,6,4,7,5,3,4,3,4,4,4,4,7,3,7,5,4,4,5,2,6,6,4,3,3,4,4,5,3,6,2,5,4,3,5,7,4,3,4,4,3,4,3,9,6,7,7,8,3,6,4,5,2,2,4,4,3,11,5,5,7,6,4,3,5,4,4,3,4,5,3,4,5,6,4,2,4,18,14,3,19,3,4,5,4,1,6,7,4,6,5,4,6,3,5,4,3,5,4,3,5,4,5,4,6,9,7,7,8,6,6,7,8,4,4,3,3,4,3,3,6,3,3,4,4,3,6,4,4,5,7,8,5,6,5,6,2,5,4,4,4,3,5,6,6,5,5,4,5,8,4,6,5,3,5,5,6,4,5,3,4,5,5,4,6,3,7,3,3,5,3,4,4,4,5,5,5,4,6,5,5,4,2,5,3,3,4,3,6,5,6,4,6,4,6,3,8,8,6,5,6,5,5,5,5,6,5,1,5,6,7,0,3,3,5,4,4,4,2,7,5,5,5,6,7,4,3,3,3,5,6,3,9,5,6,7,6,5,6,5,5,6,6,3,4,5,7,4,7,4,7,3,4,5,4,5,4,7,2,6,6,3,3,3,3,4,4,3,5,5,6,6,6,5,3,6,4,4,4,5,3,3,4,5,4,5,4,4,4,5,5,6,5,4,4,4,4,4,5,4,5,2,5
SCONJ + PRON + VERB + DET + NOUN,4,4,6,5,5,5,5,7,6,6,3,3,5,6,6,6,6,5,6,5,4,4,6,5,6,4,6,6,5,6,4,5,5,4,4,6,4,5,7,3,6,6,6,6,6,7,6,5,6,7,7,7,6,7,5,5,6,8,5,4,8,7,5,4,5,6,6,7,6,7,6,8,6,7,7,6,5,6,6,6,6,2,5,6,4,7,5,6,6,3,7,7,4,7,5,7,8,6,7,7,8,4,8,6,7,7,6,5,4,6,6,7,7,5,5,7,5,3,7,4,7,6,6,7,5,4,3,5,4,6,6,6,5,5,7,6,9,7,5,6,6,8,6,7,5,7,6,7,5,4,8,7,7,9,7,6,6,6,5,6,7,5,7,7,8,4,6,6,3,5,4,5,5,5,7,6,6,3,7,6,6,9,5,8,5,4,6,10,7,6,7,7,4,5,6,10,5,6,10,9,2,7,5,8,5,5,7,3,6,14,6,8,8,9,7,6,6,7,7,4,5,6,6,7,8,9,7,3,5,17,15,6,20,6,3,8,5,4,7,6,5,7,6,3,7,6,8,5,6,6,5,6,6,7,8,5,9,12,6,6,7,5,7,8,9,7,7,6,6,7,4,6,7,6,6,5,7,6,7,7,5,8,10,7,8,7,8,7,5,8,7,7,7,6,8,7,7,8,8,5,6,9,5,7,6,6,6,8,7,7,8,6,7,6,4,3,7,4,6,6,4,6,4,5,5,7,8,6,6,7,9,8,6,7,5,6,6,4,7,6,7,8,7,5,5,5,9,6,7,9,7,6,9,6,8,6,6,7,6,4,6,7,8,3,0,6,6,5,5,5,5,10,6,4,6,7,10,5,4,6,6,6,7,6,10,6,7,8,7,8,9,6,6,9,5,4,7,4,10,3,6,5,10,4,7,6,7,8,7,8,5,7,7,6,6,6,6,7,7,6,8,6,7,7,7,4,6,7,7,5,7,6,4,6,7,6,5,6,7,5,5,6,4,9,6,7,5,7,5,5,6,5,8,1,4
PRON + PART + ADJ,4,4,4,3,5,5,5,5,2,6,5,3,5,4,4,4,6,5,6,5,2,4,4,5,6,6,4,6,5,6,6,5,5,6,6,6,6,3,7,5,4,6,4,4,6,7,4,5,6,5,5,7,6,7,7,5,6,6,3,6,6,7,7,4,5,6,6,5,6,5,4,6,6,7,5,6,5,4,4,6,4,6,5,4,6,3,7,6,4,5,5,5,4,5,5,3,6,6,7,3,6,4,6,4,7,5,6,5,6,6,6,5,7,5,5,3,5,7,7,6,5,4,4,5,5,4,3,5,8,6,8,4,7,7,7,6,7,7,7,4,6,6,4,7,5,7,6,7,3,4,8,5,5,5,5,10,6,6,7,6,5,7,5,5,10,6,10,4,7,5,8,5,7,9,5,4,6,7,7,4,6,7,3,4,7,4,8,8,5,6,5,5,4,7,6,8,7,8,8,9,6,5,5,6,3,5,7,5,6,12,8,8,10,7,3,2,4,5,7,6,7,6,6,5,6,7,5,5,7,17,15,4,22,2,5,6,7,2,5,8,5,7,8,7,5,2,4,7,6,4,7,4,6,7,8,5,7,10,8,8,9,9,7,8,9,5,3,4,6,3,6,4,7,6,6,7,7,6,9,5,5,8,8,7,6,7,8,9,3,8,3,5,5,6,8,9,7,6,4,3,8,9,7,7,4,6,8,6,7,7,8,4,7,6,6,7,7,6,8,4,4,6,4,5,3,5,4,8,6,3,7,4,4,7,5,8,4,4,7,6,7,8,5,5,7,5,5,4,9,5,7,6,9,6,8,8,8,7,8,4,8,7,8,3,6,0,6,3,5,7,5,10,8,8,6,9,10,5,6,6,4,8,5,6,8,8,7,8,3,4,7,6,6,7,7,4,5,6,8,7,8,7,10,6,5,4,5,4,7,8,5,7,9,4,6,6,6,7,5,4,6,8,9,9,9,6,6,7,5,5,7,4,6,6,5,4,5,6,7,7,7,4,6,7,6,7,5,5,7,7,4,7,6,5,6
PRON + AUX + PRON + VERB + ADV,6,4,6,7,5,7,7,7,6,8,5,3,5,8,8,6,6,7,8,5,4,6,4,3,8,6,6,8,7,8,6,7,7,6,6,4,6,5,7,7,8,6,6,6,6,9,8,5,8,7,9,9,8,9,7,5,6,8,5,8,8,7,7,8,5,6,6,9,8,5,8,8,6,9,7,4,7,6,8,6,8,6,5,6,6,5,7,6,6,5,9,9,6,9,7,7,8,6,7,9,10,4,10,8,9,9,8,5,4,4,4,7,7,9,7,7,7,7,5,6,7,6,6,9,7,2,5,5,8,6,8,6,7,7,5,6,9,7,7,6,6,10,8,7,5,7,6,7,7,2,8,7,9,9,7,8,6,8,7,6,9,7,7,9,10,8,8,6,7,5,6,3,9,9,9,8,8,7,5,8,6,11,5,8,5,2,8,10,9,6,9,5,2,5,8,8,9,10,8,9,6,7,5,8,5,7,9,7,6,12,8,10,10,9,7,4,6,7,9,4,7,4,8,9,8,9,7,7,7,21,15,8,22,6,7,8,7,6,9,8,5,5,8,7,5,6,6,7,8,4,9,4,10,7,10,9,11,12,10,10,11,9,9,12,13,9,7,6,6,7,8,8,7,8,8,7,9,6,9,9,7,10,8,9,8,9,10,9,3,10,7,9,9,6,10,11,7,10,8,5,8,9,7,9,8,8,6,4,9,9,10,8,7,8,8,5,7,4,8,6,4,4,4,7,3,7,4,8,6,5,7,10,6,9,7,4,8,6,7,8,9,8,11,9,7,9,7,6,7,9,9,4,7,2,4,8,6,9,6,6,8,11,12,5,6,6,0,5,7,7,7,12,8,8,10,7,10,3,6,2,2,6,7,4,8,6,7,10,7,6,11,8,10,9,9,4,5,4,10,7,8,7,8,6,9,4,7,4,7,10,7,7,11,6,8,6,8,7,7,6,10,10,9,11,11,4,6,7,7,7,9,4,6,8,5,6,9,4,7,7,7,6,6,9,6,7,5,9,7,7,6,7,6,5,8
VERB + PRON + PART + VERB,5,3,5,6,4,6,6,6,5,7,4,2,4,7,7,5,5,6,7,2,3,5,5,4,7,5,5,7,6,7,3,6,6,5,5,5,5,4,6,6,7,3,5,5,7,8,7,6,7,6,8,8,7,8,6,4,5,7,4,7,7,4,6,7,4,5,5,8,7,6,7,7,5,8,6,5,6,5,7,5,7,5,4,3,5,6,4,3,5,6,8,8,5,8,6,6,7,3,6,6,9,3,9,7,8,8,7,4,5,3,5,6,4,8,6,6,8,6,6,5,6,5,7,8,6,3,4,6,7,5,7,5,4,6,6,5,10,6,6,5,7,9,7,6,4,6,5,6,6,3,7,6,8,8,6,9,5,7,4,5,8,6,2,8,11,5,9,1,6,2,7,6,8,8,8,7,7,6,6,7,7,8,4,7,6,3,9,9,8,7,8,6,3,6,5,7,8,9,9,10,5,6,4,5,4,6,8,6,7,13,7,9,9,8,6,5,3,8,8,5,8,5,7,6,5,8,6,4,4,16,16,7,21,3,4,7,4,5,8,7,4,6,7,6,4,5,7,4,5,5,8,5,9,4,9,8,10,11,9,9,10,6,4,9,12,6,6,7,5,6,7,7,4,7,7,6,8,5,6,8,6,9,7,8,9,8,9,6,4,9,6,8,8,7,9,10,6,9,7,2,7,6,6,8,7,7,7,7,8,8,9,5,6,7,7,6,10,5,7,5,1,5,3,6,2,4,7,7,7,6,6,7,7,6,4,7,7,5,8,5,10,7,8,8,8,8,8,5,8,6,8,7,10,5,7,7,7,8,7,3,7,8,9,4,5,3,5,0,8,6,6,11,7,7,9,8,9,4,7,5,5,9,4,5,7,7,6,7,2,7,10,5,9,10,8,3,4,3,5,6,7,6,9,7,8,5,6,7,6,5,6,6,10,5,7,7,7,6,6,5,9,9,10,10,10,5,5,6,6,6,8,5,5,7,4,5,8,5,6,6,6,5,5,8,5,6,4,8,6,6,5,4,5,4,7
DET + NOUN + AUX + ADJ,3,5,5,4,4,4,4,6,3,5,4,6,6,5,5,5,5,6,5,6,5,5,5,6,5,5,5,5,4,5,5,4,4,5,5,5,5,4,6,2,5,7,5,5,5,6,3,4,7,6,6,6,5,6,6,6,5,7,4,3,7,6,6,3,6,5,5,6,5,6,5,7,7,6,6,7,4,3,5,7,3,3,6,7,5,4,6,5,5,4,4,6,5,4,6,4,7,7,6,6,7,7,7,3,6,4,5,6,5,7,3,6,8,4,4,4,4,4,4,3,6,5,5,6,6,7,6,4,5,5,7,5,6,4,6,5,6,6,6,5,5,7,3,6,4,8,7,6,2,7,7,6,6,6,6,9,7,5,6,5,4,6,6,4,5,5,7,9,6,8,5,6,10,6,4,3,5,4,4,3,5,6,4,7,2,5,7,9,6,5,4,8,5,8,7,7,6,7,7,8,7,6,6,9,6,4,6,4,5,11,7,7,7,8,4,3,5,6,6,7,4,7,5,6,7,8,6,4,6,16,14,5,19,5,4,7,6,5,6,9,6,8,7,6,8,5,5,6,7,7,4,5,5,6,7,4,10,11,7,7,6,6,8,7,8,6,4,5,5,4,3,3,8,5,5,6,6,5,8,4,6,7,9,6,7,6,7,8,4,7,4,6,4,5,7,6,8,7,5,6,7,10,6,8,5,5,7,7,4,6,7,5,8,5,5,6,4,7,9,5,7,9,7,6,6,6,5,5,5,4,6,7,5,6,6,9,5,7,6,7,6,7,4,4,6,4,4,7,8,6,8,7,6,7,5,5,3,6,9,5,7,8,5,4,5,5,7,8,0,4,4,9,5,5,5,4,7,6,5,7,5,5,10,5,9,3,8,9,6,5,8,9,5,8,6,7,8,9,11,4,9,6,7,5,6,5,6,5,6,9,4,8,6,5,5,5,5,6,6,5,7,5,6,6,6,7,5,10,6,4,6,5,5,5,6,5,2,7,6,6,6,5,9,8,7,6,4,6,6,4,5,6,7,4,5
DET + NOUN + ADV + VERB,3,3,5,4,2,4,4,6,5,5,4,4,4,5,5,3,3,6,5,4,5,5,3,4,5,5,5,5,4,5,3,4,4,5,3,3,5,4,4,2,5,5,5,5,3,6,5,2,7,6,6,6,5,6,4,4,3,7,4,3,7,4,6,3,2,3,1,6,5,4,5,7,5,6,4,5,4,3,5,5,5,3,4,5,5,4,4,3,5,4,6,6,5,6,6,6,7,5,4,6,7,5,7,5,6,6,5,4,3,5,3,4,6,4,4,6,4,4,2,1,6,5,5,6,6,5,6,4,5,3,7,5,4,2,4,3,8,4,6,5,3,7,5,4,4,6,3,4,4,5,5,6,6,8,6,7,5,5,6,3,6,6,4,6,7,5,7,7,4,6,5,6,10,6,6,5,5,4,4,5,3,8,4,7,2,5,7,9,6,3,6,8,5,8,5,7,6,7,7,6,7,4,4,7,6,4,6,4,5,9,7,7,5,8,6,7,5,6,6,7,2,5,5,6,5,8,6,4,6,16,14,5,19,5,4,7,4,5,8,7,4,8,5,6,8,7,5,4,5,7,4,7,5,4,7,4,10,9,7,7,8,6,6,9,8,6,6,3,3,6,3,5,6,5,5,6,6,3,6,6,6,7,7,8,7,6,7,6,6,7,6,6,6,5,7,6,6,7,7,4,7,8,6,4,7,5,5,7,4,6,7,5,8,3,5,6,4,5,9,5,5,5,3,6,6,6,7,3,3,8,6,7,7,4,6,7,5,7,4,5,6,3,6,4,4,4,6,7,4,6,8,9,6,7,5,3,1,8,9,5,5,8,7,4,5,7,7,6,4,0,4,9,1,5,5,4,7,6,5,5,7,7,8,5,11,3,6,7,6,7,8,7,5,8,6,5,6,7,9,4,9,6,7,5,6,5,6,7,2,7,4,6,6,5,5,3,5,4,6,5,7,5,4,6,6,7,5,8,4,4,6,5,3,5,4,5,4,5,4,4,4,5,7,8,5,4,2,6,6,2,5,6,3,4,5
INTJ + NOUN,1,3,3,2,2,2,2,4,3,3,2,4,4,3,3,3,3,4,3,4,3,3,3,4,3,3,3,5,2,3,3,2,2,3,3,3,3,4,4,2,3,5,1,3,3,4,5,2,5,4,4,4,3,4,4,4,3,5,4,3,5,4,4,3,4,3,3,4,3,4,3,5,5,4,4,5,2,3,3,5,3,3,4,5,3,4,4,3,5,4,4,4,3,4,4,4,5,5,4,4,5,5,5,3,4,4,3,4,3,5,3,4,6,4,2,4,4,4,4,3,4,5,3,4,4,5,4,2,5,3,5,3,4,4,4,1,6,4,4,3,3,5,3,4,4,6,5,4,2,5,5,6,4,6,4,9,5,3,4,3,4,4,4,4,7,5,7,7,6,4,5,4,8,6,4,3,3,4,4,5,3,6,2,5,4,5,7,7,4,3,4,6,5,6,5,9,6,7,7,8,5,6,2,7,4,2,4,4,3,11,5,5,7,6,4,5,5,4,4,5,4,5,3,4,5,6,4,4,4,18,16,5,21,3,4,5,4,3,6,9,4,8,5,6,8,5,5,4,5,7,4,5,5,4,7,4,8,9,7,7,8,6,6,9,8,4,4,3,3,4,3,3,6,3,3,4,4,3,6,4,4,5,7,8,5,6,5,6,4,5,4,4,4,3,5,6,6,5,5,4,5,8,4,6,5,3,7,7,6,4,5,3,6,5,5,6,6,5,9,3,5,7,5,4,6,6,7,5,5,4,6,5,7,6,4,7,3,5,4,5,6,7,6,4,6,4,6,5,8,8,8,7,6,7,5,5,5,6,7,3,5,6,7,2,5,5,7,6,4,4,0,7,5,5,5,6,9,6,5,5,5,7,8,5,11,5,8,7,6,5,6,7,5,6,6,5,6,7,9,4,9,4,7,5,4,5,2,7,4,7,2,6,6,3,3,3,3,4,2,3,5,3,6,6,6,7,5,8,4,4,4,5,3,1,4,5,4,3,4,4,4,5,5,6,5,4,4,4,4,4,5,4,5,4,5
NUM + NOUN + NOUN + NOUN + CCONJ + NUM + NOUN,6,8,8,7,7,5,7,9,8,4,7,9,9,8,6,8,6,9,4,9,8,8,8,9,6,6,6,8,5,8,8,5,7,6,6,8,8,9,5,7,8,8,8,8,6,3,10,7,10,5,7,7,6,5,7,9,8,8,9,8,10,7,7,8,9,6,8,5,6,9,8,10,10,7,7,10,7,8,8,10,6,8,7,10,8,9,7,8,10,9,7,7,8,5,9,9,10,10,7,9,6,10,8,8,5,5,6,9,8,10,8,9,9,9,7,9,9,9,9,8,9,10,8,9,9,10,9,7,8,8,10,8,7,9,7,8,9,5,9,8,8,6,8,7,9,9,10,9,7,10,6,9,7,9,7,12,8,4,9,8,9,7,9,7,8,10,10,12,11,11,10,9,9,7,5,8,8,7,7,8,8,7,7,8,9,10,10,10,7,6,7,11,10,11,8,14,9,12,8,11,10,11,9,12,9,7,5,9,8,8,6,8,10,11,9,10,10,7,7,10,7,10,4,7,8,11,9,9,7,17,13,8,18,8,9,10,7,8,11,14,7,13,6,9,13,10,10,9,6,12,7,10,8,7,6,9,11,10,8,10,13,9,11,12,9,5,9,8,8,9,6,8,11,4,4,9,3,8,11,5,7,4,8,11,8,7,4,9,9,4,7,9,7,6,2,5,11,10,10,9,6,9,5,11,10,8,10,12,7,5,4,8,9,10,10,11,11,8,12,6,10,12,10,9,11,11,12,10,10,11,11,10,12,9,9,12,8,10,7,10,11,10,9,9,11,9,11,8,13,13,11,12,9,12,10,8,10,7,10,8,8,7,8,7,10,10,12,11,9,9,7,0,10,8,6,9,12,11,10,10,10,12,13,10,16,8,11,10,11,8,7,10,8,7,11,10,11,12,12,9,10,7,10,8,7,10,9,12,9,8,7,11,9,8,6,6,6,5,9,6,6,8,9,7,9,12,8,13,9,7,9,10,8,8,9,10,9,10,7,7,5,10,12,11,8,7,9,7,5,7,8,7,10,9,8
DET + NOUN + ADV + VERB + ADP,4,4,6,5,3,5,5,7,6,6,5,5,5,6,6,4,4,5,6,5,6,6,4,5,6,6,6,4,5,6,4,5,5,6,4,4,4,5,5,3,6,6,6,4,4,7,6,3,6,7,7,7,6,5,3,3,4,8,5,4,8,5,5,4,3,4,2,7,4,5,6,8,6,7,5,6,5,4,6,4,6,4,5,4,6,5,5,4,6,5,5,5,6,7,7,5,6,6,5,7,8,6,8,6,7,7,6,5,4,6,4,5,7,5,3,7,5,5,3,2,5,4,6,7,7,6,7,5,4,2,6,6,5,3,5,4,9,5,5,4,4,8,6,5,5,7,4,5,5,6,6,7,7,9,7,6,6,6,5,4,5,5,5,7,6,6,8,6,5,7,6,7,9,7,7,6,6,5,5,6,4,7,5,8,3,6,6,8,7,4,5,7,6,9,4,8,7,8,8,7,8,5,5,6,7,5,7,5,4,10,6,8,4,9,7,8,6,7,5,8,3,6,6,7,6,9,7,5,7,15,13,6,18,6,5,6,5,6,9,8,5,7,6,7,9,8,6,5,6,8,5,8,6,5,6,3,11,10,6,6,7,5,7,8,9,7,7,4,4,5,4,6,7,6,6,5,7,4,7,7,7,8,8,9,8,7,8,7,7,6,7,7,7,6,8,7,7,6,8,5,6,9,7,5,8,6,4,8,5,5,6,6,9,2,6,7,5,6,8,6,6,4,4,7,7,7,8,4,4,9,5,8,8,3,5,8,6,8,5,4,7,4,7,5,5,5,5,8,5,7,9,8,5,8,6,2,2,7,8,6,6,9,6,5,6,8,8,7,5,1,5,10,0,6,6,3,8,5,4,6,8,6,7,6,10,4,7,8,7,8,7,6,6,7,7,6,7,8,8,5,8,7,6,6,7,6,7,8,1,8,5,5,7,6,6,4,4,5,7,6,6,4,5,5,5,8,6,9,5,5,7,6,4,6,5,6,5,6,5,5,5,6,8,7,6,5,3,7,7,3,6,7,4,5,6
PROPN + VERB + DET + NOUN + NOUN,4,4,4,5,5,3,3,5,6,4,3,5,3,6,4,6,4,5,4,5,6,4,6,5,2,4,6,6,5,4,4,5,5,2,4,6,4,5,5,3,4,6,6,6,4,5,6,5,4,7,5,5,6,5,5,5,4,6,5,4,8,7,3,4,5,6,6,5,4,7,6,6,4,3,5,4,5,6,4,6,4,2,5,6,2,7,5,6,6,5,5,5,4,5,3,7,6,4,5,5,6,6,6,6,5,5,4,5,4,6,6,7,5,5,5,7,5,1,7,4,5,6,6,7,5,6,5,5,4,6,6,6,5,5,5,6,7,5,5,6,4,6,6,3,5,5,4,5,5,6,4,5,5,7,5,8,6,4,5,6,7,5,7,7,6,4,2,8,5,7,4,7,7,5,5,4,4,3,5,6,6,7,5,8,5,6,6,8,7,6,5,9,6,7,6,10,3,4,6,7,6,5,5,8,7,5,3,3,6,12,4,4,6,7,5,8,6,5,3,6,3,6,6,5,6,7,5,3,5,15,15,4,16,6,3,6,3,6,9,8,5,9,6,1,7,6,6,7,6,8,5,6,6,5,6,5,9,10,4,4,5,3,7,6,7,5,5,6,6,7,2,6,5,6,4,5,5,4,7,5,3,4,8,5,6,7,4,5,7,6,7,5,5,4,6,5,5,8,6,5,4,9,5,9,6,4,6,8,5,5,6,4,7,6,4,5,7,6,6,6,6,8,6,7,7,7,8,6,6,9,9,6,8,5,5,8,6,6,7,6,7,6,5,3,7,5,9,6,9,9,7,10,7,8,8,6,6,5,6,4,4,5,6,5,4,8,8,7,5,5,5,8,6,0,6,5,6,7,6,8,8,8,9,8,12,6,9,4,7,8,7,8,6,7,5,6,9,8,8,3,8,3,10,4,5,6,5,8,7,6,5,5,5,6,4,4,4,5,7,6,6,4,5,5,5,8,6,9,5,5,5,6,4,4,7,4,5,6,5,5,5,6,8,7,4,5,5,3,3,3,6,3,8,3,2
NOUN + NOUN + DET + ADJ + NOUN,4,6,6,3,5,3,5,7,4,4,5,7,7,4,4,4,4,5,2,7,6,4,6,7,4,6,6,4,5,6,6,5,5,4,4,6,6,5,3,3,4,8,6,6,4,3,4,5,6,7,5,7,6,3,5,7,6,8,5,4,8,7,5,2,7,6,6,3,4,7,4,8,8,5,5,8,5,4,4,8,2,4,7,8,6,5,5,6,6,5,3,5,4,3,5,5,8,8,5,5,4,8,6,4,3,3,4,7,6,8,6,5,9,3,5,5,3,5,7,4,7,6,4,5,5,8,5,5,4,6,8,6,7,5,5,6,7,5,7,6,6,4,4,5,7,9,8,7,3,8,4,7,5,7,7,8,8,4,7,6,3,7,7,5,4,6,8,10,7,9,6,7,7,5,3,4,6,3,5,4,6,5,5,6,5,8,8,8,5,6,3,9,8,9,6,10,3,6,6,7,8,7,7,10,7,5,3,3,6,10,4,6,8,9,5,6,6,5,5,8,5,8,6,5,6,9,7,5,7,15,11,4,16,6,5,8,5,4,7,10,7,11,4,7,9,6,6,7,4,10,3,8,2,5,6,3,9,10,6,4,7,7,9,8,5,3,5,4,6,5,4,4,9,6,4,7,3,6,9,1,5,4,8,5,6,3,4,7,7,4,5,5,3,4,4,5,9,6,6,7,4,11,7,7,6,6,8,10,5,5,4,6,9,4,4,7,5,8,10,6,8,10,8,7,9,7,8,6,4,7,9,6,6,7,7,10,4,6,7,8,5,8,5,3,5,5,7,8,9,9,7,10,7,10,8,6,6,5,8,6,6,5,6,5,6,6,10,9,5,5,5,6,6,6,0,7,8,9,6,8,8,8,11,8,12,6,9,8,7,6,5,8,4,7,7,8,9,10,12,5,6,7,10,6,5,6,7,8,7,8,5,9,5,6,4,4,4,5,7,6,4,6,5,5,5,10,6,11,5,3,7,6,6,6,7,6,5,8,5,5,5,6,10,9,8,5,5,5,5,5,6,5,6,5,4
DET + NOUN + AUX + VERB + ADP + NOUN,5,5,7,6,4,4,6,8,7,5,4,6,6,7,5,5,5,4,5,6,7,5,7,6,5,5,7,3,6,7,5,6,4,5,3,5,3,6,6,4,7,7,7,5,5,6,7,6,5,8,6,8,5,4,2,4,5,9,6,5,9,6,4,5,6,5,5,6,3,8,5,9,7,6,6,7,6,5,7,5,5,5,6,5,5,8,4,5,7,6,4,4,5,6,6,6,7,7,6,8,7,7,7,7,6,6,5,6,5,7,3,6,8,6,4,8,6,6,4,3,6,5,7,8,6,7,6,6,3,3,5,7,6,4,6,5,8,6,4,5,7,7,7,6,6,8,7,6,6,7,7,8,8,10,8,5,7,5,4,5,6,4,6,8,3,5,7,7,6,8,5,6,8,6,6,7,5,4,4,7,5,6,6,9,2,5,5,7,8,7,4,8,5,6,3,7,6,7,9,6,7,8,6,7,8,6,6,6,5,11,5,7,5,10,8,7,7,6,4,7,4,7,7,6,7,10,8,6,6,14,12,5,17,7,6,7,4,7,10,9,6,6,5,6,10,9,9,6,5,9,4,7,5,6,5,4,12,11,5,5,8,4,8,7,8,6,8,7,5,6,3,7,8,7,5,4,6,5,8,6,6,7,9,6,7,6,7,8,6,5,8,8,6,5,7,6,8,7,9,6,5,10,6,8,9,5,5,9,6,4,5,7,6,3,5,6,8,7,7,7,7,7,7,8,6,8,9,5,5,8,4,9,7,2,4,5,5,7,8,5,8,5,6,6,6,6,8,9,8,8,8,7,6,7,5,3,3,6,7,5,7,8,5,6,7,9,7,8,4,4,6,9,3,5,7,0,7,4,5,7,7,5,8,5,9,3,8,7,8,7,6,5,7,8,8,7,8,9,9,4,7,6,5,5,6,7,8,9,4,7,6,6,6,7,5,5,5,6,8,7,5,3,4,4,4,7,3,8,6,4,8,7,5,7,6,7,6,7,6,4,4,7,9,8,7,4,4,6,6,2,7,6,7,6,5
PROPN + AUX + DET + NOUN + ADJ + PART + VERB + PRON + NOUN,8,8,8,7,7,7,7,9,8,8,7,9,7,8,8,8,8,9,8,9,8,8,10,9,6,8,10,8,9,8,8,9,9,8,6,8,8,9,9,7,6,10,10,10,8,9,8,9,8,11,9,9,10,9,7,9,6,10,7,8,12,9,9,6,9,8,8,9,8,11,8,10,8,7,9,8,9,8,8,10,6,8,9,8,6,9,7,8,8,7,7,9,6,7,7,9,10,8,9,7,10,10,10,8,9,7,8,9,8,10,8,9,9,7,9,9,7,7,9,6,9,10,8,9,9,10,9,9,8,8,10,10,9,7,9,8,11,9,9,8,8,10,8,7,9,9,8,7,7,10,8,7,7,11,9,8,10,8,9,8,9,9,7,9,10,8,6,10,9,9,10,7,11,11,7,6,8,7,9,8,10,7,7,10,7,8,8,10,9,10,7,11,8,9,6,10,7,8,10,11,8,9,9,10,7,9,7,7,10,14,10,8,10,11,7,8,8,9,7,10,7,10,10,7,8,11,9,7,9,17,15,8,16,8,7,10,7,8,11,12,9,11,8,7,9,8,8,9,6,10,9,10,8,9,8,7,11,14,10,8,9,9,9,10,11,7,9,8,8,9,6,8,9,10,8,9,9,8,11,7,9,8,8,7,10,9,8,9,9,10,9,7,7,8,10,9,9,10,8,7,10,13,9,11,10,8,8,10,9,9,10,6,5,8,8,7,7,10,8,8,8,12,10,11,7,5,10,8,8,9,7,8,8,5,7,8,8,8,11,8,7,8,7,5,7,9,9,8,11,9,7,10,11,10,10,8,8,9,12,6,8,9,6,7,10,10,10,9,7,7,9,12,8,6,8,7,0,9,8,8,8,10,9,10,8,8,7,8,9,10,11,8,8,11,9,8,7,10,8,9,8,7,12,6,9,10,9,8,9,8,9,9,9,10,8,8,8,9,11,10,10,8,9,9,9,8,6,9,7,7,9,8,8,8,7,6,7,10,9,7,7,10,10,11,8,9,7,7,9,5,8,9,10,9,8
PRON + AUX + VERB + ADP,5,3,5,6,4,6,6,6,5,7,4,2,4,7,7,5,5,4,7,4,3,5,5,4,7,5,5,5,6,7,5,6,4,5,5,5,3,4,6,6,7,5,5,3,7,8,5,6,5,6,8,8,5,6,4,2,5,7,4,5,7,6,4,7,4,5,5,8,5,6,5,7,5,8,6,5,6,5,7,3,7,5,4,3,5,6,6,5,5,4,6,6,5,8,6,4,5,5,6,8,7,3,9,7,8,8,7,4,5,5,3,6,6,6,4,6,8,6,4,5,4,3,7,8,6,3,4,6,5,3,5,5,6,6,6,5,8,6,4,5,7,9,7,6,4,6,5,6,6,3,7,6,8,8,6,5,5,7,4,5,6,4,6,8,7,5,7,5,4,4,5,4,6,6,8,7,5,6,4,7,5,8,4,9,4,3,5,9,8,7,6,4,1,4,5,7,8,7,9,10,5,6,4,5,4,6,8,6,5,11,5,9,7,8,6,3,5,8,6,5,8,5,7,8,7,8,6,6,6,18,14,7,21,5,6,5,6,5,8,7,4,2,7,6,6,5,7,6,7,5,6,3,7,6,9,6,10,11,7,7,8,6,8,9,10,8,6,7,5,4,7,7,6,7,7,4,8,5,8,8,6,9,9,8,9,8,9,8,2,7,6,8,8,7,9,8,6,7,7,4,5,8,6,8,7,5,3,5,8,6,7,7,6,5,5,6,8,5,5,5,3,3,3,6,2,6,5,7,7,4,4,9,5,6,4,3,5,5,8,5,8,7,10,8,6,6,6,5,8,8,8,3,6,3,5,5,5,6,5,5,7,10,9,4,5,5,3,4,6,6,6,11,5,7,9,4,9,0,3,5,3,5,4,3,5,5,6,7,6,5,8,5,7,8,8,3,4,5,7,4,5,6,5,5,8,5,6,5,4,9,6,4,8,5,7,7,5,6,6,5,7,7,8,8,8,5,5,6,6,6,8,5,5,7,6,5,6,5,6,6,6,5,5,6,5,6,4,8,6,6,5,6,7,4,7
PRON + AUX + DET + NOUN + ADP,4,6,6,5,5,5,5,7,6,6,5,5,7,6,6,6,6,7,6,7,4,6,6,7,6,6,6,6,5,6,6,5,5,6,6,6,6,7,7,3,6,8,6,4,6,7,6,5,8,7,7,7,6,5,5,5,6,8,7,4,8,7,5,4,7,6,6,7,4,7,6,8,8,7,7,8,5,6,6,6,6,4,7,4,6,7,7,6,8,1,5,5,6,7,7,5,6,8,7,7,8,6,8,6,7,7,6,7,6,8,6,7,9,5,3,7,5,5,7,4,5,6,6,7,7,6,5,5,6,4,8,6,7,5,7,6,9,7,7,4,6,8,6,7,5,9,8,7,5,6,8,9,7,9,7,4,8,6,7,6,5,7,7,7,6,4,6,8,5,7,6,3,9,7,7,6,6,5,7,6,4,7,5,8,5,6,2,8,7,6,5,5,4,5,6,10,7,8,10,7,6,9,7,6,5,5,7,5,6,14,6,8,6,9,7,4,8,7,5,6,5,8,6,7,8,9,7,3,7,17,13,6,20,6,5,6,7,4,9,6,7,5,6,5,9,6,8,7,6,6,5,4,6,7,6,3,9,12,8,8,7,5,9,8,9,7,7,6,6,5,4,6,9,6,6,7,7,6,9,7,7,8,10,7,8,9,8,9,3,6,7,7,7,6,8,7,9,6,8,7,6,11,7,9,8,6,2,6,7,5,6,6,7,4,6,5,5,6,4,6,6,6,6,7,5,7,6,6,6,5,7,8,6,5,5,6,6,6,7,6,5,6,7,5,5,5,7,6,9,7,5,4,5,6,8,4,6,7,8,4,8,9,6,3,4,6,6,7,5,5,5,10,4,6,6,5,8,3,0,6,4,4,7,6,8,6,5,10,9,6,7,6,6,9,7,6,5,8,8,5,6,7,8,2,7,8,7,6,5,10,5,7,7,6,6,6,4,7,7,6,6,4,5,5,5,8,6,7,7,7,7,8,6,6,7,8,5,8,7,7,7,8,8,7,8,5,5,7,7,5,8,7,8,3,6
AUX + PRON + NOUN + VERB + ADV,4,4,6,5,3,5,5,7,6,6,5,3,5,6,6,4,4,7,6,5,4,6,4,3,6,6,6,6,5,6,4,5,5,6,4,2,6,5,5,5,6,6,6,6,4,7,8,3,8,7,7,7,6,7,5,5,4,8,5,6,8,5,7,6,5,4,4,7,6,5,6,8,6,7,5,4,5,4,6,6,6,6,5,6,6,5,5,4,6,5,7,7,6,7,7,7,8,6,5,7,8,4,8,6,7,7,6,5,4,4,4,5,7,7,5,7,7,7,5,4,7,6,6,7,7,2,5,5,6,4,8,6,5,5,3,4,9,5,7,6,4,8,6,5,5,7,6,5,5,4,6,7,7,9,7,8,6,6,7,4,7,7,5,7,8,6,8,6,5,5,6,3,9,9,7,6,6,5,5,8,4,9,5,8,5,2,8,10,7,4,7,7,4,7,6,10,7,10,8,7,6,7,5,8,5,5,7,7,6,12,8,8,10,9,7,6,6,7,7,4,5,4,6,7,6,9,7,5,7,19,15,6,22,6,7,8,5,4,9,6,5,7,6,7,7,6,6,5,6,6,7,6,8,5,8,7,9,10,8,8,11,9,7,10,11,7,7,4,4,7,6,6,7,6,6,7,7,4,7,7,7,8,6,9,8,7,8,7,5,8,7,7,7,6,8,9,7,8,8,5,8,9,7,7,8,6,6,6,7,7,8,6,5,6,8,5,5,4,8,6,4,6,4,7,5,7,6,6,4,7,7,8,6,7,5,4,6,6,5,6,7,6,9,7,5,7,7,6,7,9,9,6,5,4,4,6,6,9,6,4,8,9,10,3,6,6,2,5,7,5,5,10,6,8,8,7,8,5,6,0,4,8,7,4,8,6,7,8,7,6,9,6,8,9,9,4,5,6,10,7,8,7,8,6,7,4,7,6,5,8,5,7,9,6,6,4,6,5,7,6,8,8,7,9,9,4,4,9,5,5,7,4,6,6,5,6,7,4,5,5,5,6,6,9,6,5,5,7,7,5,6,7,4,5,8
PRON + AUX + PRON,4,4,4,5,5,5,5,5,4,6,5,3,5,6,6,6,6,7,6,5,2,6,4,5,6,6,4,8,5,6,6,5,5,6,6,6,6,5,7,5,6,6,4,4,6,7,6,5,8,5,7,7,6,7,7,5,6,6,5,6,6,7,7,6,5,6,6,7,6,5,6,6,6,7,7,6,5,6,6,6,6,6,5,4,6,5,7,6,6,3,7,7,6,7,7,5,6,6,7,7,8,4,8,6,7,7,6,5,6,6,4,7,7,7,5,5,7,7,5,6,5,6,6,7,7,4,5,5,8,6,8,4,7,7,7,6,7,7,7,4,6,8,6,7,3,7,6,7,5,2,8,7,7,7,5,8,6,6,7,6,7,7,7,7,8,6,8,6,7,5,8,1,9,9,7,6,6,7,5,6,6,9,3,8,5,2,6,10,7,6,7,3,2,5,6,8,9,10,8,11,4,7,5,6,3,5,7,7,6,12,8,8,10,7,5,2,6,7,7,6,7,6,6,7,8,7,5,5,7,21,15,6,20,4,7,6,7,4,7,10,5,5,8,7,5,4,6,7,6,2,7,2,8,7,8,7,9,12,10,10,11,9,9,10,11,7,5,6,6,5,6,6,7,6,6,7,7,6,9,7,7,8,8,9,8,9,8,9,1,8,5,7,7,6,8,9,7,8,6,5,8,9,7,9,6,6,6,4,9,7,8,6,5,8,8,5,7,6,6,4,4,4,4,5,3,5,4,8,8,3,5,8,4,7,5,4,6,4,7,6,7,8,9,7,7,7,5,4,9,9,7,2,7,4,6,8,6,9,8,4,8,9,10,3,6,4,2,5,5,7,5,10,8,8,8,7,8,3,4,4,0,4,5,4,6,6,7,10,7,4,9,8,8,9,9,2,5,4,8,7,8,7,8,4,7,6,5,4,7,10,5,7,9,4,6,6,6,7,5,4,8,8,9,9,9,4,4,7,7,7,7,6,6,6,3,6,7,6,7,7,7,6,6,7,6,7,5,7,7,7,6,7,8,5,8
PRON + ADP + DET + NOUN + AUX + PRON + ADP,6,8,8,7,7,7,7,9,8,8,7,7,9,8,8,8,8,7,8,9,6,8,8,9,8,8,8,8,7,8,8,7,5,8,8,8,6,9,9,5,8,10,8,6,8,9,6,7,8,9,9,9,6,7,7,7,8,10,9,4,10,9,7,6,9,8,8,9,6,9,6,10,10,9,9,10,7,8,8,8,8,6,9,6,8,9,9,8,10,5,7,7,8,9,9,7,8,10,7,9,8,8,10,8,9,9,8,9,8,10,6,9,11,5,5,9,7,7,7,6,7,8,8,9,7,8,7,7,6,6,8,8,9,7,9,8,9,9,7,6,8,10,8,9,7,11,10,9,7,6,10,11,9,11,9,8,10,8,7,8,7,7,9,9,6,4,10,8,5,9,6,5,9,7,9,8,6,7,7,8,6,9,5,10,5,6,6,8,9,8,7,5,6,9,8,10,9,8,10,9,8,11,9,6,7,7,9,7,6,14,8,10,8,11,9,6,10,9,7,8,7,10,8,9,10,11,9,5,9,19,13,8,18,8,7,8,9,6,11,8,9,7,8,7,9,8,10,9,8,6,5,6,6,9,8,5,11,14,8,8,9,7,11,8,9,9,9,8,8,7,6,8,11,8,8,7,9,8,11,9,9,10,10,11,10,11,10,11,5,8,9,9,9,8,10,7,11,8,10,9,8,13,9,11,10,6,6,8,9,7,8,8,9,6,6,7,9,8,8,6,8,6,8,9,7,9,8,8,8,7,7,10,6,7,7,8,6,8,9,8,9,8,9,7,9,5,7,8,9,9,9,6,7,8,8,6,6,9,8,6,10,11,8,5,6,8,6,9,5,7,7,12,6,8,8,5,10,5,4,8,4,0,7,6,10,6,9,10,11,8,7,8,6,9,7,6,9,8,10,5,8,9,8,6,9,10,9,8,7,12,7,9,7,8,8,8,6,9,9,8,8,6,7,7,7,8,6,11,9,9,9,10,8,8,7,10,5,10,9,9,9,10,10,9,10,7,7,9,9,7,10,9,10,5,8
PRON + VERB + PART + VERB + PRON + ADP,7,5,7,8,6,8,8,8,7,9,6,4,6,9,9,7,7,6,9,4,5,7,7,6,9,7,7,7,8,9,5,8,6,7,7,7,5,6,8,8,9,5,7,5,9,10,7,8,7,8,10,10,7,8,6,4,7,9,6,7,9,6,6,9,6,7,7,10,7,8,7,9,7,10,8,7,8,7,9,5,9,7,6,3,7,8,6,5,7,8,8,8,7,10,8,6,7,5,8,8,9,3,11,9,10,10,9,6,7,5,7,8,6,8,6,8,10,8,8,7,6,5,9,10,8,5,6,8,7,5,7,7,6,8,8,7,12,8,6,7,9,11,9,8,6,8,7,8,8,5,9,8,10,10,8,9,7,9,4,7,8,6,4,10,11,5,11,5,6,6,7,6,8,8,10,9,7,8,8,9,7,10,6,9,8,5,9,11,10,9,8,6,5,8,7,7,10,9,11,12,5,8,6,5,4,8,10,8,7,15,7,11,9,10,8,7,5,10,8,5,10,7,9,8,7,10,8,6,6,16,16,9,19,5,6,7,6,7,10,5,6,6,9,8,6,7,9,6,7,3,8,7,9,6,11,8,10,13,9,9,10,6,6,11,12,8,8,9,7,6,9,9,6,9,9,6,10,7,8,10,8,11,9,10,11,10,11,8,6,9,8,10,10,9,11,10,8,9,9,4,7,8,8,10,9,7,7,9,10,8,9,7,6,7,7,6,12,7,7,7,5,5,5,8,4,4,9,9,9,8,6,9,7,8,6,7,7,5,10,7,12,9,10,10,10,8,8,7,8,6,10,7,10,7,9,7,9,8,7,5,9,10,11,6,7,5,7,4,10,8,8,13,7,9,11,8,9,4,7,7,5,7,0,7,7,9,6,7,4,9,10,3,9,10,10,3,4,5,3,6,7,8,9,9,10,7,8,9,6,7,8,6,10,7,9,9,7,8,8,7,9,9,10,10,10,5,7,6,8,8,10,7,7,9,6,7,8,7,8,8,8,7,7,8,7,8,6,10,8,8,7,6,7,6,9
PRON + NOUN + AUX + AUX + VERB,4,4,6,5,3,5,5,7,6,6,5,3,5,6,6,4,4,7,6,5,4,6,6,5,6,6,6,6,5,6,4,5,5,6,4,4,6,5,5,5,6,6,6,6,6,7,8,5,8,7,7,7,6,7,5,5,4,8,5,6,8,5,7,6,5,4,4,7,6,7,6,8,6,7,5,6,5,4,6,6,6,6,5,6,6,7,5,4,6,5,7,7,6,7,7,7,8,6,5,7,8,4,8,6,7,7,6,5,6,6,2,5,7,7,5,7,7,7,3,4,7,6,6,7,7,4,5,5,6,4,8,6,5,5,5,4,7,5,7,6,6,8,6,5,5,7,6,5,5,4,6,7,7,9,7,8,6,6,7,4,7,7,5,7,8,6,8,6,5,5,8,5,9,9,7,6,6,5,3,8,6,9,5,8,3,4,8,10,7,6,7,7,2,5,6,8,7,10,8,9,6,7,5,8,5,5,7,7,6,8,8,8,10,9,7,4,6,7,7,6,7,6,6,7,6,9,7,5,7,19,15,6,22,6,7,8,5,4,9,8,5,5,6,7,7,6,8,5,6,6,7,4,8,5,8,7,9,10,8,8,11,9,7,10,11,7,7,6,4,7,6,6,7,6,6,7,7,4,7,7,7,8,8,7,8,7,8,7,3,8,7,7,7,6,8,9,7,8,8,5,8,9,7,7,8,6,6,6,7,7,8,6,7,6,8,7,9,6,8,6,4,6,4,7,3,7,6,6,6,5,5,8,8,7,5,6,6,6,7,6,9,6,9,7,7,7,7,6,9,9,9,6,7,2,2,6,4,9,8,4,8,9,10,3,6,6,4,5,5,5,5,10,6,8,8,5,10,3,6,4,4,6,7,0,8,4,7,8,7,6,9,6,8,9,9,4,5,6,10,7,8,7,6,6,7,6,7,6,5,8,5,7,9,6,6,6,6,5,7,6,8,8,9,9,9,6,4,5,5,5,7,6,6,6,5,6,7,6,5,5,5,6,6,9,6,5,5,7,7,5,6,7,6,5,8
AUX + PRON + AUX + ADJ + PART + VERB + ADP + PRON + PROPN,10,8,8,9,9,11,9,9,8,12,9,7,9,10,10,8,10,9,12,9,8,10,10,9,10,10,10,10,11,10,10,11,9,10,10,10,8,9,11,11,10,10,10,8,12,13,10,11,10,11,11,11,10,11,9,7,10,10,7,10,12,11,9,10,9,10,10,11,10,11,10,10,10,11,9,10,11,10,8,6,10,10,9,8,10,9,11,10,8,9,11,9,8,11,11,9,8,10,11,11,10,8,12,10,13,11,10,7,10,10,8,9,9,11,9,9,11,11,9,10,7,8,10,11,11,8,9,11,10,8,8,10,11,11,11,10,13,11,7,8,10,12,10,11,9,11,10,11,9,8,12,9,11,9,9,10,8,12,9,10,11,9,9,11,12,10,12,8,9,9,10,7,11,11,11,10,8,11,9,10,10,11,9,12,9,6,8,12,11,12,9,7,6,9,8,10,13,12,14,13,8,11,9,8,7,11,11,11,10,14,10,12,12,11,9,6,8,11,11,10,13,10,12,9,8,11,9,9,11,21,17,10,22,8,9,8,11,8,11,10,9,5,12,11,9,8,10,11,10,8,11,6,12,11,12,9,13,14,10,12,13,11,11,12,13,11,7,10,10,7,12,10,9,12,12,9,13,10,13,11,11,12,12,11,12,11,12,11,7,12,9,11,11,12,14,13,9,8,10,7,10,13,11,11,8,10,8,10,13,11,12,10,7,8,10,7,11,10,6,10,8,8,8,11,5,5,6,12,10,7,5,10,8,9,7,6,8,8,13,8,11,12,11,11,9,9,9,10,13,11,9,6,11,8,8,10,10,11,10,8,10,13,12,9,10,8,8,7,9,11,11,16,10,12,12,9,8,5,8,8,6,10,7,8,0,10,9,10,9,10,11,8,12,11,11,6,7,8,10,9,8,11,10,10,11,10,9,8,9,12,9,7,13,10,12,12,10,11,11,10,10,12,13,13,11,6,8,9,9,11,11,8,10,10,9,8,11,10,11,9,11,10,10,9,10,11,9,9,11,11,8,11,10,9,12
DET + NUM + NOUN + AUX + VERB,4,4,6,5,3,5,5,7,6,6,5,5,5,6,6,4,4,7,6,5,6,6,6,5,6,6,4,6,3,6,4,5,5,6,4,4,6,5,5,3,6,6,6,6,6,7,6,5,8,5,7,7,4,7,5,5,4,8,5,4,8,5,7,4,5,4,4,7,6,7,6,8,6,7,5,6,5,4,6,6,6,4,5,6,6,7,5,4,6,5,7,7,6,7,7,7,8,6,5,7,8,6,8,6,7,7,6,5,6,6,2,5,7,5,5,7,5,5,3,2,7,6,6,7,7,6,7,5,6,4,8,6,5,3,5,4,7,5,7,6,6,8,6,5,5,7,6,5,5,6,6,7,7,9,5,8,6,4,7,4,7,5,5,7,6,6,8,8,5,7,6,7,11,7,7,6,6,5,3,4,6,7,5,6,1,4,8,10,7,4,7,9,4,7,6,6,7,8,8,7,8,7,5,8,7,5,7,5,6,8,8,8,8,9,7,6,6,7,7,8,5,6,4,7,6,9,7,5,7,15,15,6,20,6,5,8,5,6,9,8,5,7,6,7,9,8,8,5,6,8,5,6,6,5,8,5,11,10,8,8,9,7,7,10,9,7,7,6,4,7,4,6,7,4,4,7,7,4,7,7,7,8,8,7,8,7,8,7,5,8,5,7,7,6,6,7,7,8,8,5,8,7,5,7,8,6,6,8,3,7,8,6,7,4,6,7,7,6,10,6,6,8,6,7,5,7,8,4,4,7,5,8,8,5,7,8,6,8,5,8,7,6,7,5,5,5,7,6,7,7,9,8,7,6,4,4,2,7,10,6,8,9,6,5,6,8,6,7,3,3,5,8,4,6,6,3,8,5,6,6,6,6,9,4,10,0,5,8,7,6,9,8,4,7,7,6,7,8,10,5,10,5,6,6,7,6,7,8,5,8,5,7,7,6,6,6,6,5,7,6,8,6,7,7,7,6,4,9,5,5,7,6,6,6,5,6,5,6,5,5,5,6,8,9,6,5,3,7,7,3,6,7,6,5,6
PRON + AUX + DET + NUM + NOUN + VERB + PART + VERB,7,7,9,8,6,8,8,10,9,9,8,6,8,9,9,7,7,10,9,6,7,9,9,8,9,9,7,9,6,9,7,8,8,9,7,7,9,8,8,6,9,7,9,9,9,10,9,8,11,8,10,10,7,10,8,8,7,11,8,7,11,6,10,7,8,7,7,10,9,10,9,11,9,10,8,9,8,7,9,9,9,7,8,9,9,10,6,5,9,4,10,10,9,10,10,10,11,7,8,10,11,5,11,9,10,10,9,8,9,7,7,8,8,8,8,10,8,8,8,5,10,9,9,10,10,7,8,8,9,7,11,9,8,6,8,7,12,8,10,9,9,11,9,8,8,10,9,8,8,7,9,10,10,12,8,7,9,7,8,7,10,8,4,10,9,7,9,7,6,8,9,6,10,10,10,9,9,8,8,7,9,10,8,9,6,7,7,11,10,7,10,10,5,8,9,7,10,11,11,10,9,10,8,11,8,8,10,8,9,13,11,11,11,12,10,7,7,10,10,7,8,9,7,8,7,12,10,6,8,16,16,9,23,7,8,11,8,7,12,9,8,8,9,8,8,9,11,6,9,7,8,7,9,6,11,8,12,13,11,11,12,10,8,13,12,8,10,9,7,10,7,9,8,7,7,10,10,7,8,10,10,11,11,10,11,10,11,10,6,11,8,10,10,9,9,10,10,11,11,6,11,8,8,10,11,9,5,9,6,10,11,9,8,7,9,8,8,7,9,7,7,9,7,10,4,8,9,7,7,8,8,11,9,8,8,9,9,9,8,9,8,9,8,8,6,8,10,7,8,6,6,9,10,7,9,7,7,10,11,7,11,10,9,6,7,7,7,6,8,6,8,11,7,9,9,8,7,6,5,7,7,9,6,7,9,5,0,11,6,9,12,5,7,10,10,7,2,7,9,8,7,8,11,5,10,9,10,9,8,9,8,10,10,9,9,9,9,8,10,9,11,9,10,10,10,9,9,6,8,8,10,9,9,9,8,9,8,9,8,8,8,9,9,12,9,8,6,10,10,6,9,8,7,6,9
PROPN + PART + VERB + ADP + NOUN + NOUN + VERB,6,6,6,7,5,5,5,7,8,6,5,7,5,8,6,6,4,5,6,5,8,6,8,7,4,6,8,6,7,6,4,7,5,4,6,6,4,7,5,7,6,6,8,6,6,7,8,7,4,9,7,7,6,7,5,5,4,8,7,6,10,7,5,8,7,6,6,7,6,9,6,8,6,5,5,6,7,6,6,6,6,6,7,6,4,9,5,6,8,9,7,7,6,7,5,7,8,4,3,5,6,6,8,8,7,7,6,7,6,6,6,7,7,7,7,9,9,5,7,6,7,6,8,9,7,8,7,7,6,6,6,8,5,7,5,6,9,5,5,8,6,8,8,3,7,7,6,5,7,8,4,7,7,9,7,10,8,6,5,6,9,5,7,9,10,6,6,6,5,7,6,9,7,7,7,6,6,7,5,10,8,9,7,8,7,8,10,8,9,8,7,9,8,9,6,10,7,6,6,9,8,7,7,8,7,7,5,7,6,12,4,6,8,9,7,10,6,7,5,8,7,8,8,7,6,9,7,7,7,15,15,8,16,6,5,8,5,8,11,8,7,9,6,5,7,8,8,7,6,10,7,8,8,5,8,9,11,10,6,6,9,7,7,8,9,5,7,8,6,7,6,8,7,8,6,5,7,6,7,7,5,6,8,7,8,7,6,5,9,8,9,7,7,6,8,7,7,10,8,5,6,9,7,9,8,4,8,10,7,7,6,4,7,8,6,9,11,8,8,8,6,8,8,9,7,7,10,8,8,11,7,6,10,7,5,8,6,8,9,6,11,8,9,7,9,7,9,8,11,11,9,10,9,10,8,8,8,7,6,6,6,5,10,7,8,8,10,7,9,7,7,10,8,4,8,7,8,7,10,8,10,10,7,8,10,8,11,0,7,10,7,6,8,7,9,8,9,8,6,5,8,5,10,8,7,8,7,10,7,8,7,5,7,8,6,6,6,5,9,8,6,8,9,7,9,10,8,9,5,7,7,8,6,6,7,6,7,8,5,7,7,8,8,7,6,5,7,5,5,7,8,5,8,7,6
VERB + PART + VERB + ADJ,5,3,5,4,4,6,6,6,3,7,4,4,4,5,5,5,5,4,7,2,5,3,5,4,7,5,5,5,6,7,3,6,6,5,5,5,5,2,6,6,5,3,5,5,7,8,5,6,5,6,6,8,7,8,6,4,5,7,4,7,7,4,6,5,4,5,5,6,7,6,5,7,5,8,6,5,6,3,5,5,5,5,4,5,5,4,4,3,5,8,6,6,5,6,4,4,7,3,6,4,7,3,7,5,8,6,7,4,5,3,5,6,4,6,6,4,6,6,6,5,6,3,5,6,4,5,4,6,7,5,7,5,4,6,6,5,8,6,6,7,7,7,5,6,4,6,5,6,4,5,7,6,6,6,6,11,5,7,4,5,6,6,2,6,11,7,9,3,6,4,7,8,8,8,6,5,7,6,6,5,7,8,6,5,6,5,11,9,6,7,6,8,5,8,7,7,6,7,9,10,7,4,4,7,4,6,8,4,7,13,7,9,9,8,4,5,3,6,8,5,8,5,7,6,5,8,6,6,4,14,16,7,21,3,4,7,4,5,6,7,4,8,7,8,4,5,5,4,7,5,8,7,7,4,11,6,8,11,9,7,8,6,4,9,10,6,4,5,5,4,7,5,4,7,7,6,8,5,6,6,4,9,9,6,7,6,9,6,6,9,4,6,6,7,9,10,6,7,5,2,7,6,6,8,5,7,9,9,6,8,9,5,6,7,5,8,8,7,9,7,3,7,5,6,4,4,7,7,7,6,6,5,7,8,6,9,5,5,8,7,8,9,6,6,8,6,6,7,8,4,10,9,10,7,7,7,7,6,9,5,7,8,9,6,7,3,7,2,6,6,6,11,7,7,7,8,9,6,9,7,7,11,4,7,9,7,6,7,0,5,8,5,7,8,8,5,4,5,5,6,9,6,9,9,6,3,6,7,6,5,6,6,10,5,7,7,7,6,6,5,7,9,10,10,10,7,7,6,6,4,8,5,5,7,6,5,6,5,6,6,6,3,5,8,5,6,4,6,6,6,5,4,5,6,5
CCONJ + ADJ + AUX,4,4,4,3,5,5,5,5,2,4,5,5,5,4,4,4,6,5,6,5,4,4,4,5,6,4,4,6,5,6,6,5,5,6,6,6,6,3,7,5,4,4,4,4,6,5,4,5,6,5,5,5,6,7,7,5,6,4,3,6,6,5,7,4,5,4,6,5,6,5,4,6,6,5,5,6,5,4,4,6,4,6,5,6,6,3,7,6,4,5,5,5,4,5,5,3,6,6,7,5,6,6,6,4,5,3,6,5,6,6,4,5,5,5,5,3,5,7,5,6,5,4,4,5,5,6,5,5,8,6,8,4,5,7,7,6,5,5,7,6,6,6,4,7,3,5,6,7,3,6,8,3,3,5,5,10,6,6,7,6,5,7,7,5,8,8,8,8,9,7,8,5,11,7,5,4,6,7,5,4,6,7,5,6,5,4,8,10,3,6,5,7,4,7,8,10,7,8,8,9,8,5,5,8,5,5,7,5,6,10,8,8,8,7,3,4,4,5,7,8,7,6,6,5,6,7,5,7,5,19,15,6,22,4,7,6,7,4,5,12,3,7,8,9,7,4,4,7,8,6,7,4,6,7,8,5,9,10,8,8,9,9,9,10,9,7,3,4,6,3,6,4,7,4,6,7,7,6,9,5,5,6,8,9,6,7,6,9,3,8,3,5,5,6,8,9,7,6,4,5,8,9,7,7,4,6,8,6,7,7,6,6,5,6,6,7,7,8,10,6,6,8,6,5,5,5,6,8,6,5,7,6,6,9,7,8,4,6,7,8,7,10,7,5,7,5,5,6,11,9,9,6,7,6,6,8,6,7,10,6,8,9,8,5,8,4,6,7,5,7,5,8,8,8,6,7,10,5,6,6,4,8,9,6,10,6,9,10,5,0,7,10,6,7,7,6,7,8,8,7,10,7,8,6,5,4,5,6,7,8,5,7,9,4,6,6,6,5,5,2,6,8,9,9,9,6,6,9,5,5,7,4,6,6,7,4,5,6,7,7,5,4,8,7,4,7,5,5,5,7,4,7,6,7,6
ADJ + ADP + NOUN + NOUN + ADP + NOUN,5,7,7,4,6,4,6,8,5,5,6,8,8,5,3,5,5,6,3,8,7,5,7,8,5,7,7,5,6,7,7,6,4,5,5,7,5,6,4,6,5,9,7,5,5,4,7,6,7,8,4,8,5,2,4,6,7,9,6,5,9,8,4,5,8,7,7,2,3,8,5,9,9,6,4,9,6,7,5,7,5,7,8,7,7,6,6,7,7,8,4,2,5,4,6,6,7,9,4,6,1,9,5,7,4,6,5,8,7,9,7,6,10,6,4,6,6,8,8,7,6,7,5,6,6,9,6,6,5,5,7,7,8,8,6,7,6,6,6,5,7,3,5,6,8,10,9,8,6,9,5,8,6,8,8,9,9,5,6,7,6,6,8,6,5,7,9,9,8,10,7,8,6,6,6,7,5,6,6,7,5,6,6,7,8,9,7,5,6,7,4,6,9,10,5,13,8,7,7,6,9,8,8,7,8,6,4,6,5,13,5,7,7,10,6,7,7,4,4,9,6,9,7,4,5,10,8,8,8,16,12,5,17,7,8,7,6,5,8,11,8,10,5,8,10,7,7,8,5,11,4,9,5,6,7,4,10,9,5,7,8,6,10,7,6,4,6,5,7,4,5,7,10,7,5,4,4,7,10,4,4,5,9,10,5,4,5,8,8,3,6,6,4,5,5,4,10,5,7,8,3,12,8,8,7,5,7,11,8,4,5,7,10,5,7,10,8,9,9,7,9,9,9,8,10,8,9,9,7,8,8,7,9,6,6,9,3,7,8,7,8,7,6,6,8,4,8,9,12,10,8,9,6,11,9,7,9,6,7,7,7,6,7,6,9,7,11,10,8,8,6,7,7,7,5,6,11,8,7,9,9,7,10,9,11,9,12,7,8,7,0,7,7,4,6,9,10,11,11,6,7,8,9,7,4,7,8,9,6,9,6,8,6,7,5,5,3,6,8,7,3,5,6,6,6,11,7,12,6,6,8,7,7,7,8,7,6,9,6,6,6,7,11,8,9,4,8,4,6,6,7,6,7,8,5
PRON + NOUN + VERB + PART + VERB + ADP + NOUN,6,6,8,7,5,5,7,9,8,6,5,5,7,8,6,6,6,5,6,5,6,6,8,7,6,6,8,4,7,8,6,7,5,6,4,6,4,7,7,7,8,6,8,6,6,7,8,7,6,9,7,9,6,5,3,5,6,10,7,6,10,5,5,8,7,6,6,7,4,9,6,10,8,7,7,8,7,6,8,6,6,6,7,6,6,9,5,4,8,7,5,5,6,7,7,7,8,6,7,7,8,4,8,8,7,7,6,7,6,6,6,7,7,7,5,9,9,7,7,6,7,6,8,9,7,6,5,7,4,4,6,8,7,7,7,6,9,7,5,6,8,8,8,7,7,9,8,7,7,6,8,9,9,11,9,6,8,6,3,6,7,5,3,9,8,6,10,6,5,7,6,7,7,7,7,8,6,5,7,10,6,7,7,8,7,6,6,8,9,8,5,7,6,7,4,8,7,8,8,9,6,9,7,8,7,7,7,7,6,14,6,8,8,11,9,8,6,7,5,4,7,8,8,5,6,11,9,7,5,13,15,6,20,6,5,8,5,6,11,6,7,7,6,7,7,8,10,5,6,6,5,8,6,5,8,7,11,12,6,6,11,5,7,10,9,5,9,8,6,7,6,8,7,8,6,5,7,6,7,7,7,8,10,7,8,7,8,7,7,6,9,9,7,6,8,7,9,8,10,5,6,9,7,9,10,6,6,10,9,5,6,6,7,6,6,7,11,6,6,8,6,6,6,9,5,7,10,8,8,9,5,8,8,5,5,6,6,6,9,6,11,8,7,9,9,7,9,8,9,7,7,8,9,8,8,6,8,7,6,6,8,7,8,5,6,6,8,5,9,7,7,10,6,8,8,5,8,5,6,6,8,8,3,6,8,8,5,6,5,10,7,0,8,9,9,6,3,6,6,5,4,7,8,6,7,8,9,10,5,6,7,7,7,8,6,6,6,7,9,8,6,6,7,7,7,8,6,5,7,5,9,8,6,8,7,8,7,8,7,5,5,8,8,9,8,5,7,7,7,5,8,5,6,5,8
ADP + DET + ADJ + NUM + NOUN,4,6,6,3,5,5,5,7,4,6,5,7,7,4,4,4,6,3,6,7,6,4,6,7,6,6,4,4,3,6,6,5,3,6,6,6,4,5,7,3,4,8,6,4,6,7,2,5,4,5,5,7,2,5,5,5,6,8,5,2,8,7,5,2,7,6,6,5,4,7,2,8,8,7,5,8,5,6,4,6,4,4,5,6,6,5,7,6,6,5,3,5,4,5,5,3,6,8,5,5,6,8,6,6,7,5,6,7,6,8,6,5,9,1,5,5,3,5,7,4,5,4,4,5,3,8,5,5,4,6,6,6,7,5,7,6,7,7,5,6,6,6,4,7,7,9,8,7,5,8,8,7,5,7,5,8,6,4,5,6,3,3,7,5,6,4,8,8,5,9,4,7,9,5,5,6,4,5,7,2,6,3,5,6,5,8,8,8,5,4,5,7,8,9,6,10,5,4,10,7,8,7,7,8,7,5,7,3,4,10,6,8,8,9,5,6,6,5,5,8,5,8,4,5,6,9,7,5,7,15,13,4,18,6,5,6,7,4,7,10,7,9,6,7,9,6,6,7,8,10,3,8,2,7,8,3,9,10,6,4,7,7,9,6,7,7,5,4,6,5,4,6,9,4,4,5,7,6,9,5,5,8,10,7,6,7,8,9,7,6,3,5,5,6,6,5,9,6,6,7,6,9,5,7,6,4,8,10,5,5,6,6,9,4,2,7,5,6,10,6,8,8,8,7,9,7,8,6,4,7,9,6,4,7,5,8,4,6,5,6,5,8,5,3,5,3,5,6,9,9,7,8,9,10,8,6,6,5,8,6,8,9,4,5,6,6,10,9,5,5,5,8,6,6,4,7,8,7,6,8,8,6,9,8,12,4,7,8,7,6,7,8,0,7,5,8,9,10,10,3,8,5,8,6,5,6,7,8,7,10,5,7,5,6,6,6,6,7,7,6,6,6,5,5,5,10,8,11,5,5,7,6,6,6,7,6,3,8,7,7,7,6,10,7,8,5,5,5,7,5,6,7,6,5,4
ADV + NUM + ADJ + ADP + NOUN + NOUN,5,7,7,4,6,4,6,8,5,5,6,8,8,5,3,5,5,6,5,8,7,5,5,6,5,7,5,7,4,7,7,6,4,5,5,7,5,6,6,6,5,9,7,5,5,6,7,6,7,6,4,8,5,6,6,6,7,9,6,5,9,8,6,5,6,7,7,4,5,6,5,9,9,6,4,7,6,7,5,7,5,7,6,7,7,4,6,7,7,8,6,4,5,4,6,6,7,9,4,6,3,9,5,7,6,6,5,8,7,7,7,6,10,6,6,6,4,8,8,7,6,7,3,6,6,7,6,4,7,7,7,7,8,8,6,7,6,6,6,7,7,5,5,6,8,10,7,8,6,9,7,8,6,8,6,11,7,5,6,5,8,6,8,6,9,7,9,9,8,10,5,8,8,8,6,7,5,6,6,7,7,8,6,3,8,9,9,5,6,5,4,8,9,10,7,13,8,9,9,8,9,6,8,9,8,6,6,6,3,9,5,7,7,10,6,7,7,2,6,7,6,7,5,4,5,10,8,8,8,14,16,5,19,7,8,7,6,5,8,13,8,10,5,8,10,7,5,8,7,11,6,9,7,6,7,6,8,7,5,9,10,8,10,9,6,6,6,5,7,4,5,7,10,5,3,6,6,7,10,6,4,7,9,10,5,6,7,8,8,7,6,6,4,3,5,6,10,7,7,8,7,10,6,8,7,5,9,9,6,6,5,7,10,7,7,10,8,7,11,7,9,7,7,8,10,8,7,7,7,8,10,7,9,8,6,9,3,7,4,5,6,9,6,6,8,4,6,7,12,12,8,9,8,9,9,9,9,6,5,7,5,8,9,6,9,7,9,10,8,8,6,7,7,7,7,8,11,8,9,9,9,9,10,9,11,7,10,7,8,7,4,9,7,0,4,9,10,11,11,6,11,6,9,7,4,5,8,7,6,9,6,8,8,7,5,5,5,6,8,7,3,7,8,6,8,11,7,10,6,6,8,7,5,7,8,7,6,7,4,6,6,7,11,8,9,6,8,4,6,6,7,6,7,8,5
ADV + ADJ + ADP + VERB + DET + NOUN,5,5,7,4,6,6,6,8,5,7,4,6,6,5,5,5,7,6,7,6,7,5,5,6,7,5,7,7,6,7,5,6,4,5,5,7,5,6,8,4,5,7,7,5,7,8,5,6,7,8,6,8,5,6,6,6,7,9,4,3,9,8,6,5,4,7,5,6,5,6,5,9,7,8,6,7,6,7,5,7,5,3,6,7,5,4,6,7,5,6,6,4,3,6,6,6,7,7,6,6,5,7,7,7,8,6,7,6,5,7,7,6,8,4,6,6,4,4,6,5,6,7,3,6,4,7,6,4,5,7,7,7,6,6,8,7,8,8,6,7,7,7,5,8,6,8,5,8,6,7,9,6,6,8,8,7,7,7,6,5,6,6,8,6,7,5,7,7,6,8,3,8,10,6,6,7,5,4,8,7,7,8,6,5,6,7,9,7,6,7,4,8,7,8,7,11,6,7,11,8,7,6,6,9,8,6,8,4,3,11,7,9,7,10,6,7,5,4,6,7,6,7,7,6,7,10,8,4,6,18,14,7,21,7,4,7,6,5,8,9,6,10,5,6,10,7,5,8,7,9,4,9,5,8,9,6,8,9,5,7,8,6,8,9,6,8,6,5,7,4,5,7,8,7,7,6,8,7,8,6,6,9,11,8,7,6,9,8,8,7,6,6,6,5,9,6,8,7,7,6,7,10,6,8,7,5,9,9,8,6,7,7,8,7,5,6,8,7,9,7,7,7,5,8,8,6,7,5,7,8,10,7,7,8,6,9,3,7,6,5,6,9,8,6,8,2,6,9,10,10,10,9,8,9,9,7,7,8,7,5,5,10,9,6,5,7,9,8,6,6,6,11,7,5,7,8,9,8,7,9,9,7,10,9,11,7,10,9,8,7,6,9,5,4,0,7,10,9,11,4,9,6,11,7,6,5,8,7,6,9,6,8,6,7,7,5,7,8,8,7,5,7,6,6,6,9,7,8,6,6,8,5,3,7,8,5,4,7,6,6,6,7,9,8,7,6,6,6,6,6,5,6,7,4,5
PRON + VERB + PRON,4,2,4,5,3,5,5,5,4,6,3,1,3,6,6,4,4,5,6,3,2,4,4,3,6,4,4,6,5,6,4,5,5,4,4,4,4,3,5,5,6,4,4,4,6,7,6,5,6,5,7,7,6,7,5,3,4,6,3,6,6,5,5,6,3,4,4,7,6,5,6,6,4,7,5,4,5,4,6,4,6,4,3,2,4,5,5,4,4,5,7,7,4,7,5,5,6,4,5,7,8,2,8,6,7,7,6,3,4,4,4,5,5,7,5,5,7,5,5,4,5,4,6,7,5,2,3,5,6,4,6,4,5,5,5,4,9,5,5,4,6,8,6,5,3,5,4,5,5,2,6,5,7,7,5,8,4,6,5,4,7,5,5,7,10,4,8,4,5,3,6,3,7,7,7,6,6,5,5,6,6,9,3,8,5,2,8,10,7,6,7,3,2,5,4,8,7,8,10,9,2,5,3,4,3,5,7,5,6,12,6,8,8,7,5,4,4,7,7,4,7,4,6,7,6,7,5,3,5,19,15,6,20,4,5,6,5,4,7,8,3,5,6,5,3,4,6,5,4,2,7,4,8,5,8,7,9,10,8,8,9,7,7,8,11,7,5,6,4,5,6,6,5,6,6,5,7,4,7,7,5,8,6,9,8,7,8,7,3,8,5,7,7,6,8,9,5,8,6,3,6,7,5,7,6,6,6,6,7,7,8,6,5,6,6,3,9,4,6,4,2,4,2,5,3,3,6,6,6,5,5,8,6,5,3,4,6,2,7,4,9,6,9,7,7,7,7,4,7,7,9,4,9,4,6,6,6,7,6,2,6,9,10,3,4,4,4,3,7,5,5,10,6,6,8,7,8,3,6,4,2,6,3,4,6,6,7,8,5,6,9,6,8,9,7,0,5,2,6,5,8,5,8,6,7,4,5,6,5,8,5,5,9,4,6,6,6,5,5,4,8,8,9,9,9,2,4,7,5,5,7,4,4,6,3,4,7,4,5,5,5,4,4,7,4,5,3,7,5,5,4,5,6,3,6
PRON + AUX + NOUN + VERB + PART + VERB,5,5,7,6,4,6,6,8,7,7,6,4,6,7,7,5,5,8,7,4,5,7,7,6,7,7,7,7,6,7,5,6,6,7,5,5,7,6,6,6,7,5,7,7,7,8,9,6,9,8,8,8,7,8,6,6,5,9,6,7,9,4,8,7,6,5,5,8,7,8,7,9,7,8,6,7,6,5,7,7,7,7,6,7,7,8,4,3,7,4,8,8,7,8,8,8,9,5,6,8,9,3,9,7,8,8,7,6,7,5,5,6,6,8,6,8,8,8,6,5,8,7,7,8,8,5,6,6,7,5,9,7,6,6,6,5,10,6,8,7,7,9,7,6,6,8,7,6,6,5,7,8,8,10,8,7,7,7,6,5,8,8,2,8,9,7,9,5,6,6,9,4,8,10,8,7,7,6,6,9,7,8,6,9,6,5,7,9,8,7,8,8,3,6,7,5,8,11,9,10,7,8,6,9,6,6,8,8,7,13,9,9,11,10,8,5,5,8,8,5,8,7,7,6,5,10,8,6,6,16,16,7,23,5,6,9,6,5,10,7,6,6,7,8,6,7,9,4,7,5,8,5,9,4,9,8,10,11,9,9,12,8,6,11,12,6,8,7,5,8,7,7,6,7,7,8,8,5,6,8,8,9,9,8,9,8,9,8,4,9,8,8,8,7,9,10,8,9,9,4,9,8,8,8,9,7,5,7,8,8,9,7,6,7,9,8,8,7,7,7,5,7,5,8,2,6,7,7,7,6,6,9,9,8,6,7,7,7,8,7,8,7,8,8,6,8,8,7,8,6,6,7,8,5,7,7,7,10,9,5,9,8,9,4,7,5,5,4,8,6,6,11,7,9,9,8,7,4,5,5,5,9,4,5,7,7,2,9,4,7,10,3,9,10,10,5,0,5,7,8,5,8,9,5,8,7,8,7,6,7,6,8,10,7,7,7,7,6,8,7,9,9,10,10,10,7,7,4,6,6,8,7,7,7,6,7,8,7,6,6,6,7,7,10,7,6,6,8,8,6,7,6,5,6,9
SCONJ + PRON + VERB + PRON + VERB,6,4,6,7,5,7,7,7,6,8,5,3,5,8,8,6,6,7,8,3,4,6,6,5,8,6,6,8,7,8,4,7,7,6,6,6,6,5,7,7,8,4,6,6,8,9,8,7,8,7,9,9,8,9,7,5,6,8,5,8,8,5,7,8,5,6,6,9,8,7,8,8,6,9,7,6,7,6,8,6,8,6,5,4,6,7,5,4,6,7,9,9,6,9,7,7,8,4,7,9,10,2,10,8,9,9,8,5,6,4,6,7,5,9,7,7,9,7,7,6,7,6,8,9,7,4,5,7,8,6,8,6,5,7,7,6,11,7,7,6,8,10,8,7,5,7,6,7,7,2,8,7,9,9,7,10,6,8,5,6,9,7,5,9,12,6,10,4,5,3,8,5,7,9,9,8,8,7,7,8,8,11,5,10,7,4,10,12,9,8,9,5,4,5,6,8,9,10,12,11,2,7,5,6,5,7,9,7,8,14,8,10,10,9,7,6,4,9,9,4,9,6,8,9,8,9,7,5,5,19,17,8,20,6,7,8,5,6,7,8,5,7,8,7,3,6,8,5,6,4,9,6,10,5,10,9,11,12,10,10,11,7,7,10,13,9,7,8,6,7,8,8,5,8,8,7,9,6,7,9,7,10,8,11,10,9,10,7,5,10,7,9,9,8,10,11,7,10,8,5,8,7,7,7,6,8,8,8,9,9,10,8,7,8,8,5,11,6,8,6,2,4,4,5,5,5,8,8,8,7,7,10,8,7,5,6,8,4,9,6,11,8,11,9,7,9,9,6,5,7,11,4,11,6,8,8,8,9,8,4,8,9,12,5,4,6,4,3,9,7,7,12,8,8,10,9,10,5,8,6,4,8,5,6,8,8,7,8,5,8,11,6,10,11,9,2,5,0,8,7,10,7,10,8,9,6,7,8,7,8,7,7,11,6,8,8,8,7,7,6,10,10,11,11,11,2,6,7,7,7,9,6,6,8,5,6,9,6,7,7,7,6,4,9,6,7,5,9,7,7,6,5,6,5,8
CCONJ + PROPN + VERB + PART + VERB + PRON + ADP,8,6,6,9,7,9,7,7,8,8,7,7,5,10,10,8,8,7,10,5,6,8,8,7,8,8,8,8,9,8,6,9,7,8,8,8,6,7,9,9,8,6,8,6,10,9,8,9,6,9,11,7,8,9,7,5,6,6,7,8,10,7,7,10,7,6,8,11,8,9,8,8,6,9,9,6,9,8,8,6,10,8,7,4,6,9,7,6,8,9,9,9,8,11,7,7,8,4,9,7,10,6,12,8,9,9,8,7,8,6,8,9,5,9,7,9,11,7,9,8,7,6,10,11,9,8,9,9,8,6,8,8,7,9,9,8,13,7,7,8,8,10,10,7,7,5,6,7,9,8,8,7,9,7,7,12,8,10,5,8,9,7,5,11,12,6,10,6,9,7,8,9,11,9,9,8,8,9,9,10,8,11,7,10,9,8,10,10,9,10,9,7,8,11,8,10,9,8,10,13,8,7,7,6,5,9,9,9,8,14,8,10,8,9,7,8,6,11,7,8,11,8,10,9,8,9,7,7,7,17,17,10,18,6,7,8,7,8,11,8,5,9,10,9,7,6,8,7,8,6,9,8,10,7,10,9,11,12,10,8,9,7,7,12,11,9,7,10,8,7,10,10,7,8,10,7,11,6,9,11,9,10,8,9,10,11,10,9,7,10,9,9,11,10,12,11,7,10,8,5,8,9,9,11,8,6,10,8,11,9,10,6,5,8,8,9,13,10,10,8,6,8,8,9,7,5,10,10,10,9,7,8,8,9,7,10,8,8,11,8,13,12,11,9,11,9,9,6,11,9,11,8,11,10,10,8,10,9,10,6,10,9,12,7,10,8,10,5,11,9,9,12,8,8,12,9,8,7,8,10,8,10,3,10,10,10,9,6,5,8,11,6,10,11,11,6,7,8,0,7,10,7,10,10,9,8,7,8,7,8,7,5,9,8,10,10,8,7,9,6,10,10,11,11,11,8,8,9,7,9,9,8,8,8,7,6,9,8,9,9,9,8,8,7,6,9,7,9,9,9,6,7,8,9,10
VERB + ADP + DET + NOUN,3,3,5,4,4,4,4,6,5,5,2,4,4,5,5,5,5,2,5,4,5,3,5,4,5,3,5,3,4,5,3,4,2,3,3,5,1,4,6,2,5,5,5,3,5,6,3,4,3,6,6,6,3,4,2,2,5,7,4,1,7,6,2,3,4,5,5,6,3,6,3,7,5,6,6,5,4,5,5,3,5,1,4,3,3,6,4,5,5,4,4,4,3,6,4,4,5,5,4,6,5,5,7,5,6,6,5,4,3,5,5,6,6,2,4,6,4,2,6,3,4,3,5,6,4,5,4,4,1,3,3,5,4,4,6,5,8,6,2,5,5,7,5,6,4,6,5,6,4,5,7,6,6,8,6,5,5,5,2,5,4,2,6,6,5,1,5,5,2,6,1,6,6,2,6,5,3,2,6,5,5,6,4,7,4,5,7,7,6,5,4,6,5,6,3,9,4,3,9,8,5,6,4,5,6,4,6,2,3,13,3,7,5,8,6,7,5,6,4,5,4,5,5,6,7,8,6,2,4,16,14,5,17,5,2,5,4,5,8,7,4,6,5,4,8,7,7,6,5,7,2,7,3,6,7,4,10,11,3,3,6,4,6,5,6,6,6,5,5,4,3,5,6,5,5,2,6,5,6,6,4,7,9,6,7,6,7,6,6,5,6,6,6,5,7,4,6,7,7,4,3,8,4,8,7,3,7,9,6,4,5,5,6,5,1,4,6,5,7,5,5,5,5,6,6,6,9,5,5,8,6,7,5,4,2,5,3,5,6,3,6,7,6,4,6,2,6,7,8,8,8,7,8,7,7,5,5,4,5,3,5,8,7,4,3,7,7,6,4,4,4,9,5,3,5,4,9,4,5,7,7,5,6,7,9,5,8,5,6,7,6,5,3,6,4,5,8,7,7,0,5,4,7,5,6,5,6,9,4,7,4,4,4,5,5,5,5,6,6,5,5,5,4,4,4,7,5,8,6,4,6,5,3,5,6,5,2,5,6,4,4,5,7,6,5,4,4,6,4,4,5,4,7,2,3
PRON + AUX + NOUN + PART + VERB + NOUN + ADP + DET + NOUN,8,8,10,9,7,7,9,11,10,8,7,7,9,10,8,8,8,7,6,9,8,8,10,9,8,8,10,6,9,10,8,9,7,6,6,8,6,9,7,7,10,10,10,8,8,7,8,9,8,11,9,11,8,5,5,7,8,12,9,6,12,9,5,8,9,8,8,7,6,11,8,12,10,9,9,10,9,8,10,8,8,6,9,8,8,11,7,8,10,5,7,7,8,7,9,9,10,10,9,9,8,8,10,10,7,9,8,9,8,10,8,9,11,7,7,11,9,7,9,8,9,8,10,11,9,8,7,9,4,6,8,10,9,9,9,8,11,9,7,8,10,8,10,9,9,11,10,9,9,8,8,11,11,13,11,4,10,8,7,8,7,7,7,11,6,6,8,8,5,9,6,7,9,5,9,10,8,5,9,10,8,9,9,10,9,8,6,10,11,10,7,9,6,7,6,10,7,8,8,11,8,11,9,10,9,9,7,7,8,16,6,10,8,13,11,8,10,9,7,8,9,10,10,7,8,13,11,7,9,17,15,8,20,8,5,10,7,8,13,8,9,7,8,7,11,10,12,9,8,10,5,8,6,9,10,9,13,14,6,6,9,7,9,10,9,5,11,10,8,9,8,10,11,10,8,7,7,8,11,7,7,8,12,7,10,9,8,9,7,6,11,11,9,8,8,7,11,10,12,7,6,13,9,11,12,8,6,10,11,7,8,8,7,8,6,7,9,8,4,10,8,8,8,11,5,9,10,10,10,9,7,10,8,7,7,6,8,8,11,8,9,10,9,9,9,7,11,10,13,11,7,8,9,8,10,8,10,7,8,8,8,7,10,7,6,8,8,7,9,9,9,10,8,8,6,7,8,5,6,8,8,8,7,8,8,10,7,8,9,10,7,4,8,11,9,8,5,10,10,5,0,9,10,6,9,10,11,10,7,8,9,9,7,10,8,8,6,9,11,10,8,8,7,7,7,10,8,7,9,7,11,10,8,10,9,10,7,10,9,7,7,10,10,11,10,7,9,9,7,7,10,7,10,5,8
PROPN + VERB + NUM + NOUN,3,3,3,4,4,4,2,4,5,5,2,4,2,5,5,5,5,4,5,4,5,3,5,4,3,3,3,5,2,3,3,4,4,3,3,5,3,4,6,4,3,5,5,5,5,6,7,4,3,4,6,4,3,6,4,4,3,5,4,5,7,6,4,5,4,5,5,6,5,6,5,5,3,4,6,3,4,5,3,5,5,3,2,5,1,6,4,5,5,6,6,6,3,6,2,6,5,3,6,4,7,5,7,5,6,6,3,4,3,5,5,6,4,6,4,6,6,2,6,5,4,5,5,6,4,5,4,4,5,5,5,5,4,6,6,5,8,6,4,5,3,7,5,4,4,4,3,4,4,5,5,4,4,6,2,9,3,3,4,5,6,2,6,6,9,5,5,7,6,6,5,6,8,6,6,3,3,4,6,5,5,6,4,5,6,5,9,7,6,3,6,8,5,6,5,11,4,5,7,10,5,4,4,7,6,4,4,4,5,11,5,5,7,6,4,7,5,6,4,5,6,5,3,6,7,6,4,4,4,16,16,7,17,5,4,5,4,5,8,9,4,8,5,4,6,5,5,6,5,7,6,5,7,6,9,6,8,11,7,5,6,6,6,9,10,6,4,5,5,6,5,5,4,3,3,4,6,3,6,6,4,5,7,6,7,6,5,6,6,7,4,4,6,5,5,8,4,7,5,4,5,6,2,8,5,3,9,7,6,6,7,3,6,7,5,6,8,3,9,5,5,7,5,6,6,6,7,7,7,8,8,5,9,6,4,7,5,5,4,5,8,9,8,4,8,6,8,3,10,10,8,9,8,7,7,5,7,4,7,3,5,6,7,4,5,7,7,6,6,6,4,7,7,3,7,6,7,6,7,7,7,9,8,7,11,5,8,5,6,7,8,7,5,6,6,5,8,7,7,4,9,0,7,7,6,5,4,7,6,7,4,4,6,5,5,5,5,6,6,5,7,7,8,8,8,7,5,8,4,4,4,5,3,3,6,3,6,5,6,4,4,5,7,6,3,6,4,4,4,4,5,4,7,4,5
NOUN + AUX + VERB + ADP + NUM + ADP + NUM,6,6,8,7,5,7,7,9,8,8,7,7,7,8,8,6,6,7,8,7,8,8,8,7,8,8,6,6,7,8,6,5,7,8,6,6,6,7,7,7,8,8,8,6,8,9,8,7,8,5,9,9,6,7,5,5,6,10,7,8,10,7,7,8,7,6,6,9,6,9,8,10,8,9,7,8,7,6,8,6,8,8,5,6,8,9,7,6,8,9,7,7,8,9,9,7,8,8,7,9,10,8,10,8,9,9,8,7,8,8,4,7,9,9,5,9,9,9,5,6,7,6,8,9,9,8,9,7,6,4,8,8,7,7,7,6,9,7,7,6,8,10,8,7,7,9,8,7,7,8,8,9,9,11,7,10,6,6,7,6,7,5,7,7,8,8,10,8,9,9,8,9,11,9,9,8,8,7,5,8,6,7,7,10,5,6,10,10,9,8,7,7,6,9,6,10,9,8,10,11,10,9,7,6,9,7,9,9,8,12,8,10,10,11,9,8,8,9,7,10,9,8,6,9,8,11,9,9,9,15,15,10,20,8,9,8,7,8,11,12,7,7,8,11,11,10,10,7,8,10,7,8,8,7,10,7,13,12,8,8,11,9,9,10,11,9,9,8,6,7,8,8,9,8,8,5,9,6,9,9,9,10,10,9,10,9,10,9,7,8,7,9,9,8,10,9,9,8,10,7,8,7,7,9,10,8,8,10,9,5,8,8,9,6,8,9,11,8,10,6,8,8,8,9,7,9,10,8,8,9,5,10,8,7,7,8,8,10,9,8,11,10,11,9,9,9,9,8,11,11,13,8,7,8,6,4,6,7,10,8,10,11,8,7,10,10,8,9,7,7,7,10,6,10,10,5,12,5,8,8,8,8,9,6,10,6,11,10,9,8,9,8,8,9,11,8,9,10,10,7,10,7,0,10,9,8,9,10,5,10,7,7,9,8,8,8,6,7,9,8,8,8,9,9,9,8,6,11,7,7,9,8,8,8,7,8,9,8,7,7,7,8,10,9,8,7,7,9,9,7,8,9,8,9,10
PRON + AUX + DET + NOUN + NOUN,4,6,6,5,5,3,5,7,6,4,5,5,7,6,4,6,4,7,4,7,4,6,6,7,4,6,6,6,5,6,6,5,5,4,4,6,6,7,5,3,6,8,6,6,4,5,6,5,8,7,5,7,6,5,5,7,6,8,7,4,8,7,5,4,7,6,6,5,4,7,6,8,8,5,5,8,5,6,6,8,4,4,7,6,6,7,5,6,8,1,5,5,6,5,7,7,8,8,5,7,6,6,6,6,5,5,4,7,6,8,6,7,9,5,5,7,5,5,7,4,7,8,6,7,7,6,5,5,6,6,8,6,7,5,5,6,7,5,7,6,6,6,6,5,5,9,8,7,5,6,6,9,7,9,7,4,8,4,7,6,7,7,7,7,6,4,4,8,5,7,6,3,7,7,5,6,6,5,5,6,6,7,5,8,5,6,2,8,7,6,5,7,4,5,6,10,7,8,8,7,6,9,7,8,5,5,5,5,6,12,6,6,6,9,7,4,8,5,5,6,3,8,6,5,6,9,7,3,7,17,13,4,20,6,5,8,5,4,9,8,7,7,6,3,9,6,8,7,6,6,5,4,6,5,6,5,9,10,6,8,9,5,9,8,7,5,7,6,6,7,2,6,9,6,4,7,5,6,9,5,5,6,8,7,6,7,6,7,3,6,7,7,5,4,6,5,9,8,8,7,6,11,7,9,8,6,2,6,5,5,6,6,7,6,6,5,5,6,4,6,6,8,6,7,5,7,6,6,6,5,9,8,6,5,5,6,6,6,7,6,5,6,5,5,5,5,7,6,9,9,3,6,7,6,8,6,6,7,6,4,6,7,6,3,4,6,6,7,5,5,5,8,6,4,6,5,6,5,2,6,4,6,9,6,10,6,5,8,9,6,7,6,6,7,7,6,5,8,10,5,6,7,10,0,5,8,7,6,7,8,5,9,7,6,4,4,4,5,7,6,6,4,5,5,5,8,6,7,7,5,7,8,6,6,7,8,5,8,5,5,5,8,8,9,8,5,5,5,5,3,8,5,8,3,4
ADJ + CCONJ + NOUN + NOUN,3,5,5,2,4,2,4,6,3,3,4,6,6,3,1,3,3,4,3,6,5,3,5,6,3,3,5,5,4,5,5,4,4,3,3,5,5,4,4,4,3,5,5,5,3,4,5,4,5,6,2,4,5,4,4,6,5,5,4,5,7,6,4,3,6,5,5,2,3,6,3,7,7,2,2,7,4,5,3,7,3,5,6,7,5,4,4,5,5,6,4,2,3,2,4,4,7,7,4,4,3,7,3,5,2,4,3,6,5,7,5,4,6,4,4,4,4,6,6,5,6,5,3,4,4,7,4,4,5,5,7,5,6,6,4,5,4,4,6,5,5,1,3,4,6,6,7,6,4,7,5,6,4,4,6,9,7,3,6,5,6,6,6,4,7,7,7,9,8,8,7,6,8,6,2,5,5,4,4,5,5,6,4,5,6,7,7,7,2,5,4,8,7,8,5,11,6,7,7,6,7,6,6,9,6,4,4,4,5,9,5,5,5,8,4,5,5,2,4,7,4,7,5,2,3,8,6,6,4,16,12,3,19,5,6,7,4,3,6,11,4,10,5,6,8,5,5,6,5,9,4,7,5,4,7,4,6,7,5,7,8,6,8,7,4,4,4,3,5,4,3,5,8,3,3,6,4,5,8,4,2,5,7,8,1,4,5,6,6,5,4,4,2,3,5,6,8,5,5,6,5,10,6,6,5,5,7,9,6,4,5,5,6,5,5,8,6,7,9,5,7,9,7,6,8,6,7,7,5,6,8,5,7,6,6,9,3,5,6,7,6,7,4,4,6,4,6,7,10,10,6,9,6,9,7,7,7,6,7,5,5,6,7,4,7,5,9,8,6,6,4,7,7,5,5,6,9,8,7,7,7,9,10,7,11,7,10,7,6,5,4,7,5,4,6,7,8,9,9,6,9,6,9,5,0,5,6,7,6,7,4,8,6,5,3,3,3,4,6,3,3,5,6,6,6,9,5,10,4,4,6,5,5,5,6,5,6,7,4,4,4,5,9,8,5,4,6,2,4,4,3,4,5,6,3
VERB + ADV + ADJ,4,2,4,3,3,5,5,5,2,6,3,3,3,4,4,4,4,3,6,3,4,2,2,1,6,4,4,4,5,6,4,5,5,4,4,2,4,1,5,5,4,4,4,4,4,7,4,3,4,5,5,7,6,7,5,3,4,6,3,6,6,5,5,4,3,4,4,5,6,3,4,6,4,7,5,2,5,2,4,4,4,4,3,4,4,1,5,4,4,7,5,5,4,5,3,3,6,4,5,5,6,4,6,4,7,5,6,3,2,2,4,5,5,5,5,3,3,5,5,4,5,2,2,5,3,2,3,3,6,4,6,4,5,5,3,4,7,5,5,6,4,6,4,5,3,5,4,5,3,4,6,5,5,5,5,10,4,6,5,4,5,5,5,5,10,6,8,6,7,5,4,7,9,7,5,4,6,5,5,4,4,7,5,4,5,4,10,8,5,4,5,7,4,7,6,10,5,6,8,7,6,3,3,6,5,5,7,3,4,10,6,8,8,7,3,4,4,3,7,4,5,2,6,5,6,7,5,5,5,17,15,6,20,4,5,6,5,4,5,8,3,7,6,7,5,4,2,5,6,6,7,6,6,5,10,5,7,8,8,6,7,7,7,8,9,7,3,4,4,3,6,4,5,6,6,5,7,4,7,5,3,8,6,7,6,5,8,7,5,8,3,5,5,4,8,9,5,6,4,3,6,7,5,7,4,6,8,6,5,7,8,6,7,6,4,7,7,4,10,6,4,6,4,5,5,5,4,6,4,5,7,6,6,7,5,6,4,4,5,6,5,8,7,5,7,5,3,6,7,7,9,8,7,4,4,6,6,5,6,4,6,9,8,5,6,4,4,5,5,5,5,10,6,6,6,7,10,5,8,4,6,10,7,6,10,6,9,8,3,4,7,8,6,5,5,4,7,6,8,5,10,5,8,8,5,0,5,4,5,8,5,5,9,4,6,4,6,5,5,4,6,8,7,9,9,6,6,9,5,3,7,2,4,6,5,4,5,2,5,5,5,2,6,7,4,5,3,5,5,5,4,5,4,5,4
PROPN + INTJ,3,3,1,4,4,4,2,2,3,5,4,4,2,5,5,5,5,6,5,4,3,5,3,4,3,5,3,7,4,3,5,4,4,5,5,5,5,4,6,4,3,5,1,3,5,6,5,4,5,4,6,4,5,6,6,4,3,3,4,5,5,6,6,5,4,5,5,6,5,4,5,3,3,4,6,3,4,5,3,3,5,5,4,5,3,4,6,5,5,6,6,6,5,6,4,4,3,3,6,4,7,5,7,3,6,6,3,2,5,5,5,6,4,6,4,4,6,4,6,5,2,5,5,6,6,5,6,4,7,5,5,3,6,4,6,3,8,6,4,5,3,7,5,4,4,4,3,4,4,5,5,4,4,4,2,11,3,5,6,5,6,6,6,6,9,7,7,7,8,4,7,6,10,8,6,3,3,6,6,5,5,8,4,7,6,5,7,7,6,5,6,6,5,8,7,11,6,7,7,10,7,4,2,5,4,2,4,6,5,13,7,5,9,4,2,5,5,6,4,7,6,5,5,6,7,4,2,6,6,20,18,7,21,3,6,3,6,5,6,11,4,6,7,6,6,3,3,6,7,7,6,3,7,6,9,6,8,11,9,7,8,8,8,11,10,6,2,5,3,4,5,5,4,5,5,6,6,3,8,6,6,5,7,8,7,8,5,6,4,7,4,4,6,5,7,8,4,5,3,4,7,8,6,8,3,3,9,5,8,6,7,3,8,7,7,8,8,7,11,5,5,7,5,4,6,6,5,7,7,4,8,5,7,8,6,9,5,7,6,7,8,9,8,4,8,6,6,3,10,10,8,7,8,7,7,7,7,8,9,5,5,6,9,4,7,5,7,6,6,6,2,9,7,5,7,8,9,6,7,7,5,9,8,7,9,7,10,7,6,5,8,9,7,8,8,5,8,7,7,6,11,4,9,7,6,5,0,5,6,9,2,4,6,3,5,5,5,6,2,3,7,5,8,8,6,7,7,10,4,6,4,5,5,1,6,3,6,3,6,4,6,5,5,4,3,6,4,4,6,6,5,6,7,6,7
PROPN + PRON + AUX + ADV + ADJ,6,6,4,5,7,7,5,5,4,8,7,5,5,6,6,6,8,7,8,7,4,6,4,5,6,8,6,8,7,6,8,7,7,8,8,6,8,5,9,7,4,8,6,6,6,9,6,5,6,7,7,7,8,9,9,7,6,6,5,8,8,9,9,6,5,8,6,7,8,5,6,6,6,7,7,4,7,6,6,6,6,8,7,6,6,3,9,8,6,5,7,7,6,7,5,5,6,6,9,5,8,6,8,4,9,7,6,5,6,6,6,7,7,7,7,5,5,7,5,8,5,6,4,7,7,4,5,5,10,8,8,6,9,9,7,8,9,9,7,6,4,8,6,7,5,7,4,7,5,6,8,5,5,7,5,10,6,8,9,6,7,9,9,7,10,8,8,8,9,7,8,5,11,11,7,4,6,9,7,6,6,9,5,6,7,6,8,10,7,6,7,7,4,7,8,10,7,8,6,11,8,3,7,8,5,7,7,7,6,12,10,8,10,7,3,2,6,5,7,6,7,6,8,7,8,7,5,7,9,21,17,6,22,6,9,6,9,4,7,10,7,7,10,7,5,2,2,9,8,6,9,4,8,9,10,7,9,10,10,8,9,11,11,10,11,9,5,6,8,5,8,6,7,8,8,9,9,6,11,7,7,8,6,7,8,9,8,9,3,10,5,5,7,6,10,11,7,8,4,7,10,11,9,9,6,6,8,2,9,9,10,6,9,8,8,9,7,6,10,6,6,6,6,7,5,7,2,8,8,3,9,6,6,9,7,6,6,6,7,8,7,8,9,5,7,7,5,4,9,9,7,6,7,4,6,10,6,9,8,6,8,9,10,5,8,4,4,7,5,7,7,12,8,8,8,9,8,5,6,6,4,8,9,6,8,8,9,10,7,6,9,10,8,7,7,6,7,8,8,9,10,7,10,6,7,4,5,0,7,12,5,7,9,6,8,6,8,9,7,6,8,10,9,11,9,8,8,7,5,7,7,6,6,6,7,4,7,6,7,7,9,6,8,7,6,9,7,7,9,9,6,9,8,7,8
NOUN + ADV + VERB + ADP,3,3,5,4,2,4,4,6,5,5,4,4,4,5,5,3,3,4,5,4,5,5,3,4,5,5,5,3,4,5,3,4,4,5,3,3,3,4,4,4,5,5,5,3,3,6,5,2,5,6,6,6,5,4,2,2,3,7,4,5,7,4,4,5,2,3,1,6,3,4,5,7,5,6,4,5,4,3,5,3,5,5,4,3,5,4,4,3,5,6,4,4,5,6,6,4,5,5,4,6,7,5,7,5,6,6,5,4,3,5,3,4,6,6,2,6,6,6,2,3,4,3,5,6,6,5,6,4,3,1,5,5,4,4,4,3,8,4,4,3,3,7,5,4,4,6,3,4,4,5,5,6,6,8,6,7,5,5,4,3,4,4,4,6,7,5,9,5,6,6,5,6,8,6,6,5,5,4,4,7,3,6,4,7,4,5,7,7,6,3,4,6,5,8,3,9,6,7,7,8,7,4,4,5,6,4,6,6,3,9,5,7,5,8,6,7,5,6,4,7,4,5,5,6,5,8,6,6,6,16,14,7,19,5,6,5,4,5,8,9,4,6,5,8,8,7,5,4,5,7,4,7,5,4,7,4,10,9,5,5,8,6,6,9,8,6,6,3,3,4,5,5,6,5,5,4,6,3,6,6,6,7,7,8,7,6,7,6,6,5,6,6,6,5,7,6,6,5,7,4,5,8,6,4,7,5,5,7,6,4,5,5,8,3,5,8,6,5,9,5,5,3,3,6,6,6,7,5,5,8,4,7,7,4,4,7,5,7,4,3,8,5,8,6,6,6,4,7,6,8,10,7,4,7,5,3,3,6,7,5,5,8,7,4,7,7,7,6,6,2,4,9,1,7,7,4,9,4,5,5,7,7,6,5,9,5,8,7,6,7,6,5,7,6,6,5,6,7,7,4,7,6,5,7,6,5,6,7,0,7,4,4,6,5,5,3,3,4,6,5,5,5,6,6,6,7,5,8,4,4,6,5,3,5,4,5,6,5,4,4,4,5,7,6,5,4,4,6,6,4,5,6,3,6,7
VERB + VERB + NOUN + CCONJ + PART + VERB + NOUN,6,6,8,7,5,5,7,9,8,4,5,7,7,8,6,6,6,7,6,5,8,6,8,7,6,4,8,6,7,8,4,7,7,4,4,6,6,7,7,7,8,4,8,8,6,5,10,7,8,9,7,7,8,7,5,7,6,8,7,8,10,5,5,8,7,4,6,7,6,9,8,10,8,7,7,8,7,6,8,8,6,6,7,8,6,9,5,6,8,9,7,7,6,7,7,9,10,6,7,7,8,6,8,8,5,5,6,7,6,6,6,7,5,9,7,9,9,7,7,6,9,8,8,9,7,8,7,7,6,6,8,8,3,7,7,6,9,5,7,8,8,6,8,7,7,7,8,7,7,8,8,7,7,9,9,10,8,6,5,6,9,7,5,9,10,8,8,6,7,7,8,9,7,5,5,8,8,5,7,10,8,7,7,8,7,8,10,8,7,8,7,11,8,9,6,10,7,10,8,11,8,9,7,10,7,7,7,7,8,12,6,8,8,11,9,10,6,7,7,6,7,8,8,5,6,11,9,7,3,15,15,8,20,6,5,10,3,8,11,8,5,11,6,7,9,10,10,7,6,8,7,10,8,7,8,9,11,10,8,8,11,5,3,10,9,5,9,8,6,9,6,8,7,6,6,7,7,6,5,7,5,6,8,7,8,7,6,5,9,8,9,9,7,6,8,9,9,10,10,5,6,9,7,9,10,8,10,12,9,7,6,6,5,8,8,9,11,8,10,8,6,10,8,9,7,7,12,8,8,11,7,8,12,7,7,10,8,8,9,8,11,10,7,9,9,9,11,10,11,9,9,12,9,10,8,8,8,7,8,6,6,7,8,7,8,8,10,5,9,7,7,8,8,6,8,7,8,9,10,8,10,12,7,8,12,8,9,8,5,8,9,6,10,9,9,8,7,8,8,7,8,7,10,8,7,8,9,12,7,0,7,9,9,8,6,6,6,5,9,6,8,8,9,9,9,10,6,7,7,5,9,8,6,8,7,8,9,8,7,5,5,8,8,11,6,7,7,7,3,5,6,3,8,7,6
NOUN + PROPN,1,3,1,2,2,2,2,2,3,3,2,4,2,3,3,3,3,4,3,4,3,3,3,4,3,3,3,5,2,3,3,2,2,3,3,3,3,4,4,2,3,5,3,3,3,4,5,2,5,4,4,4,3,4,4,4,3,3,4,3,5,4,4,3,4,3,3,4,3,4,3,3,3,4,4,3,2,3,3,3,3,3,4,5,3,4,4,3,5,4,4,4,3,4,4,4,3,3,4,4,5,5,5,1,4,4,1,2,3,5,3,4,4,4,2,4,4,4,4,3,2,5,3,4,4,5,4,2,5,3,5,3,4,4,4,3,6,4,4,3,3,5,3,4,4,4,3,4,2,5,5,4,4,4,2,9,3,3,4,3,4,4,4,4,7,5,7,7,6,6,5,4,8,6,4,3,3,4,4,5,3,6,2,5,4,5,5,5,4,3,4,6,5,6,5,9,6,7,5,8,5,4,4,5,4,2,4,4,3,11,5,5,7,4,2,5,5,4,4,5,4,5,3,4,5,4,2,4,4,18,16,5,19,3,4,3,4,3,6,9,4,6,5,6,6,3,3,4,5,7,4,3,5,4,7,4,8,9,7,7,8,6,6,9,8,4,2,3,3,4,3,3,4,3,3,4,4,1,6,4,4,3,5,6,5,6,5,4,4,5,4,4,4,3,5,6,4,3,3,4,5,8,4,6,3,3,7,5,6,4,5,3,6,5,5,6,6,5,9,3,5,7,5,4,6,6,5,5,5,6,6,3,7,6,4,7,3,5,4,5,6,7,6,4,6,4,6,3,8,8,6,7,6,7,5,5,5,6,7,3,5,4,7,2,5,5,7,6,4,4,2,7,5,5,5,6,9,6,5,5,5,7,8,5,9,5,8,7,6,5,6,7,5,6,6,5,6,7,7,4,9,4,7,5,4,5,2,5,4,7,0,4,6,3,3,3,3,4,4,3,5,5,6,6,4,7,5,8,4,4,4,5,3,3,4,3,4,5,4,2,4,5,7,4,3,4,4,4,4,4,5,4,5,4,5
PROPN + VERB + ADP + PROPN,5,3,3,6,4,6,4,2,5,7,4,4,2,7,7,5,5,4,7,4,5,5,5,4,5,5,5,5,6,3,5,6,4,5,5,5,3,4,6,6,5,5,5,3,7,8,5,6,3,6,8,4,5,6,4,2,3,3,4,5,7,6,4,7,4,5,5,8,5,6,5,3,3,6,6,3,6,5,5,1,7,5,4,3,3,6,6,5,5,8,6,6,5,8,4,4,3,3,6,6,7,5,9,5,8,8,5,2,5,5,5,6,4,6,4,6,8,4,6,5,2,3,7,8,6,5,6,6,5,3,3,5,6,6,6,5,10,6,2,5,5,9,7,4,4,4,3,4,6,5,5,4,6,4,4,9,3,7,4,5,6,4,6,8,9,5,7,5,6,6,5,8,8,6,8,5,3,6,6,7,5,8,6,9,6,5,7,7,8,7,6,6,5,8,5,11,6,5,9,10,7,4,4,3,6,6,6,6,5,13,5,5,7,4,4,7,5,8,4,7,8,5,7,8,7,4,4,6,6,18,16,9,17,5,6,3,6,7,8,9,4,4,7,6,6,5,5,6,7,7,6,5,7,6,9,6,8,11,7,5,6,6,8,9,10,8,4,7,5,4,7,7,4,7,7,4,8,3,8,8,6,7,7,8,9,8,7,6,6,7,6,4,8,7,9,8,2,5,3,4,5,8,6,8,5,3,7,7,8,6,7,5,8,5,5,8,10,7,9,7,5,5,5,6,6,6,7,7,7,8,6,5,7,6,4,7,5,7,8,5,10,9,10,6,8,6,6,5,10,10,10,7,8,7,7,5,7,6,7,5,5,8,9,6,7,7,7,6,8,6,6,11,5,5,9,6,9,4,7,7,7,9,6,7,7,7,10,5,6,7,8,7,7,8,8,5,8,7,5,4,9,4,7,9,8,5,4,7,4,9,4,0,6,5,7,7,5,6,6,5,7,7,8,8,6,7,7,10,4,6,4,5,5,5,6,3,6,5,6,4,6,5,7,2,3,6,4,6,6,6,5,6,7,6,7
PROPN + PROPN + NOUN + ADP + DET + NOUN,5,7,5,6,6,4,4,4,7,5,6,8,6,7,5,7,5,6,5,8,7,7,7,8,3,7,7,5,6,3,7,6,4,5,5,7,5,8,6,4,5,9,7,5,5,6,5,6,5,8,6,4,5,4,4,6,5,5,8,3,9,8,4,5,8,7,7,6,3,8,5,5,5,4,6,7,6,7,5,7,5,5,8,7,5,8,6,7,9,6,4,4,7,6,6,6,5,7,6,6,7,9,7,7,6,6,5,6,7,9,7,8,8,4,4,8,6,4,8,5,6,7,7,8,6,9,8,6,3,5,5,7,8,6,6,7,8,6,6,5,5,7,7,4,8,6,7,4,6,9,5,8,6,6,6,7,7,5,6,7,4,6,8,8,5,5,5,9,6,10,5,8,10,4,6,5,5,4,6,7,5,6,6,9,6,9,7,7,8,7,4,8,9,10,5,11,4,5,7,8,9,8,8,9,8,6,4,6,5,13,5,3,7,6,6,9,9,6,2,9,6,9,7,6,7,6,6,6,8,18,14,7,15,7,6,7,6,7,10,11,8,8,5,6,10,7,7,8,7,11,2,7,3,6,7,6,8,11,5,3,6,6,10,9,6,6,6,7,7,6,5,7,6,7,5,6,6,7,10,6,6,5,9,8,7,8,5,8,8,5,8,4,6,5,7,4,6,7,5,8,5,12,8,10,7,3,9,9,8,4,5,5,10,7,5,8,8,9,9,7,9,9,9,8,10,10,9,7,7,10,8,7,7,6,6,9,5,9,8,7,8,7,8,4,8,4,8,7,10,10,10,9,8,11,9,7,7,6,9,7,5,6,7,6,7,9,11,10,6,6,6,9,7,5,5,6,9,8,7,9,9,7,10,9,13,7,10,7,10,9,6,7,5,8,6,9,10,11,9,4,7,6,9,7,6,9,6,9,6,9,6,6,0,7,5,5,5,6,8,7,5,5,4,4,4,11,7,12,6,6,4,9,7,5,8,7,4,9,6,6,6,9,11,4,7,4,6,4,6,6,9,6,9,6,7
PUNCT,2,2,2,3,3,3,3,3,2,4,3,3,3,4,4,4,4,5,4,3,2,4,2,3,4,4,2,6,3,4,4,3,3,4,4,4,4,3,5,3,4,4,2,2,4,5,4,3,6,3,5,5,4,5,5,3,4,4,3,4,4,5,5,4,3,4,4,5,4,3,4,4,4,5,5,4,3,4,4,4,4,4,3,4,4,3,5,4,4,5,5,5,4,5,5,3,4,4,5,5,6,4,6,4,5,5,4,3,4,4,4,5,5,5,3,3,5,5,5,4,3,4,4,5,5,4,5,3,6,4,6,2,5,5,5,4,7,5,5,4,4,6,4,5,3,5,4,5,3,4,6,5,5,5,3,10,4,4,5,4,5,5,5,5,8,6,8,6,7,5,6,5,9,7,5,4,4,5,5,4,4,7,3,6,5,4,8,8,5,4,5,5,4,7,6,10,7,8,8,9,6,5,3,6,3,3,5,5,4,12,6,6,8,5,3,4,4,5,5,6,5,4,4,5,6,5,3,5,5,19,17,6,22,2,5,4,5,4,5,10,3,7,6,7,7,4,4,5,6,6,5,4,6,5,8,5,9,10,8,8,9,7,7,10,9,5,3,4,4,3,4,4,5,4,4,5,5,4,7,5,5,6,8,9,6,7,6,7,3,6,3,5,5,4,6,7,5,6,4,3,6,7,5,7,4,4,8,6,7,5,6,4,7,6,6,7,7,6,10,4,4,6,4,3,5,5,6,6,6,5,7,6,6,7,5,8,4,6,5,6,7,8,7,5,7,5,5,4,9,9,9,6,7,6,6,6,6,7,8,4,6,7,8,3,6,4,6,5,5,5,3,8,6,6,6,7,10,5,6,6,4,8,7,6,10,6,9,8,5,4,7,8,6,7,7,4,7,6,8,5,10,5,8,6,5,4,3,6,5,8,3,5,7,0,4,4,4,5,3,2,6,6,7,7,7,6,6,9,5,5,5,4,4,4,5,4,5,4,5,5,5,4,6,5,4,5,3,5,5,5,4,5,6,5,6
NOUN + SYM + NOUN,2,4,4,3,3,1,3,5,4,2,3,5,5,4,2,4,2,5,2,5,4,4,4,5,2,4,4,4,3,4,4,3,3,2,2,4,4,5,3,3,4,6,4,4,2,3,6,3,6,5,3,5,4,3,3,5,4,6,5,4,6,5,3,4,5,4,4,3,2,5,4,6,6,3,3,6,3,4,4,6,2,4,5,6,4,5,3,4,6,5,3,3,4,3,5,5,6,6,3,5,4,6,4,4,3,3,2,5,4,6,4,5,7,5,3,5,5,5,5,4,5,6,4,5,5,6,5,3,4,4,6,4,5,5,3,4,5,3,5,4,4,4,4,3,5,7,6,5,3,6,4,7,5,7,5,8,6,2,5,4,5,5,5,5,6,6,6,8,7,7,6,5,7,5,3,4,4,3,3,6,4,5,3,6,5,6,6,6,5,4,3,7,6,7,4,10,5,8,6,7,6,7,5,8,5,3,3,5,4,10,4,4,6,7,5,6,6,3,3,6,3,6,4,3,4,7,5,5,5,17,15,4,20,4,5,6,3,4,7,10,5,9,4,5,9,6,6,5,4,8,3,6,4,3,6,5,9,8,6,6,9,5,7,8,7,3,5,4,4,5,2,4,7,4,2,5,3,4,7,3,3,4,6,7,4,5,4,5,5,4,5,5,3,2,4,5,7,6,6,5,4,9,5,7,6,4,6,8,5,3,4,4,7,6,6,7,7,6,8,4,6,8,6,5,7,7,8,6,6,7,7,6,8,5,5,8,4,6,5,6,7,6,5,5,7,5,7,6,9,9,7,8,5,8,6,6,6,5,6,4,4,5,6,3,6,6,8,7,5,5,3,6,6,4,4,5,8,7,6,6,6,8,9,6,12,6,9,6,7,6,5,6,6,5,7,6,7,8,10,5,8,5,8,4,3,6,5,8,5,6,3,7,5,4,0,2,2,3,5,4,4,4,5,5,5,8,4,9,5,3,5,6,4,4,5,6,5,6,3,3,3,6,8,7,6,3,5,3,3,3,6,3,6,5,4
NOUN + ADV + NOUN,2,4,4,3,3,1,3,5,4,2,3,5,5,4,2,4,2,5,2,5,4,4,2,3,2,4,4,4,3,4,4,3,3,2,2,2,4,5,3,3,4,6,4,4,2,3,6,1,6,5,3,5,4,3,3,5,4,6,5,4,6,5,3,4,3,4,2,3,2,3,4,6,6,3,3,4,3,4,4,6,2,4,5,6,4,3,3,4,6,5,3,3,4,3,5,5,6,6,3,5,4,6,4,4,3,3,2,5,2,4,4,5,7,5,3,5,3,5,3,4,5,6,2,5,5,4,5,1,4,4,6,4,5,5,3,4,5,3,5,4,2,4,4,3,5,7,4,5,3,6,4,7,5,7,5,8,6,2,5,2,5,5,5,5,6,6,6,8,7,7,4,5,7,5,3,4,4,3,3,6,2,5,3,4,5,6,6,6,5,2,3,7,6,7,4,10,5,8,6,7,6,5,5,8,5,3,3,5,2,8,4,4,6,7,5,6,6,3,3,4,3,4,4,3,4,7,5,5,5,17,15,4,20,4,5,6,3,4,7,8,5,9,4,5,9,6,4,5,4,8,3,6,4,3,6,5,7,8,6,6,9,5,7,8,7,3,5,2,4,5,2,4,7,4,2,5,3,4,7,3,3,4,6,7,4,5,4,5,5,4,5,5,3,2,4,5,7,6,6,5,4,9,5,5,6,4,6,6,5,3,4,4,7,6,6,7,5,4,8,4,6,6,4,5,7,7,6,4,4,7,7,6,8,5,5,6,4,6,3,4,5,6,5,5,7,5,5,6,7,9,7,8,3,6,4,6,4,5,6,4,4,5,6,3,6,6,6,7,5,3,3,6,4,4,4,5,8,7,6,4,6,8,9,6,12,6,9,6,7,6,5,6,6,5,5,6,7,8,10,5,8,5,8,4,3,4,5,6,3,6,3,7,5,4,2,0,2,3,5,4,4,4,5,5,5,8,4,7,5,3,5,4,2,4,5,6,5,4,3,3,3,6,8,7,6,3,5,3,3,3,6,3,4,5,4
NOUN + NOUN + ADP,2,4,4,3,3,1,3,5,4,2,3,5,5,4,2,4,2,5,2,5,4,4,4,5,2,4,4,4,3,4,4,3,3,2,2,4,4,5,3,3,4,6,4,2,2,3,4,3,6,5,3,5,4,1,3,3,4,6,5,4,6,5,3,4,5,4,4,3,2,5,4,6,6,3,3,6,3,4,4,4,2,4,5,4,4,5,3,4,6,5,3,3,4,3,5,3,4,6,3,5,4,6,4,4,3,3,2,5,4,6,4,5,7,5,1,5,5,5,5,4,3,4,4,5,5,6,5,3,4,2,6,4,5,5,3,4,5,3,5,2,4,4,4,3,5,7,6,5,3,6,4,7,5,7,5,8,6,2,5,4,3,5,5,5,4,6,6,6,7,7,6,5,7,5,3,4,4,3,3,6,2,5,3,6,5,6,6,6,5,4,3,5,6,7,4,10,5,8,6,7,6,7,5,6,5,3,3,5,4,10,4,4,6,7,5,6,6,3,3,6,3,6,4,3,4,7,5,5,5,15,13,4,18,4,5,4,3,4,7,8,5,7,4,5,9,6,6,5,4,8,3,6,4,3,6,3,9,8,6,6,7,5,7,8,7,3,5,4,4,3,2,4,7,4,2,5,3,4,7,3,3,4,6,7,4,5,4,5,5,2,5,5,3,2,4,5,7,4,6,5,2,9,5,7,6,4,4,8,5,3,4,4,7,4,6,7,7,6,8,4,6,6,6,5,7,7,8,6,6,7,5,6,6,5,5,8,4,6,5,6,7,6,5,5,7,5,5,6,9,7,7,6,3,8,6,4,6,5,6,4,4,5,6,3,6,6,8,7,5,5,3,6,4,4,4,5,8,5,4,6,6,6,7,6,10,6,9,6,7,6,3,6,6,5,7,6,7,8,8,5,6,5,6,4,3,6,5,8,3,6,3,5,5,4,2,2,0,3,5,4,4,4,5,5,5,8,4,9,5,3,5,6,4,4,5,6,5,6,3,3,3,6,8,5,6,3,5,3,3,3,6,3,6,5,4
NOUN + NOUN + CCONJ + VERB,3,3,5,4,2,2,4,6,5,3,4,4,4,5,3,3,1,6,3,4,5,5,5,4,3,5,5,5,4,5,3,4,4,3,3,3,5,4,2,4,5,3,5,5,3,2,7,4,7,6,4,6,5,4,4,4,3,5,4,5,7,2,4,5,4,1,3,4,3,6,5,7,5,4,2,5,4,3,5,5,3,5,4,5,5,6,2,3,5,6,4,4,5,4,6,6,7,5,2,6,5,5,5,5,4,4,3,4,5,5,3,4,4,6,4,6,6,6,4,3,6,5,5,6,6,5,6,4,5,3,7,5,2,4,2,3,6,2,6,5,5,5,5,2,4,4,5,4,4,5,3,4,6,6,6,9,5,3,6,3,6,6,4,6,7,7,7,7,6,6,7,6,8,6,4,5,5,4,2,7,5,6,4,7,4,5,7,7,6,5,4,8,5,8,5,9,6,9,7,6,7,6,4,7,6,4,4,6,5,9,5,5,7,8,6,7,5,4,4,7,4,5,5,4,3,8,6,6,4,16,12,5,19,5,6,7,4,5,8,9,2,8,3,6,8,7,7,4,3,7,4,7,5,2,5,6,10,5,7,7,10,6,6,9,8,4,6,5,3,6,3,5,6,5,3,6,4,3,6,4,4,3,3,8,5,4,3,4,6,5,6,6,4,3,5,6,6,7,7,4,5,8,6,6,7,5,5,9,4,4,3,5,6,5,7,8,8,7,9,5,5,7,5,6,6,6,9,5,5,8,6,7,9,6,6,9,5,7,6,7,8,5,6,6,6,6,8,7,8,8,8,9,6,7,5,5,5,6,7,5,5,6,7,4,7,7,7,6,6,4,4,5,5,5,5,6,9,6,7,5,7,9,8,5,11,5,8,5,6,5,6,7,7,6,8,5,6,7,7,6,9,6,7,5,4,5,6,9,4,5,4,6,6,5,3,3,3,0,6,3,5,5,6,6,6,7,5,10,4,4,6,5,5,5,4,5,6,5,2,4,4,5,7,8,3,2,4,4,4,4,3,4,5,6,5
INTJ + INTJ,3,3,3,4,4,4,4,4,3,5,4,4,4,5,5,5,5,6,5,4,3,5,3,4,5,5,3,7,4,5,5,4,4,5,5,5,5,4,6,4,5,5,1,3,5,6,5,4,7,4,6,6,5,6,6,4,5,5,4,5,5,6,6,5,4,5,5,6,5,4,5,5,5,6,6,5,4,5,5,5,5,5,4,5,5,4,6,5,5,6,6,6,5,6,6,4,5,5,6,6,7,5,7,5,6,6,5,4,5,5,5,6,6,6,4,4,6,6,6,5,4,5,5,6,6,5,6,4,7,5,7,3,6,4,6,3,8,6,6,5,5,7,5,6,4,6,5,6,4,5,7,6,6,6,4,11,5,5,6,5,6,6,6,6,9,7,9,7,8,4,7,6,10,8,6,5,5,6,6,5,5,8,4,7,6,5,9,9,6,5,6,6,5,8,7,11,8,9,9,10,7,6,2,7,4,2,6,6,5,13,7,7,9,6,4,5,5,6,6,7,6,5,5,6,7,6,4,6,6,20,18,7,23,3,6,5,6,5,6,11,4,8,7,8,8,5,5,6,7,7,6,5,7,6,9,6,10,11,9,9,10,8,8,11,10,6,4,5,3,4,5,5,6,5,5,6,6,5,8,6,6,7,9,10,7,8,7,8,4,7,4,6,6,5,7,8,6,7,5,4,7,8,6,8,5,5,9,7,8,6,7,5,8,7,7,8,8,7,11,5,5,7,5,4,6,6,7,7,7,4,8,7,7,8,6,9,5,7,6,7,8,9,8,6,8,6,6,5,10,10,10,7,8,7,7,7,7,8,9,5,7,8,9,4,7,5,7,6,6,6,2,9,7,7,7,8,11,6,7,7,5,9,8,7,11,7,10,9,6,5,8,9,7,8,8,5,8,7,9,6,11,6,9,7,6,5,2,7,6,9,4,6,8,3,5,5,5,6,0,3,7,5,8,8,8,7,7,10,6,6,6,5,5,3,6,5,6,3,6,6,6,5,5,6,5,6,4,6,6,6,5,6,7,6,7
CCONJ,2,2,2,3,3,3,3,3,2,2,3,3,3,4,4,4,4,5,4,3,2,4,2,3,4,2,2,6,3,4,4,3,3,4,4,4,4,3,5,3,4,2,2,2,4,3,4,3,6,3,5,3,4,5,5,3,4,2,3,4,4,3,5,4,3,2,4,5,4,3,4,4,4,3,5,4,3,4,4,4,4,4,3,4,4,3,5,4,4,5,5,5,4,5,5,3,4,4,5,5,6,4,6,4,3,3,4,3,4,4,4,5,3,5,3,3,5,5,5,4,3,4,4,5,5,4,5,3,6,4,6,2,3,5,5,4,7,3,5,4,4,4,4,5,3,3,4,5,3,4,6,3,3,3,3,10,4,4,5,4,5,5,5,5,8,6,8,6,7,5,6,5,9,5,3,4,4,5,5,4,4,7,3,6,5,4,8,8,3,4,5,5,4,7,6,10,7,8,8,9,6,5,3,6,3,3,5,5,4,10,6,6,6,5,3,4,4,5,5,6,5,4,4,5,6,5,3,5,3,19,15,6,22,2,5,4,5,4,5,10,1,7,6,7,7,4,4,5,6,6,5,4,6,5,6,5,7,8,8,8,9,7,7,10,7,5,3,4,4,3,4,4,5,2,4,5,5,4,7,5,5,4,6,9,4,7,4,7,3,6,3,5,5,4,6,7,5,6,4,3,6,7,5,7,4,4,8,6,7,5,4,4,5,6,6,7,7,6,10,4,4,6,4,3,5,5,6,6,6,5,7,6,6,7,5,8,4,6,5,6,7,8,7,5,7,5,5,4,9,9,9,6,7,6,6,6,6,7,8,4,6,7,8,3,6,4,6,5,5,5,3,6,6,6,6,7,10,5,6,6,4,8,7,6,10,6,9,8,5,2,7,8,6,7,7,4,7,6,6,5,10,5,8,6,3,4,3,6,5,6,3,5,7,2,4,4,4,3,3,0,6,6,7,7,7,6,6,9,5,5,5,4,4,4,5,4,5,4,5,5,3,4,6,5,2,5,3,5,3,5,2,5,6,5,6
ADJ + NOUN + ADP + NOUN + NOUN,4,6,6,3,5,3,5,7,4,4,5,7,7,4,2,4,4,5,2,7,6,4,6,7,4,6,6,4,5,6,6,5,3,4,4,6,4,5,3,5,4,8,6,4,4,3,6,5,6,7,3,7,4,3,3,5,6,8,5,4,8,7,3,4,7,6,6,1,2,7,4,8,8,5,3,8,5,6,4,6,4,6,7,6,6,5,5,6,6,7,3,1,4,3,5,5,6,8,3,5,2,8,4,6,3,5,4,7,6,8,6,5,9,5,3,5,5,7,7,6,5,6,4,5,5,8,5,5,4,4,6,6,7,7,5,6,5,5,5,4,6,2,4,5,7,9,8,7,5,8,4,7,5,7,7,8,8,4,5,6,5,5,7,5,6,6,8,8,7,9,6,7,7,5,5,6,4,5,5,6,4,5,5,6,7,8,6,6,5,6,3,7,8,9,4,12,7,8,6,5,8,7,7,8,7,5,3,5,4,12,2,6,6,9,5,6,6,3,3,8,5,8,6,3,4,9,7,7,7,13,13,4,18,6,7,6,5,4,7,10,7,9,2,7,9,6,6,7,4,10,3,8,4,5,4,3,9,8,2,6,7,5,9,6,3,3,5,4,6,3,4,6,9,6,4,5,3,6,9,3,3,4,8,9,4,3,4,7,7,4,5,5,3,4,4,3,9,4,6,7,4,11,7,7,6,4,8,10,7,3,2,6,9,4,6,9,7,8,8,6,8,8,8,7,9,7,8,8,6,7,7,6,8,5,5,8,2,6,7,6,7,6,5,5,7,3,7,8,11,9,7,8,7,10,8,6,8,5,6,6,6,5,6,5,8,6,10,9,7,7,5,6,6,6,4,5,10,7,6,8,8,8,9,8,10,8,11,6,7,6,3,6,6,3,5,8,9,10,10,5,8,7,8,6,3,6,7,8,5,8,5,7,5,6,4,4,4,5,7,6,0,4,5,3,5,10,6,11,5,5,7,6,6,6,7,6,5,8,5,5,5,6,10,7,8,3,7,3,5,5,6,5,6,7,4
DET + NOUN + ADP + INTJ + NOUN,4,6,6,5,5,3,5,7,6,4,5,7,7,6,4,6,4,5,4,7,6,6,6,7,4,6,6,4,5,6,6,5,3,4,4,6,4,7,5,3,6,8,4,4,4,5,6,5,6,7,5,7,4,3,3,5,6,8,7,4,8,7,3,4,7,6,6,5,2,7,4,8,8,5,5,8,5,6,6,6,4,4,7,6,6,7,5,6,8,5,3,3,6,5,7,5,6,8,5,7,6,8,6,6,5,5,4,7,6,8,6,7,9,5,3,7,5,5,7,4,5,6,6,7,5,8,7,5,4,4,6,6,7,3,5,4,7,5,5,4,6,6,6,5,7,9,8,7,5,8,6,9,7,9,7,6,8,4,5,6,5,5,7,7,4,6,6,8,7,7,6,7,9,5,5,6,4,5,5,6,4,5,5,8,5,8,4,6,7,6,3,7,8,9,4,10,7,8,8,5,8,9,5,8,7,3,5,5,4,12,4,6,4,9,7,8,8,5,3,8,3,8,6,5,6,9,7,5,7,15,13,4,18,6,5,6,5,6,9,8,7,9,4,5,11,8,8,7,6,10,3,8,4,5,4,3,11,10,6,6,7,3,9,6,7,5,7,6,4,5,2,6,9,6,4,5,5,6,9,5,5,6,8,9,6,7,6,7,7,4,7,7,5,4,6,5,9,6,8,7,4,11,7,9,8,4,6,10,5,3,4,6,9,4,6,7,7,8,6,6,8,8,8,7,9,9,10,6,6,7,7,8,8,3,5,8,4,8,7,6,7,4,5,5,7,5,7,8,9,7,7,8,7,10,8,4,6,5,8,6,6,7,4,5,6,8,10,9,5,5,3,8,4,4,6,3,8,7,4,8,8,6,9,8,12,6,9,8,9,8,5,6,6,7,7,8,9,10,10,5,8,7,8,4,5,8,5,10,5,8,5,7,5,6,4,4,4,5,5,6,4,0,3,3,3,10,6,11,7,5,7,8,6,4,7,8,5,6,5,5,5,8,8,7,8,3,5,5,5,3,8,5,8,5,4
DET + NOUN + ADP + DET + NOUN + ADV,5,7,7,6,6,4,6,8,7,5,6,8,8,7,5,7,5,6,5,8,7,7,5,6,5,7,7,5,6,7,7,6,4,5,5,5,5,8,6,4,7,9,7,5,3,6,5,4,7,8,6,8,5,4,4,6,7,9,8,3,9,8,4,5,6,7,5,6,3,6,5,9,9,6,6,7,6,7,7,7,5,5,8,7,7,6,6,7,9,6,4,4,7,6,8,6,7,9,6,8,7,9,7,7,6,6,5,8,5,7,7,8,10,4,4,8,6,6,6,5,6,7,7,8,6,7,8,6,3,5,7,7,8,6,4,7,8,6,6,5,5,7,7,6,8,10,7,8,6,9,7,10,8,10,8,5,9,5,6,7,4,6,8,8,3,5,7,9,6,10,5,8,10,4,6,7,5,4,6,7,3,6,6,9,6,9,5,7,8,5,4,8,9,10,5,11,6,7,7,4,9,8,8,9,8,6,6,6,5,13,5,7,5,10,8,9,9,6,4,9,2,7,7,6,7,10,8,6,8,16,14,5,17,7,6,7,6,7,10,7,8,10,5,6,12,9,7,8,7,11,2,9,3,6,5,4,12,11,5,5,6,4,10,7,6,6,8,5,7,6,3,7,10,7,5,6,6,7,10,6,6,7,7,8,7,8,7,8,8,5,8,8,6,5,7,4,10,7,9,8,5,12,8,8,9,5,7,9,6,4,5,7,10,5,5,8,6,7,7,7,9,9,7,8,10,10,9,7,5,10,8,9,7,4,6,7,5,9,6,7,8,3,6,6,8,4,8,9,8,8,8,9,6,9,7,5,5,6,9,7,7,8,5,6,7,9,9,10,6,4,6,9,5,5,5,4,9,8,5,7,9,7,10,9,13,7,10,9,10,9,6,7,5,8,6,9,10,11,11,4,7,8,9,5,6,7,8,9,6,9,6,8,4,7,5,5,5,6,8,7,5,3,0,2,2,11,7,12,8,6,8,7,7,7,8,9,4,7,6,6,6,9,11,8,9,4,6,6,6,4,9,6,7,6,5
DET + NOUN + ADP + DET + NOUN + NOUN,5,7,7,6,6,4,6,8,7,5,6,8,8,7,5,7,5,6,3,8,7,7,7,8,5,7,7,5,6,7,7,6,4,5,5,7,5,8,4,4,7,9,7,5,5,4,5,6,7,8,6,8,5,4,4,6,7,9,8,3,9,8,4,5,8,7,7,4,3,8,5,9,9,6,6,9,6,7,7,7,5,5,8,7,7,8,6,7,9,6,4,4,7,4,8,6,7,9,4,8,5,9,7,7,4,6,5,8,7,9,7,8,10,4,4,8,6,6,8,5,6,7,7,8,6,9,8,6,3,5,7,7,8,6,6,7,8,6,6,5,7,5,7,6,8,10,9,8,6,9,5,10,8,10,8,5,9,5,6,7,4,6,8,8,3,5,7,9,6,10,5,8,8,4,6,7,5,4,6,7,5,6,6,9,6,9,5,7,8,7,4,8,9,10,5,11,6,7,7,6,9,10,8,9,8,6,4,6,5,13,3,7,5,10,8,9,9,6,4,9,4,9,7,6,7,10,8,6,8,14,12,5,15,7,6,7,6,7,10,9,8,10,3,6,12,9,9,8,5,11,2,9,3,6,3,4,12,11,3,5,6,4,10,7,4,4,8,7,7,6,3,7,10,7,5,6,4,7,10,4,6,5,9,8,7,6,5,8,8,5,8,8,6,5,5,2,10,7,9,8,5,12,8,10,9,5,7,11,6,4,3,7,10,5,5,8,8,9,7,7,9,9,9,8,10,10,11,7,7,10,8,9,7,4,6,9,5,9,8,7,8,5,6,6,8,4,8,9,10,8,8,9,8,11,9,5,7,6,7,7,7,6,5,6,7,9,11,10,6,6,6,7,5,5,5,4,9,8,5,9,9,7,10,9,13,7,10,7,10,9,6,7,5,6,6,9,10,11,11,4,7,8,9,5,6,9,8,11,6,9,6,8,4,7,5,5,5,6,8,7,3,3,2,0,2,11,7,12,8,6,8,9,7,7,8,9,4,9,6,6,6,9,11,8,9,4,6,6,6,4,9,6,9,6,5
DET + NOUN + ADP + DET + NOUN + PROPN,5,7,5,6,6,4,6,6,7,5,6,8,6,7,5,7,5,6,5,8,7,7,7,8,5,7,7,5,6,7,7,6,4,5,5,7,5,8,6,4,7,9,7,5,5,6,5,6,7,8,6,8,5,4,4,6,7,7,8,3,9,8,4,5,8,7,7,6,3,8,5,7,7,6,6,7,6,7,7,5,5,5,8,7,7,8,6,7,9,6,4,4,7,6,8,6,5,7,6,8,7,9,7,5,6,6,5,6,7,9,7,8,8,4,4,8,6,6,8,5,4,7,7,8,6,9,8,6,3,5,7,7,8,6,6,7,8,6,6,5,7,7,7,6,8,8,7,8,6,9,7,8,8,8,6,5,7,5,6,7,4,6,8,8,3,5,7,9,6,10,5,8,10,4,6,7,5,4,6,7,5,6,6,9,6,9,3,7,8,7,4,8,9,10,5,11,6,7,9,6,9,8,8,7,8,6,6,6,5,13,5,7,5,8,6,9,9,6,4,9,4,9,7,6,7,8,6,6,8,16,14,5,17,7,6,5,6,7,10,9,8,8,5,6,10,7,7,8,7,11,2,7,3,6,5,4,12,11,5,5,6,4,10,7,6,6,6,7,7,6,3,7,8,7,5,6,6,5,10,6,6,7,9,8,7,8,7,8,8,5,8,8,6,5,7,4,8,5,7,8,5,12,8,10,7,5,7,9,6,4,5,7,10,5,5,8,8,9,7,7,9,9,9,8,10,10,9,7,7,10,8,7,7,4,6,9,5,9,8,7,8,5,6,6,8,4,8,7,10,8,8,9,8,11,9,5,7,6,9,7,7,8,5,6,7,9,11,10,6,6,6,9,5,5,5,4,9,8,5,9,9,7,10,9,11,7,10,9,10,9,6,7,5,8,6,9,10,11,11,4,7,8,9,5,6,9,6,9,6,9,4,6,4,7,5,5,5,6,8,7,5,3,2,2,0,11,7,12,8,6,8,9,7,7,8,7,4,9,6,6,6,9,11,6,7,4,6,6,6,4,9,6,9,6,5
SCONJ + AUX + PRON + VERB + PRON,6,4,6,7,5,7,7,7,6,8,5,3,5,8,8,6,6,7,8,5,4,6,6,5,8,6,6,8,7,8,6,7,7,6,6,6,6,5,7,7,8,6,6,6,8,9,8,7,8,7,9,9,8,9,7,5,6,8,5,8,8,7,7,8,5,6,6,9,8,7,8,8,6,9,7,6,7,6,8,6,8,6,5,4,6,7,7,6,6,7,9,9,6,9,7,7,8,6,7,9,10,4,10,8,9,9,8,5,6,6,4,7,7,9,7,7,9,7,5,6,7,6,8,9,7,4,5,7,8,6,8,6,7,7,7,6,9,7,7,6,8,10,8,7,5,7,6,7,7,4,8,7,9,9,7,10,6,8,7,6,9,7,7,9,10,6,8,6,7,5,8,5,7,9,9,8,8,7,5,8,8,11,5,10,5,2,10,12,9,8,9,5,4,7,6,10,9,10,10,11,2,7,5,6,5,7,9,7,8,12,8,10,10,9,7,6,6,9,9,6,9,6,8,9,8,9,7,5,7,21,15,8,20,6,7,8,7,6,7,10,5,7,8,7,5,6,8,5,6,4,9,6,10,7,10,9,11,12,10,10,11,9,9,10,13,9,7,8,6,7,8,8,7,8,8,7,9,6,9,9,7,10,8,9,10,9,10,9,5,10,7,9,9,8,10,11,7,10,8,5,8,9,7,7,6,8,8,8,9,9,10,8,5,8,8,3,9,6,8,6,4,6,4,5,5,5,8,8,8,7,5,10,6,7,5,6,8,4,9,6,9,8,11,9,5,9,7,6,7,9,11,4,9,6,6,8,6,9,8,4,8,9,12,5,4,6,4,5,7,7,7,12,8,8,10,7,8,5,8,4,4,8,5,6,6,6,9,10,7,6,11,8,10,11,9,2,7,2,8,7,10,7,8,8,9,6,7,8,7,10,7,7,11,6,8,8,8,7,7,6,10,10,11,11,11,0,4,9,7,7,9,6,6,8,5,6,9,6,7,7,7,6,4,9,6,7,5,9,7,7,6,7,8,5,8
NOUN + AUX + VERB + PRON + NOUN,4,4,6,5,3,3,5,7,6,4,3,5,5,6,4,4,4,5,4,5,4,4,6,5,4,4,6,4,5,6,4,5,5,4,2,4,4,5,5,5,6,6,6,6,4,5,8,5,6,7,5,7,6,5,3,5,4,8,5,6,8,5,5,6,5,4,4,5,4,7,6,8,6,5,5,6,5,4,6,6,4,4,5,4,4,7,3,4,6,5,5,5,4,5,5,7,8,6,5,7,6,6,6,6,5,5,4,5,4,6,2,5,7,7,5,7,7,5,3,4,7,6,6,7,5,6,5,5,4,4,6,6,5,5,5,4,7,5,5,4,6,6,6,5,5,7,6,5,5,6,6,7,7,9,7,8,6,4,5,4,7,5,5,7,6,4,6,6,7,5,6,3,9,7,5,6,6,3,3,8,6,7,3,8,3,4,8,8,7,6,5,7,4,5,2,8,5,8,8,9,4,7,5,6,5,5,5,5,6,10,6,6,8,9,7,6,6,5,5,6,5,6,6,5,6,9,7,3,5,17,13,6,18,6,5,8,3,4,9,10,5,7,4,7,7,6,8,5,2,6,5,6,6,5,6,7,9,10,6,6,9,7,7,8,9,5,7,6,4,7,4,6,7,6,4,5,5,4,7,5,5,6,6,5,6,5,6,7,5,6,7,7,5,4,6,7,7,8,8,5,6,9,5,7,8,6,8,8,7,5,6,6,3,6,6,3,7,6,6,4,4,8,6,7,5,5,8,6,6,7,3,8,6,3,3,4,6,4,7,4,7,6,7,7,7,7,7,6,9,9,9,6,5,6,4,6,4,7,8,2,6,7,8,3,6,6,6,5,5,5,5,8,6,6,6,3,6,5,6,4,4,6,7,4,8,4,9,8,7,6,7,6,8,7,7,4,7,6,8,5,8,5,6,6,5,6,7,8,5,6,5,7,7,6,4,4,4,5,7,6,6,6,7,7,7,4,0,7,5,3,7,6,4,6,3,6,7,6,5,3,3,6,8,9,6,5,5,5,5,3,6,5,6,5,6
PRON + AUX + ADV + AUX + VERB + PART + VERB + NOUN,7,7,9,8,8,8,8,10,9,9,6,6,8,9,9,9,9,8,9,6,7,7,7,8,9,7,9,9,8,9,7,8,8,7,7,9,7,8,10,8,9,7,9,9,9,10,11,8,9,10,10,10,9,10,8,8,9,11,8,9,11,8,8,9,6,9,7,10,9,8,9,11,9,10,10,9,8,9,9,9,9,7,8,9,7,8,8,7,9,6,10,10,7,10,8,10,11,7,10,8,11,5,11,9,10,10,9,8,7,7,7,10,8,10,8,10,8,8,6,9,10,9,7,10,8,7,6,6,9,9,9,9,8,10,10,9,12,10,8,9,9,11,9,10,8,10,7,10,8,7,11,10,10,12,10,9,9,9,6,7,10,8,6,10,11,9,9,7,8,8,9,6,8,10,10,9,9,8,8,11,9,10,8,7,8,7,9,9,10,9,10,10,5,6,9,7,10,11,11,14,7,8,8,11,8,8,10,8,7,13,9,11,9,12,10,7,7,8,10,5,10,9,9,8,9,12,10,8,6,18,18,9,23,7,6,11,6,7,12,7,8,8,9,8,8,9,9,8,9,7,10,7,11,8,11,10,12,13,11,11,12,8,8,13,14,8,10,9,9,10,9,9,8,9,9,8,10,9,8,10,8,11,11,8,9,10,11,8,6,11,10,10,10,7,11,12,10,11,11,6,9,10,8,10,11,9,9,7,12,10,11,7,6,11,9,8,10,7,7,9,7,7,7,10,4,8,7,9,11,8,8,9,11,10,8,7,9,7,8,7,8,9,10,10,10,10,8,9,10,8,8,9,8,5,7,11,7,10,9,7,7,10,11,6,7,7,7,6,10,8,8,13,9,9,11,8,9,6,7,9,7,11,6,5,9,9,6,9,6,9,12,5,11,10,8,7,4,7,9,8,7,8,11,7,10,9,10,7,8,7,8,10,12,9,9,7,9,10,10,9,11,11,12,12,12,9,7,0,10,8,10,9,5,9,10,9,10,9,8,8,8,9,9,12,9,10,8,10,8,8,9,6,9,6,9
PROPN + ADJ + NOUN + VERB,3,3,3,2,2,4,2,4,3,5,4,4,2,3,3,1,3,4,5,4,5,3,5,4,3,5,5,5,4,3,3,4,4,5,3,3,5,4,4,4,1,5,5,5,5,6,5,4,3,6,4,4,5,6,4,4,1,5,2,5,7,4,6,3,4,3,3,4,5,6,3,5,3,4,2,3,4,3,3,5,3,5,4,5,3,4,4,3,3,6,4,4,3,4,2,4,5,3,4,2,5,5,5,3,6,4,3,4,5,5,3,2,4,4,4,4,4,4,4,3,4,5,3,4,4,5,4,4,5,3,5,5,4,4,4,3,6,4,4,5,3,5,3,2,4,4,3,2,4,5,3,2,2,6,4,9,5,5,6,3,6,6,4,4,9,7,7,7,6,6,7,6,10,8,4,3,3,4,4,5,5,6,4,5,4,5,9,7,4,5,4,8,5,8,5,9,4,5,7,6,7,4,4,7,6,4,4,4,5,9,7,5,9,6,2,5,3,4,4,7,6,5,5,4,3,6,4,6,6,16,14,5,17,5,6,5,4,3,6,9,4,8,5,6,6,3,3,4,5,7,6,5,5,4,9,4,8,7,5,5,6,8,6,9,8,6,4,3,3,4,5,5,4,5,5,6,6,3,6,4,4,5,5,6,5,4,5,4,6,7,4,2,4,5,7,8,4,5,3,4,7,8,6,4,5,3,7,7,6,6,7,3,8,3,5,8,6,7,11,5,5,7,5,6,6,4,7,5,3,6,6,3,7,6,6,9,3,5,6,7,6,7,6,2,4,4,6,5,8,8,8,9,8,7,5,5,5,6,9,5,5,6,7,4,7,5,7,6,6,4,4,9,5,5,5,6,7,6,7,5,7,9,8,5,9,5,8,5,6,5,6,7,5,6,6,5,6,7,7,6,9,4,7,7,4,5,4,5,4,7,4,4,6,5,5,5,5,4,6,5,5,7,8,8,8,7,5,10,0,4,4,3,5,3,4,1,6,5,4,4,4,5,7,6,3,4,4,4,6,4,3,6,3,6,5
NOUN + VERB + ADJ + NOUN,3,3,5,2,2,2,4,6,3,3,2,4,4,3,3,3,3,2,3,4,5,1,5,4,3,3,5,1,4,5,3,4,4,3,1,3,3,2,4,4,3,5,5,5,3,4,5,4,3,6,4,6,5,4,2,4,3,7,4,5,7,4,4,3,4,3,3,4,3,6,3,7,5,4,4,5,4,1,3,5,1,3,4,5,3,4,2,3,5,6,2,4,3,2,2,4,7,5,4,4,5,5,5,3,4,2,3,4,3,5,3,4,6,4,4,4,4,4,4,3,6,3,3,4,2,5,2,4,3,3,5,5,4,4,4,3,6,4,4,5,5,5,3,4,4,6,5,4,2,5,5,6,4,6,6,7,5,3,4,3,4,4,4,4,7,5,7,7,6,6,5,6,8,6,2,3,5,2,4,5,5,4,4,5,4,5,7,7,4,5,2,8,5,6,3,9,2,5,7,8,5,4,4,7,6,4,4,2,5,9,5,5,7,8,4,5,5,4,4,5,4,5,5,4,5,8,6,4,4,14,12,5,19,5,4,7,2,3,6,9,4,8,3,6,6,5,5,4,3,7,4,7,3,4,7,4,8,9,5,3,6,6,6,7,8,4,4,3,3,4,3,3,6,5,3,4,4,3,6,2,2,5,7,4,5,2,5,6,6,5,4,4,2,3,5,6,6,5,5,4,5,8,4,6,5,5,7,9,4,4,5,5,6,5,3,6,6,5,9,5,5,7,5,6,6,6,7,5,5,6,6,5,7,4,4,7,3,3,6,5,6,7,4,4,6,4,6,7,8,6,8,9,6,7,5,5,5,4,7,3,5,6,5,4,5,5,7,6,4,4,4,7,5,5,3,4,7,6,7,5,7,9,8,5,11,5,8,7,4,5,6,5,5,6,6,5,6,7,9,4,7,4,7,5,4,3,6,7,4,5,4,6,6,5,3,3,3,4,6,5,5,5,6,6,6,7,3,8,4,0,6,5,3,5,4,5,4,5,4,2,2,3,7,8,5,4,4,4,4,2,5,4,5,4,3
PROPN + PROPN + PROPN + NOUN,3,5,3,4,4,4,2,2,5,5,4,6,4,5,5,5,5,6,5,6,5,5,5,6,3,5,5,7,4,1,5,4,4,5,5,5,5,6,6,4,3,7,5,5,5,6,7,4,5,6,6,2,5,6,6,6,3,3,6,5,7,6,6,5,6,5,5,6,5,6,5,1,3,4,6,5,4,5,3,5,5,5,6,7,3,6,6,5,7,6,6,6,5,6,4,6,3,5,6,4,7,7,7,5,6,6,3,4,5,7,5,6,6,6,4,6,6,4,6,5,4,7,5,6,6,7,6,4,7,5,3,5,6,6,6,5,8,6,4,5,3,7,5,4,6,4,5,2,4,7,5,6,4,4,4,11,5,5,6,5,6,6,6,6,9,7,5,9,8,8,7,6,10,8,6,3,3,6,6,7,5,8,4,7,6,7,9,7,6,5,6,8,7,8,7,11,6,7,7,10,7,6,6,7,6,4,4,6,5,13,7,1,9,2,4,7,7,6,4,7,6,7,5,6,7,4,4,6,6,20,18,7,19,5,6,5,6,5,8,11,6,6,7,6,8,5,5,6,7,9,6,5,7,6,9,6,6,11,9,7,8,8,8,11,10,6,4,5,5,6,5,5,4,5,5,6,6,5,8,6,6,5,7,8,7,8,5,6,6,7,6,2,6,5,7,8,2,7,3,6,7,10,6,8,5,3,9,7,8,6,7,3,8,7,7,8,8,7,11,5,7,9,7,6,8,8,7,7,7,8,8,5,9,8,6,9,5,7,6,7,8,9,8,4,8,6,8,5,10,10,8,9,8,9,7,7,7,8,9,5,5,6,9,4,7,7,9,8,6,6,4,9,7,5,7,8,9,8,7,7,7,9,10,7,11,7,10,7,8,7,8,9,7,8,8,7,8,9,9,6,11,4,9,7,6,7,4,7,6,9,4,4,4,5,5,5,5,6,6,5,7,7,8,8,8,9,7,10,4,6,0,7,5,3,6,5,6,7,6,4,6,7,9,2,5,6,6,4,6,6,7,6,7,6,7
ADJ + VERB + ADV,4,2,4,3,3,5,5,5,2,6,3,3,3,4,4,2,4,5,6,3,4,4,2,1,6,4,4,6,5,6,4,5,5,4,4,2,4,3,5,5,4,4,4,4,4,7,4,3,6,5,5,7,6,7,5,3,4,6,1,6,6,5,5,4,3,4,4,5,6,3,4,6,4,7,3,2,5,4,4,4,4,4,3,4,4,3,5,4,2,7,5,5,2,5,5,3,6,4,5,5,6,4,6,4,7,5,6,3,2,2,4,3,5,5,5,3,5,5,5,4,5,4,4,5,5,2,5,3,6,4,6,4,5,5,3,4,7,5,5,6,4,6,4,5,3,5,4,5,3,4,6,3,5,5,5,10,4,6,5,4,5,5,5,5,10,6,8,6,7,5,4,7,9,7,5,4,6,5,5,4,4,7,5,6,5,4,10,8,5,4,5,7,4,7,6,10,7,8,8,5,6,5,3,6,5,5,7,5,4,10,6,8,8,7,3,4,2,5,7,4,5,2,6,5,4,7,5,5,5,17,15,6,20,4,5,6,5,4,5,8,3,7,6,7,7,4,4,5,6,6,7,6,6,5,10,5,9,8,6,8,9,7,7,10,9,7,3,2,4,3,6,4,5,6,6,5,7,4,7,5,5,8,6,9,4,5,8,7,5,8,3,5,5,4,8,9,5,6,4,3,6,7,5,5,4,6,8,6,7,7,8,6,7,4,6,7,5,4,10,6,4,6,4,5,5,3,6,6,2,5,7,6,6,7,5,6,4,6,5,6,7,8,7,5,5,5,5,6,7,9,9,8,7,4,4,6,6,7,6,4,6,9,8,5,6,4,4,5,5,5,5,10,6,6,6,7,8,5,8,4,6,10,7,6,8,6,9,8,5,4,7,8,6,7,5,4,7,6,8,5,10,5,8,8,5,2,5,6,5,8,5,5,9,4,6,4,6,5,5,4,6,8,7,9,9,6,6,9,3,5,7,0,4,6,5,2,5,2,5,5,5,4,6,7,4,5,3,5,5,5,2,5,2,5,6
ADV + VERB + NOUN,2,2,4,3,3,3,3,5,4,4,1,3,3,4,4,4,4,3,4,3,4,2,2,3,4,2,4,4,3,4,2,3,3,2,2,4,2,3,5,3,4,4,4,4,4,5,6,3,4,5,5,5,4,5,3,3,4,6,3,4,6,5,3,4,1,4,2,5,4,3,4,6,4,5,5,4,3,4,4,4,4,2,3,4,2,3,3,4,4,5,5,5,2,5,3,5,6,4,5,5,6,4,6,4,5,5,4,3,2,4,4,5,5,5,3,5,3,3,3,4,5,4,2,5,3,4,3,1,4,4,4,4,3,5,5,4,7,5,3,4,4,6,4,5,3,5,2,5,3,4,6,5,5,7,5,8,4,4,3,2,5,3,5,5,8,4,6,6,5,5,4,5,7,5,5,4,4,3,5,6,4,7,3,4,5,4,8,6,5,4,5,7,4,5,4,10,5,6,8,9,4,3,3,6,5,3,5,3,2,10,4,6,4,7,5,6,4,3,5,4,5,4,4,5,6,7,5,3,3,17,15,6,20,4,3,6,3,4,7,8,3,7,4,5,7,6,4,5,4,6,5,6,6,5,8,5,7,8,6,6,7,5,5,8,9,5,5,4,4,5,4,4,5,4,4,3,5,4,5,5,3,6,8,7,4,5,6,5,5,6,5,5,5,2,6,7,5,6,6,3,4,7,3,5,6,4,8,6,7,5,6,4,5,6,4,5,7,4,8,4,4,4,2,5,5,5,6,4,6,7,7,6,8,5,3,6,4,4,3,2,5,6,7,5,7,5,5,6,7,9,9,8,5,6,6,6,4,5,6,2,2,7,8,3,4,6,6,5,5,3,3,8,4,4,6,5,8,5,6,6,6,8,7,6,10,6,9,6,5,6,7,6,6,5,3,4,7,6,8,3,8,3,8,6,5,4,5,6,3,6,3,5,7,4,4,2,4,5,5,4,6,6,7,7,7,6,4,5,5,3,5,4,0,4,5,4,5,4,3,3,3,4,6,7,4,5,3,5,3,3,4,3,4,3,4
PROPN + INTJ + NOUN,2,4,2,3,3,3,1,3,4,4,3,5,3,4,4,4,4,5,4,5,4,4,4,5,2,4,4,6,3,2,4,3,3,4,4,4,4,5,5,3,2,6,2,4,4,5,6,3,4,5,5,3,4,5,5,5,2,4,5,4,6,5,5,4,5,4,4,5,4,5,4,4,4,3,5,4,3,4,2,4,4,4,5,6,2,5,5,4,6,5,5,5,4,5,3,5,4,4,5,3,6,6,6,4,5,5,2,3,4,6,4,5,5,5,3,5,5,3,5,4,3,6,4,5,5,6,5,3,6,4,4,4,5,5,5,2,7,5,3,4,2,6,4,3,5,5,4,3,3,6,4,5,3,5,3,10,4,4,5,4,5,5,5,5,8,6,6,8,7,5,6,5,9,7,5,2,2,5,5,6,4,7,3,6,5,6,8,6,5,4,5,7,6,7,6,10,5,6,6,9,6,5,3,6,5,3,3,5,4,12,6,4,8,5,3,6,6,5,3,6,5,6,4,5,6,5,3,5,5,19,17,6,20,4,5,4,5,4,7,10,5,7,6,5,7,4,4,5,6,8,5,4,6,5,8,5,7,10,8,6,7,7,7,10,9,5,3,4,4,5,4,4,5,4,4,5,5,4,7,5,5,4,6,7,6,7,4,5,5,6,5,3,5,4,6,7,5,6,4,5,6,9,5,7,4,2,8,6,7,5,6,2,7,6,6,7,7,6,10,4,6,8,6,5,7,7,6,6,6,5,7,4,8,7,5,8,4,6,5,6,7,8,7,3,7,5,7,4,9,9,7,8,7,8,6,6,6,7,8,4,4,5,8,3,6,6,8,7,5,5,1,8,6,4,6,7,8,7,6,6,6,8,9,6,10,6,9,6,7,6,7,8,6,7,7,6,7,8,8,5,10,3,8,6,5,6,1,6,5,8,3,5,5,4,4,4,4,5,3,4,6,4,7,7,7,8,6,9,3,5,3,6,4,0,5,4,5,4,5,3,5,6,6,5,4,5,5,3,5,5,6,5,6,5,6
NOUN + VERB + PRON + PRON,3,3,5,4,2,4,4,6,5,5,4,4,4,5,5,3,3,6,5,4,3,5,5,4,5,5,5,5,4,5,3,4,4,5,3,3,5,4,4,4,5,5,5,5,5,6,7,4,7,6,6,6,5,6,4,4,3,7,4,5,7,4,6,5,4,3,3,6,5,6,5,7,5,6,4,5,4,3,5,5,5,5,4,3,5,6,4,3,5,6,6,6,5,6,6,6,7,5,4,6,7,5,7,5,6,6,5,4,5,5,3,4,6,6,4,6,6,6,4,3,6,5,5,6,6,5,6,4,5,3,7,5,4,4,4,3,8,4,6,3,5,7,5,4,4,6,5,4,4,3,5,6,6,8,6,9,5,5,6,3,6,6,4,6,9,5,9,5,6,4,7,4,10,8,6,5,5,4,4,7,5,8,2,7,4,5,9,9,6,5,6,4,5,6,3,9,6,9,9,8,5,6,4,5,4,4,6,6,5,11,7,7,9,8,6,5,5,6,6,7,6,5,5,6,5,8,6,4,6,18,16,7,17,5,6,7,4,5,8,9,4,8,5,8,6,5,7,4,3,5,6,5,7,4,7,6,10,9,7,7,10,8,6,9,10,6,6,5,3,6,5,5,6,5,5,6,6,3,6,6,6,7,5,8,7,6,7,6,4,7,6,6,6,5,7,8,6,7,7,4,7,8,6,6,7,5,7,7,6,6,7,5,6,5,7,6,8,7,9,3,3,5,5,6,6,4,7,5,5,6,4,7,7,4,4,7,5,5,6,5,8,7,8,6,6,6,8,5,8,8,10,5,8,7,5,5,5,8,9,3,7,8,9,4,7,5,5,4,6,4,4,9,5,7,7,6,7,6,7,5,3,7,6,5,9,5,8,7,6,7,8,7,7,8,8,3,6,5,7,6,9,6,7,7,6,5,6,7,4,7,4,6,8,5,5,5,5,4,6,5,7,7,8,8,8,5,3,10,4,4,6,5,5,5,0,5,6,5,4,4,4,5,7,8,5,4,4,6,6,4,5,6,5,6,7
PROPN + ADJ + VERB,4,2,2,3,3,5,3,3,2,6,3,3,1,4,4,2,4,5,6,3,4,4,4,3,4,4,4,6,5,4,4,5,5,4,4,4,4,3,5,5,2,4,4,4,6,7,4,5,4,5,5,5,6,7,5,3,2,4,1,6,6,5,5,4,3,4,4,5,6,5,4,4,2,5,3,2,5,4,4,4,4,4,3,4,2,3,5,4,2,7,5,5,2,5,3,3,4,2,5,3,6,4,6,2,7,5,4,3,4,4,4,3,3,5,5,3,5,3,5,4,3,4,4,5,5,4,5,5,6,4,6,4,5,5,5,4,7,5,5,6,4,6,4,3,3,3,2,3,3,4,4,1,3,5,3,10,4,6,5,4,5,5,5,5,10,6,6,6,7,5,6,7,9,7,5,2,4,5,5,4,6,7,5,6,5,4,8,8,5,6,5,7,4,7,6,10,5,6,8,7,6,3,3,6,5,5,5,5,6,10,6,6,8,5,1,4,2,5,5,6,7,4,6,5,4,5,3,5,5,17,15,6,18,4,5,4,5,4,5,10,3,7,6,5,5,2,2,5,6,6,7,4,6,5,10,5,9,8,6,6,7,7,7,10,9,7,3,4,4,3,6,4,3,6,6,5,7,2,7,5,5,6,6,7,6,5,6,5,5,8,3,3,5,6,8,9,3,6,2,3,6,7,5,5,4,4,8,6,7,7,8,4,7,4,6,7,7,6,10,6,4,6,4,5,5,3,6,6,4,5,7,4,6,7,5,8,4,6,7,6,7,8,7,3,5,5,5,4,9,9,9,8,9,6,6,6,6,7,8,4,6,7,8,5,6,4,6,5,5,5,5,10,6,4,6,7,6,5,8,6,6,10,7,6,8,6,9,6,5,4,7,8,6,7,5,4,7,6,6,5,10,3,8,8,5,4,3,4,5,8,3,3,7,4,6,6,6,5,5,4,6,8,9,9,7,6,6,9,1,5,5,2,4,4,5,0,5,4,5,5,5,4,6,5,2,5,3,5,5,5,2,5,4,5,6
ADP + DET + NOUN + ADJ,3,5,5,4,4,4,4,6,3,5,4,6,6,5,5,5,5,4,5,6,5,5,5,6,5,5,5,5,4,5,5,4,2,5,5,5,3,4,6,2,5,7,5,3,5,6,1,4,5,6,6,6,3,4,4,4,5,7,4,1,7,6,4,3,6,5,5,6,3,6,3,7,7,6,6,7,4,3,5,5,3,3,6,5,5,4,6,5,5,4,4,4,5,4,6,2,5,7,4,6,5,7,7,3,6,4,5,6,5,7,5,6,8,2,4,4,4,4,6,3,4,3,5,6,4,7,6,4,3,5,5,5,6,4,6,5,8,6,4,5,5,7,3,6,6,8,7,6,2,7,7,6,6,6,6,7,7,5,4,5,2,4,6,4,5,3,7,7,4,8,3,6,8,4,4,3,3,4,6,3,5,6,4,7,4,7,7,7,6,5,4,6,7,8,5,9,6,5,9,8,7,6,6,7,6,4,6,4,3,11,5,7,7,8,4,5,5,6,4,7,4,7,5,6,7,8,6,4,6,16,12,5,17,5,4,5,6,5,6,9,6,8,5,6,8,5,5,6,7,9,2,7,3,6,7,4,10,11,5,5,6,6,8,5,6,6,4,5,5,4,3,3,8,5,5,4,6,5,8,4,6,7,9,8,7,6,7,8,6,5,4,6,4,5,7,4,8,7,5,6,5,10,6,8,5,3,7,9,4,4,5,5,8,5,3,6,4,7,9,5,7,7,7,6,8,6,7,5,5,6,8,7,3,6,4,7,3,7,6,5,6,7,4,4,6,2,4,7,8,6,8,7,8,9,7,5,5,6,7,5,7,8,5,4,5,5,9,8,2,4,4,9,5,5,5,6,7,6,5,7,7,5,8,7,11,5,8,7,6,5,6,7,3,6,4,7,8,9,9,2,7,6,9,5,6,5,6,7,6,9,4,6,4,5,5,5,5,6,6,5,5,5,4,4,4,9,7,10,6,4,6,5,5,5,6,5,0,7,6,6,6,5,9,6,7,4,4,6,6,4,5,6,7,4,5
VERB + INTJ + ADV,4,2,4,5,3,5,5,5,4,6,3,3,3,6,6,4,4,5,6,3,4,4,2,1,6,4,4,6,5,6,4,5,5,4,4,2,4,3,5,5,6,4,2,4,4,7,6,3,6,5,7,7,6,7,5,3,4,6,3,6,6,5,5,6,3,4,4,7,6,3,6,6,4,7,5,2,5,4,6,4,6,4,3,4,4,3,5,4,4,7,7,7,4,7,5,5,6,4,5,7,8,4,8,6,7,7,6,3,2,2,4,5,5,7,5,5,5,5,5,4,5,4,4,7,5,2,5,3,6,4,6,4,5,3,3,4,9,5,5,6,4,8,6,5,3,5,4,5,5,4,6,5,7,7,5,10,4,6,5,4,7,5,5,7,10,6,8,6,7,5,4,7,9,7,7,6,6,5,5,6,4,9,5,6,5,4,10,8,7,4,7,7,4,7,6,10,7,8,8,7,6,5,1,6,5,3,7,5,4,12,6,8,8,7,5,6,4,5,7,4,5,2,6,7,6,7,5,5,5,19,17,8,22,4,5,6,5,6,7,8,3,7,6,7,7,6,4,5,6,6,7,6,8,5,10,7,9,10,8,8,9,7,7,10,11,7,5,4,2,5,6,6,5,6,6,5,7,4,7,7,5,8,6,9,6,7,8,7,5,8,5,7,7,4,8,9,5,8,6,3,6,7,5,7,6,6,8,6,7,7,8,6,7,6,6,7,7,4,10,6,4,6,4,5,5,5,6,6,4,5,7,8,8,7,5,6,6,6,5,6,7,8,9,7,7,7,5,6,7,9,11,8,7,4,4,6,6,7,6,4,6,9,10,5,6,6,4,5,7,5,3,10,6,6,8,7,10,5,8,4,6,10,7,6,10,6,9,8,5,6,9,8,8,7,7,4,7,6,8,5,10,5,8,8,7,2,3,6,5,8,5,5,9,4,6,4,6,5,3,4,8,6,7,9,9,6,6,9,5,5,7,2,4,4,5,4,7,0,5,5,5,4,6,7,4,5,3,7,5,5,4,5,4,5,6
ADV + NOUN + NOUN + VERB,3,3,5,4,2,2,4,6,5,3,4,4,4,5,3,3,1,6,3,4,5,5,3,4,3,5,5,5,4,5,3,4,4,3,3,3,5,4,2,4,5,5,5,5,3,4,7,4,7,6,4,6,5,4,4,4,3,7,4,5,7,4,4,5,2,3,3,4,3,4,5,7,5,4,2,5,4,3,5,5,3,5,4,5,5,4,2,3,5,6,4,4,5,4,6,6,7,5,2,6,5,5,5,5,4,4,3,4,5,5,3,4,6,6,4,6,4,6,4,3,6,5,3,6,6,5,6,2,5,3,7,5,4,4,2,3,6,2,6,5,5,5,5,2,4,6,3,4,4,5,3,6,6,8,6,9,5,3,6,1,6,6,4,6,7,7,7,7,6,6,5,6,8,6,4,5,5,4,2,7,5,6,4,5,4,5,7,5,6,5,4,8,5,8,5,9,6,9,7,6,7,4,4,7,6,4,4,6,3,7,5,5,5,8,6,7,5,2,4,5,4,5,5,4,3,8,6,6,6,16,14,5,19,5,6,7,4,5,8,9,4,8,3,6,8,7,5,4,3,7,4,7,5,2,7,6,8,5,7,7,10,6,6,9,8,4,6,5,3,6,3,5,6,5,3,6,4,3,6,4,4,5,5,8,3,4,5,4,6,5,6,6,4,1,5,6,6,7,7,4,5,8,6,6,7,5,5,7,4,4,5,5,8,5,7,8,8,7,9,5,5,5,3,6,6,6,7,3,5,8,6,7,9,6,6,9,5,7,4,5,6,5,6,6,6,6,6,7,8,8,8,9,6,7,5,5,5,6,5,5,3,6,7,4,7,7,7,6,6,4,4,7,5,5,5,6,9,6,7,5,7,9,8,5,11,5,8,5,6,7,6,7,7,4,6,5,6,7,9,6,9,6,7,5,4,5,6,7,4,7,4,6,6,5,3,3,3,2,6,5,5,5,6,6,6,7,5,8,4,4,6,5,3,5,4,5,6,5,0,4,4,5,7,8,5,2,4,4,4,4,5,4,5,6,5
NOUN + VERB + PROPN + NOUN,3,3,3,4,2,2,2,4,5,3,2,4,4,5,3,3,3,4,3,4,5,3,5,4,3,3,5,3,4,3,3,4,4,3,1,3,3,4,4,4,3,5,5,5,3,4,7,4,5,6,4,4,5,4,2,4,3,5,4,5,7,4,4,5,4,3,3,4,3,6,5,5,5,4,4,5,4,3,3,3,3,3,4,5,3,6,2,3,5,6,4,4,3,4,4,6,5,5,4,4,5,5,5,3,4,4,1,2,3,5,3,4,4,6,4,6,6,4,4,3,4,5,5,6,4,5,4,4,3,3,3,5,4,4,4,3,6,4,2,5,3,5,5,4,4,6,5,4,4,5,5,6,4,6,4,7,3,3,4,3,6,4,4,6,7,5,7,7,6,6,5,6,8,6,4,3,3,2,4,7,5,6,4,7,4,5,7,5,6,5,4,8,5,6,3,9,4,7,5,8,5,6,4,5,6,4,4,4,5,11,5,5,7,6,4,7,5,4,4,5,4,5,5,4,5,6,4,4,4,16,14,5,19,5,4,5,2,5,8,9,4,6,3,6,8,5,5,4,3,7,4,5,5,4,7,6,8,9,5,5,8,6,6,9,8,4,4,5,3,6,3,5,4,5,3,4,4,3,6,4,4,3,5,6,5,4,5,4,6,5,6,4,4,3,5,6,4,5,5,4,5,8,4,6,5,3,7,7,6,4,5,3,6,5,5,6,8,5,9,5,5,7,5,6,6,6,7,5,5,8,6,5,9,4,4,7,5,5,6,5,8,7,6,4,6,6,8,5,8,8,6,9,6,7,5,5,5,6,7,3,3,4,7,4,5,7,7,6,6,4,4,7,5,5,5,4,7,6,7,5,7,9,8,5,9,5,8,7,6,7,6,5,7,6,6,5,6,7,9,4,7,4,7,5,4,5,4,7,4,5,2,4,6,5,3,3,3,4,6,5,5,5,6,6,6,7,3,8,4,2,4,5,3,3,4,5,6,5,4,0,2,5,7,6,5,4,4,4,4,2,5,4,5,4,5
NOUN + VERB + CCONJ + NOUN,3,3,5,4,2,2,4,6,5,1,2,4,4,5,3,3,3,4,3,4,5,3,5,4,3,1,5,3,4,5,3,4,4,3,1,3,3,4,4,4,5,3,5,5,3,2,7,4,5,6,4,4,5,4,2,4,3,5,4,5,7,2,4,5,4,3,3,4,3,6,5,7,5,4,4,5,4,3,5,5,3,3,4,5,3,6,2,3,5,6,4,4,3,4,4,6,7,5,4,6,5,5,5,5,2,2,3,4,3,5,3,4,4,6,4,6,6,4,4,3,6,5,5,6,4,5,4,4,3,3,5,5,4,4,4,3,6,2,4,5,5,3,5,4,4,6,5,4,4,5,5,6,4,6,6,7,5,3,4,3,6,4,4,6,7,5,7,7,6,6,5,6,8,4,2,5,5,2,4,7,5,6,4,7,4,5,7,7,4,5,4,8,5,6,3,9,4,7,7,8,5,6,4,7,6,4,4,4,5,9,5,5,7,8,6,7,5,4,4,5,4,5,5,4,5,8,6,4,2,16,14,5,19,5,4,7,2,5,8,9,4,8,3,6,8,7,7,4,3,7,4,7,5,4,5,6,8,9,5,5,8,6,6,9,6,4,6,5,3,6,3,5,6,3,3,4,4,3,6,4,4,3,7,6,5,4,3,6,6,5,6,6,4,3,5,6,6,7,7,4,5,8,4,6,7,5,7,9,6,4,3,5,6,5,5,6,8,5,9,5,5,7,5,6,6,6,9,5,5,8,6,7,9,4,4,7,5,5,6,5,8,7,6,6,6,6,8,7,8,8,8,9,6,7,5,5,5,6,7,3,5,6,7,4,5,7,7,6,6,4,4,5,5,5,5,4,7,6,7,5,7,9,8,5,11,5,8,7,6,5,6,5,7,6,6,5,6,7,9,4,7,4,7,5,4,5,6,9,4,5,4,6,6,5,3,3,3,4,6,3,5,5,6,6,6,7,3,8,4,2,6,5,3,5,4,5,6,5,4,2,0,5,7,8,5,4,4,4,2,2,5,4,5,4,5
VERB + ADJ + ADJ,4,2,4,3,3,5,5,5,2,6,3,3,3,2,4,4,4,3,6,3,4,2,4,3,6,4,4,4,5,6,4,5,5,4,4,4,4,1,5,5,4,4,4,4,6,7,4,5,4,5,3,7,6,7,5,3,4,6,3,6,6,5,5,4,3,4,4,5,6,5,4,6,4,7,5,4,5,2,4,4,4,4,3,4,4,3,5,4,2,7,5,5,4,5,3,3,6,4,5,5,6,4,4,4,7,5,6,3,4,4,4,3,5,5,5,1,5,5,5,4,5,2,4,3,3,4,3,5,6,4,6,4,5,5,5,4,5,5,5,6,6,6,2,5,3,5,4,5,3,4,6,5,5,5,5,10,4,6,5,4,5,5,5,3,10,6,8,6,7,5,6,7,9,7,5,4,6,5,5,4,6,7,5,6,5,4,10,10,5,6,5,7,4,7,6,10,5,6,10,9,6,3,3,6,5,5,7,3,6,12,6,8,8,7,3,4,4,5,7,6,7,4,6,5,6,7,5,5,5,15,15,6,20,4,5,6,5,4,3,10,3,7,6,7,5,4,4,5,6,6,7,6,6,5,10,5,9,8,8,6,5,7,7,6,9,7,3,4,4,3,6,4,5,6,6,5,7,4,7,5,3,8,8,7,6,5,8,7,5,8,3,5,3,6,8,9,5,4,4,3,6,7,5,5,4,6,8,8,5,7,8,6,7,6,4,7,5,6,10,6,4,6,4,5,5,5,6,6,6,5,7,6,6,7,5,8,4,4,7,6,7,8,5,5,7,5,5,6,9,7,9,8,9,6,6,6,6,5,8,4,6,9,8,5,6,4,6,5,5,5,5,10,6,6,6,7,10,5,8,6,6,10,7,6,10,6,9,8,3,4,7,8,6,7,7,4,7,6,8,5,10,5,8,8,5,2,5,6,5,8,5,5,9,4,6,6,6,5,5,4,6,8,9,9,9,6,6,9,5,3,7,4,4,6,5,4,5,4,5,5,5,0,6,7,4,5,3,5,5,5,4,5,6,5,4
INTJ + PART + SCONJ + PRON + VERB,6,4,6,7,5,7,7,7,6,8,5,3,5,8,8,6,6,7,8,5,4,6,6,5,8,6,6,8,7,8,6,7,7,6,6,6,6,5,7,7,8,6,4,6,8,9,8,7,8,7,9,9,8,9,7,5,6,8,5,8,8,7,7,8,5,6,6,9,8,7,8,8,6,9,7,6,7,6,8,6,8,6,5,6,6,7,7,6,6,7,9,9,6,9,7,7,8,6,7,7,10,4,10,8,9,9,8,5,6,6,6,7,7,9,7,7,9,7,7,6,7,6,8,9,7,4,5,7,8,6,8,6,7,7,7,4,11,7,7,6,8,10,8,7,5,7,6,7,7,4,8,7,9,9,7,10,6,8,7,6,9,7,5,9,12,8,10,6,7,3,8,7,7,9,9,8,8,7,7,8,8,9,5,8,7,4,10,10,9,8,9,7,4,7,8,8,9,10,10,11,4,7,5,8,3,5,9,7,8,14,8,10,10,9,7,6,6,9,9,6,9,6,8,7,6,9,7,7,7,19,17,8,22,4,5,8,7,6,7,10,5,7,8,7,7,6,8,5,8,6,9,6,10,7,10,9,9,12,10,10,11,9,7,12,13,7,7,8,6,7,8,8,7,8,8,7,9,6,9,9,7,10,10,9,10,9,10,9,5,10,7,9,9,8,10,11,7,10,8,3,8,9,7,7,6,8,8,8,9,9,10,6,7,8,8,7,11,6,10,6,4,6,4,5,5,5,8,8,8,5,7,8,8,9,7,8,8,6,9,8,11,8,9,9,7,9,9,6,7,9,11,6,11,6,8,8,8,9,8,6,8,9,10,5,4,6,6,5,9,7,5,12,8,8,10,9,10,5,8,6,6,10,7,6,10,8,9,8,5,8,11,8,10,11,9,4,7,4,8,7,10,7,10,8,9,6,5,8,7,8,7,7,11,6,8,8,8,7,5,6,10,8,11,11,11,4,8,9,7,7,9,6,6,6,7,6,9,6,7,7,7,6,0,9,6,7,5,9,7,7,6,7,8,5,8
PROPN + PROPN + ADP + PROPN,5,5,3,6,6,6,4,2,5,7,6,6,4,7,7,7,7,6,7,6,5,7,5,6,5,7,5,7,6,3,7,6,4,7,7,7,5,6,8,6,5,7,5,3,7,8,5,6,5,6,8,4,5,6,6,4,5,3,6,5,7,8,6,7,6,7,7,8,5,6,5,1,3,6,8,5,6,7,5,3,7,7,6,5,5,6,8,7,7,8,6,6,7,8,6,4,3,5,6,6,7,7,9,5,8,8,5,4,7,7,7,8,6,6,4,6,8,6,8,7,2,5,7,8,6,7,8,6,7,5,5,5,8,8,8,7,10,8,4,5,5,9,7,6,6,4,5,4,6,7,7,6,6,4,4,11,5,7,6,7,6,6,8,8,9,7,7,7,8,8,7,8,10,8,8,5,3,8,8,7,5,8,6,9,8,7,7,7,8,7,6,6,7,10,7,13,8,7,9,10,9,6,6,5,6,6,6,8,5,15,7,3,9,2,4,7,7,8,4,9,8,7,7,8,9,4,4,8,8,20,18,9,19,5,8,3,8,7,8,11,6,6,7,8,8,5,5,8,9,9,6,5,7,8,9,6,8,13,9,7,8,8,10,11,10,8,4,7,7,4,7,7,4,7,7,6,8,5,10,8,8,7,9,10,9,10,7,8,6,7,6,4,8,7,9,8,2,5,3,6,7,10,8,10,5,3,9,7,10,6,7,5,10,7,7,10,10,9,11,7,7,7,7,6,8,8,7,9,9,8,8,5,7,8,6,9,5,9,8,7,10,9,10,6,10,6,6,5,12,10,10,7,8,9,9,7,9,8,9,7,7,8,9,6,9,7,9,8,8,8,6,11,7,7,9,8,11,6,7,9,7,9,8,9,9,9,12,7,8,7,8,9,7,8,8,7,10,9,7,6,11,6,9,9,8,7,4,7,6,11,4,2,4,5,7,7,5,8,6,5,7,7,8,8,6,9,9,12,6,8,2,7,7,5,8,5,6,7,8,6,8,7,9,0,5,6,6,6,8,8,7,8,9,8,9
PROPN + CCONJ + VERB,4,2,2,5,3,5,3,3,4,4,3,3,1,6,6,4,4,5,6,3,4,4,4,3,4,4,4,6,5,4,4,5,5,4,4,4,4,3,5,5,4,2,4,4,6,5,6,5,4,5,7,3,6,7,5,3,2,2,3,6,6,3,5,6,3,2,4,7,6,5,6,4,2,3,5,2,5,4,4,4,6,4,3,4,2,5,5,4,4,7,7,7,4,7,3,5,4,2,5,5,8,4,8,4,5,5,4,3,4,4,4,5,3,7,5,5,7,3,5,4,3,4,6,7,5,4,5,5,6,4,6,4,3,5,5,4,9,3,5,6,4,6,6,3,3,1,2,3,5,4,4,1,3,5,3,10,4,6,5,4,7,5,5,7,10,6,6,6,7,5,6,7,9,7,5,4,4,5,5,6,6,9,5,8,5,4,8,8,5,6,7,7,4,7,6,10,5,6,8,9,6,3,3,6,5,5,5,5,6,10,6,6,6,5,3,6,4,7,5,6,7,4,6,7,6,5,3,5,3,19,15,8,20,4,5,4,5,6,7,10,1,7,6,5,5,4,4,5,6,6,7,4,8,5,8,7,7,8,8,6,7,7,7,10,9,7,3,6,4,5,6,6,3,4,6,5,7,2,7,7,5,4,4,7,6,7,4,5,5,8,5,5,7,6,8,9,3,6,4,3,6,7,5,7,4,4,8,6,7,7,6,4,5,6,6,7,9,6,10,6,4,6,4,5,5,5,6,6,6,7,7,6,8,7,5,8,6,6,7,6,9,8,9,5,7,7,7,4,9,9,9,8,9,6,6,6,6,7,8,4,6,7,10,5,6,6,6,5,7,5,5,8,6,4,8,7,8,5,8,6,6,10,7,6,10,6,9,6,5,4,9,8,8,9,7,4,7,6,6,5,10,3,8,8,5,4,3,6,5,6,3,3,7,4,6,6,6,3,5,2,8,8,9,9,7,6,6,9,3,5,5,4,4,4,5,2,7,4,5,5,5,4,6,5,0,5,3,5,5,5,2,5,6,5,6
NOUN + ADP + NOUN + VERB,3,3,5,4,2,2,4,6,5,3,4,4,4,5,3,3,1,4,3,4,5,5,5,4,3,5,5,3,4,5,3,4,2,3,3,3,3,4,2,4,5,5,5,3,3,4,5,4,5,6,4,6,3,2,2,4,3,7,4,3,7,4,2,5,4,3,3,4,1,6,3,7,5,4,2,5,4,3,5,5,3,5,4,5,5,6,2,3,5,6,2,2,5,4,6,4,5,5,2,6,5,5,5,5,4,4,3,4,5,5,3,4,6,4,2,6,6,6,4,3,4,5,5,6,4,5,6,4,3,3,5,5,4,4,2,3,6,2,4,3,5,5,5,2,4,6,5,4,4,5,3,6,6,8,6,7,5,3,4,3,4,4,4,6,5,5,7,5,4,6,5,6,8,4,4,5,3,4,2,7,3,4,4,7,4,5,5,5,6,5,2,6,5,8,3,9,6,7,7,4,7,6,4,7,6,4,4,6,3,9,3,5,5,8,6,7,5,4,2,7,4,5,5,4,3,8,6,6,6,16,12,5,17,5,6,5,4,5,8,7,4,8,1,6,8,7,7,4,3,7,2,7,3,2,5,4,10,7,5,5,8,4,6,7,6,4,6,5,3,4,3,5,6,5,3,4,4,3,6,4,4,5,5,8,5,4,5,4,6,3,6,6,4,3,5,4,6,5,7,4,3,8,6,6,7,3,5,9,4,2,3,5,8,5,5,8,8,7,7,5,5,7,5,6,6,6,9,5,5,8,6,7,7,4,4,7,3,7,6,5,8,3,6,6,6,4,6,7,8,6,8,7,6,7,5,5,5,4,7,5,5,6,5,4,7,7,7,6,6,4,4,7,5,5,5,4,9,6,5,5,7,7,8,5,11,5,8,5,6,7,4,5,5,6,6,5,6,7,9,4,7,6,7,5,4,5,6,9,4,7,4,6,4,5,3,3,3,2,6,5,3,3,4,4,4,7,5,10,4,4,6,5,5,5,4,5,4,5,2,4,4,5,7,6,5,0,4,4,4,4,5,4,5,6,5
DET + VERB,3,1,3,4,2,4,4,4,3,5,2,2,2,5,5,3,3,4,5,2,3,3,3,2,5,3,3,5,4,5,3,4,4,3,3,3,3,2,4,2,5,3,3,3,5,6,3,4,5,4,6,6,5,6,4,2,3,5,2,3,5,4,4,3,2,3,3,6,5,4,5,5,3,6,4,3,4,3,5,3,5,3,2,3,3,4,4,3,3,4,6,6,3,6,4,4,5,3,4,6,7,3,7,5,6,6,5,2,3,3,3,4,4,4,4,4,4,4,4,1,4,3,5,6,4,3,4,4,5,3,5,3,4,2,4,3,8,4,4,5,5,7,5,4,2,4,3,4,4,3,5,4,6,6,4,7,3,5,4,3,4,4,4,6,7,5,7,5,4,4,5,6,8,6,6,5,5,4,4,3,5,8,4,7,2,3,7,9,6,5,6,6,3,6,5,7,6,7,9,6,5,4,2,5,4,4,6,4,5,11,5,7,5,6,4,5,3,6,6,5,4,3,5,6,5,6,4,4,4,16,14,5,19,3,4,5,4,5,6,7,2,6,5,6,6,5,5,4,5,5,4,5,5,4,7,4,10,9,7,7,8,6,6,9,8,6,4,5,3,4,3,5,4,5,5,4,6,3,6,6,4,7,7,8,7,6,7,6,4,7,4,6,6,5,7,6,4,7,5,2,5,6,4,6,5,5,5,7,4,6,7,5,6,3,5,6,6,5,9,5,3,5,3,4,4,4,7,3,3,6,6,7,5,4,4,7,5,5,6,5,6,5,6,4,4,4,6,5,6,6,8,7,8,5,5,3,3,6,7,3,5,8,7,4,5,5,5,4,4,2,4,9,3,5,5,4,7,4,5,5,5,7,6,5,9,3,6,7,4,5,8,7,5,8,6,3,6,5,7,4,9,4,7,5,6,3,4,7,4,7,4,4,6,3,5,5,5,4,4,3,7,5,6,6,6,5,5,8,4,4,6,3,3,5,4,3,4,3,4,4,4,3,5,6,3,4,0,6,4,2,3,4,5,4,5
ADJ + PROPN + NOUN + NOUN,3,5,3,2,4,2,2,4,3,3,4,6,4,3,1,3,3,4,3,6,5,3,5,6,1,5,5,5,4,3,5,4,4,3,3,5,5,4,4,4,3,7,5,5,3,4,5,4,5,6,2,4,5,4,4,6,3,5,4,5,7,6,4,3,6,5,5,2,3,6,3,5,5,2,2,5,4,5,1,5,3,5,6,7,3,4,4,5,5,6,4,2,3,2,4,4,5,5,4,4,3,7,3,5,4,4,3,4,5,7,5,4,6,4,4,4,4,4,6,5,4,5,3,4,4,7,4,4,5,5,5,5,6,6,4,5,4,4,4,5,3,3,3,2,6,6,5,4,4,7,3,6,4,4,4,9,5,3,6,5,6,6,6,4,7,7,5,9,8,8,7,6,8,6,4,3,3,4,4,5,5,6,4,5,6,7,7,7,4,5,4,8,7,8,5,11,4,7,5,6,7,6,6,7,6,4,2,4,5,11,5,3,7,6,4,5,5,2,2,7,4,7,5,2,3,6,4,6,6,16,14,3,19,5,6,5,4,3,6,11,6,8,5,4,8,5,5,6,5,9,4,5,5,4,7,4,6,7,5,5,8,6,8,7,6,4,2,3,5,4,3,5,6,5,3,6,4,5,8,4,2,3,7,8,3,4,3,6,6,5,4,4,2,3,5,6,6,5,5,6,5,10,6,6,3,3,7,7,6,4,5,3,8,5,5,8,6,7,9,5,7,9,7,6,8,6,5,7,5,6,8,5,7,6,6,9,3,5,6,7,6,7,4,4,6,4,6,5,10,10,6,9,6,9,7,7,7,6,7,5,3,4,7,4,7,5,9,8,6,6,4,7,7,3,5,6,7,8,7,7,7,9,10,7,9,7,10,5,6,5,4,7,5,4,6,7,8,9,9,6,9,4,9,5,2,5,4,7,6,7,4,6,4,5,3,3,3,4,6,5,3,5,6,6,6,9,5,10,4,4,4,5,5,3,6,5,6,7,4,4,4,5,9,6,5,4,6,0,4,4,5,4,5,6,3
VERB + NOUN + CCONJ + NOUN,3,3,5,4,4,2,4,6,5,1,2,4,4,5,3,5,3,4,3,4,5,3,5,4,3,1,5,5,4,5,3,4,4,1,3,5,3,4,4,4,5,3,5,5,3,2,7,4,5,6,4,4,5,4,4,4,5,5,4,5,7,4,2,5,4,3,5,4,3,6,5,7,5,4,4,5,4,5,5,5,3,3,4,5,3,6,4,5,5,6,4,4,3,4,4,6,7,5,4,6,5,5,5,5,2,2,3,4,3,5,5,6,4,6,4,6,6,4,6,5,6,5,5,6,4,5,4,4,5,5,5,5,2,6,4,5,6,2,4,5,5,3,5,4,4,6,5,6,4,5,5,6,4,6,6,9,5,3,4,5,6,4,6,6,7,5,5,7,6,6,5,6,6,2,2,5,5,4,4,7,5,6,4,7,6,5,7,7,4,5,4,8,5,6,5,11,6,7,7,8,5,6,4,7,6,4,4,4,5,9,3,5,5,8,6,7,5,4,4,5,4,5,5,4,5,8,6,4,2,16,14,5,19,5,4,7,2,5,8,9,4,8,5,4,8,7,7,6,5,7,4,7,5,4,5,6,8,9,5,7,8,4,6,7,6,4,6,5,5,6,3,5,6,3,3,4,4,5,6,4,2,3,7,8,5,6,3,4,6,5,6,6,4,3,5,6,6,7,7,4,3,8,4,8,7,5,7,9,6,4,3,5,6,7,5,6,8,5,7,5,5,7,5,6,6,6,9,7,7,8,8,7,9,6,4,7,5,5,6,5,8,7,6,6,8,6,8,7,10,10,8,9,6,7,7,7,7,4,5,3,3,6,7,4,5,7,7,6,6,6,4,5,7,3,5,6,9,6,7,7,7,9,8,7,11,7,10,5,6,5,6,7,7,6,6,5,8,7,9,4,7,4,9,5,4,5,6,9,6,3,4,6,6,5,3,3,3,4,6,3,5,5,6,6,6,7,5,8,6,4,6,5,3,5,6,5,6,5,4,4,2,5,7,8,5,4,4,4,0,4,5,2,7,4,3
DET + NOUN + VERB + NOUN,3,3,5,4,2,2,4,6,5,3,2,4,4,5,3,3,3,4,3,4,5,3,5,4,3,3,5,3,4,5,3,4,4,3,1,3,3,4,4,2,5,5,5,5,3,4,5,4,5,6,4,6,5,4,2,4,3,7,4,3,7,4,4,3,4,3,3,4,3,6,5,7,5,4,4,5,4,3,5,5,3,3,4,5,3,6,2,3,5,4,4,4,3,4,4,6,7,5,4,6,5,5,5,5,4,4,3,4,3,5,3,4,6,4,4,6,4,4,4,1,6,5,5,6,4,5,4,4,3,3,5,5,4,2,4,3,6,4,4,5,5,5,5,4,4,6,5,4,4,5,5,6,6,8,6,5,5,3,4,3,6,4,4,6,5,5,5,7,4,6,5,6,8,6,4,5,5,2,4,5,5,6,4,7,2,5,5,7,6,5,4,8,5,6,3,7,4,7,7,6,5,6,4,7,6,4,4,4,5,11,5,5,5,8,6,7,5,4,4,5,2,5,5,4,5,8,6,4,4,14,12,3,17,5,4,7,2,5,8,7,4,8,3,4,8,7,7,4,3,7,4,7,5,4,5,4,10,9,5,5,8,4,6,7,6,4,6,5,3,6,1,5,6,5,3,4,4,3,6,4,4,5,7,6,5,4,5,6,6,5,6,6,4,3,5,4,6,7,7,4,5,8,4,6,7,5,5,9,4,4,5,5,6,3,5,6,6,5,7,5,5,7,5,6,6,6,9,3,3,8,6,7,7,2,4,7,5,5,6,5,6,5,4,4,4,4,8,7,6,6,6,9,6,7,5,3,3,6,7,3,5,6,5,4,5,7,7,6,4,2,4,7,3,3,5,2,5,6,5,5,7,7,8,5,11,3,6,7,6,7,6,5,5,6,6,5,6,7,9,4,7,4,7,3,4,5,6,9,4,5,4,6,6,5,3,3,3,4,6,5,5,3,4,4,4,7,3,8,4,2,6,5,3,5,4,5,4,5,4,2,2,5,7,8,5,4,2,4,4,0,5,4,5,4,3
ADJ + CCONJ + VERB,4,2,4,3,3,5,5,5,2,4,3,3,3,4,4,2,4,5,6,3,4,4,4,3,6,4,4,6,5,6,4,5,5,4,4,4,4,3,5,5,4,2,4,4,6,5,4,5,6,5,5,5,6,7,5,3,4,4,1,6,6,3,5,4,3,2,4,5,6,5,4,6,4,5,3,4,5,4,4,4,4,4,3,4,4,3,5,4,2,7,5,5,2,5,5,3,6,4,5,5,6,4,6,4,5,5,6,3,4,4,4,3,3,5,5,3,5,5,5,4,5,4,4,5,5,4,5,5,6,4,6,4,3,5,5,4,7,3,5,6,6,4,4,5,3,3,4,5,3,4,6,3,5,3,5,10,4,6,5,4,5,5,5,5,10,6,8,6,7,5,6,7,9,7,3,4,6,5,5,4,6,7,5,6,5,4,10,10,3,6,5,7,4,7,6,10,7,8,10,7,6,5,3,6,5,5,7,5,6,8,6,8,6,7,3,4,2,5,7,6,7,4,6,5,4,7,5,5,3,17,13,6,20,4,5,6,5,4,5,10,1,7,6,7,7,4,4,5,6,6,7,6,6,5,8,5,7,6,6,8,9,7,7,10,7,7,3,4,4,3,6,4,5,4,6,5,7,4,7,5,5,6,6,9,4,5,6,7,5,8,3,5,5,6,8,9,5,6,4,3,6,7,5,5,4,6,8,8,7,7,6,6,5,4,6,7,7,6,10,6,4,6,4,5,5,3,6,6,4,5,7,6,6,7,5,8,4,6,7,6,7,8,7,5,5,5,5,6,9,9,9,8,9,6,6,6,6,7,8,4,6,9,8,5,6,4,6,5,5,5,5,8,6,6,6,7,8,5,8,6,6,10,7,6,8,6,9,8,5,4,7,8,6,7,5,4,7,6,6,5,10,5,8,8,3,4,5,6,5,6,5,5,9,4,6,6,6,3,5,2,6,8,9,9,9,6,6,9,3,5,7,2,4,6,5,2,5,4,5,5,5,4,6,7,2,5,3,5,5,5,0,5,4,5,6
VERB + VERB + NOUN + NOUN,3,3,5,4,4,2,4,6,5,3,2,4,4,5,3,5,3,4,3,2,5,3,5,4,3,3,5,5,4,5,3,4,4,1,3,5,3,4,4,4,5,3,5,5,3,4,7,4,5,6,4,6,5,4,4,4,5,7,4,5,7,4,2,5,4,5,5,4,3,6,5,7,5,4,4,5,4,5,5,5,3,3,4,5,3,6,4,3,5,6,4,4,3,4,4,6,7,3,4,6,5,3,5,5,4,4,3,4,3,3,5,6,4,6,4,6,6,4,6,5,6,5,5,6,4,5,4,4,5,5,5,5,4,6,4,5,6,4,4,5,5,5,5,4,4,6,5,6,4,5,5,6,6,8,6,9,5,3,2,5,6,4,4,6,7,5,5,5,6,4,5,6,6,4,4,5,5,4,4,7,5,6,4,7,6,5,7,7,6,5,4,8,5,6,5,9,6,7,7,8,5,6,4,7,6,4,4,4,5,11,3,5,5,8,6,7,3,4,4,3,4,5,5,4,5,8,6,4,2,14,16,5,17,5,4,7,2,5,8,7,4,8,5,4,6,7,7,4,5,7,4,7,5,4,7,6,10,9,5,7,8,2,4,7,8,4,6,5,5,6,3,5,4,5,3,4,4,5,4,4,2,5,7,8,5,6,5,2,6,5,6,6,4,3,5,6,6,7,7,4,3,6,4,8,7,5,7,9,6,4,5,5,6,7,5,6,8,5,7,5,3,7,5,6,6,6,9,7,7,8,8,7,9,6,4,7,5,5,6,5,8,7,6,6,8,6,8,7,8,8,8,9,6,7,7,7,7,4,5,3,3,6,7,4,5,7,7,4,6,6,4,7,7,3,5,6,9,6,7,7,7,9,6,7,11,7,8,5,4,7,6,5,7,6,6,5,6,5,7,4,7,4,9,5,4,5,6,9,6,3,4,6,6,5,3,3,3,4,6,5,5,5,6,6,6,7,5,6,6,4,6,5,3,5,6,5,6,5,4,4,4,5,7,8,5,4,4,4,2,4,5,0,5,4,3
ADJ + NOUN + VERB + ADV + VERB,4,4,6,3,3,5,5,7,4,6,5,5,5,4,4,2,4,5,6,3,6,4,4,3,6,6,6,6,5,6,4,5,5,6,4,2,6,5,5,5,4,4,6,6,4,7,6,3,6,7,5,7,6,7,5,5,4,8,3,6,8,3,7,4,3,4,2,5,6,5,4,8,6,7,3,4,5,4,4,6,4,6,5,6,6,5,3,2,4,7,5,5,4,5,5,5,8,4,5,5,6,4,6,6,7,5,6,5,4,4,4,3,5,5,5,5,5,7,3,4,7,6,4,5,5,4,5,5,6,4,8,6,5,5,3,4,7,5,7,6,4,6,4,5,5,7,4,5,5,6,6,5,5,7,7,10,6,6,5,4,7,7,3,5,10,8,10,6,7,5,6,7,11,9,5,6,6,5,5,6,4,7,5,6,5,6,10,10,5,4,5,9,6,9,6,8,7,8,8,5,8,5,5,8,7,5,7,5,6,10,8,8,8,9,5,6,2,5,7,6,5,4,6,5,4,9,7,7,5,17,15,6,20,6,7,8,5,4,7,8,5,9,6,9,7,6,6,3,6,8,7,8,6,3,10,5,9,8,6,8,9,7,5,10,9,7,5,2,4,5,6,6,5,6,6,7,7,4,5,5,5,8,6,9,6,5,8,7,7,8,5,5,5,6,8,9,7,6,6,5,8,7,7,3,6,6,8,8,7,7,8,6,9,4,6,9,5,6,12,6,4,6,4,7,7,5,8,6,2,7,7,6,8,7,7,8,4,6,5,6,7,6,7,5,5,5,7,8,5,7,9,10,7,6,4,6,4,7,8,6,6,9,8,5,8,6,6,5,7,3,5,10,4,8,6,7,10,7,8,4,8,10,7,6,10,6,7,8,5,6,7,6,6,7,7,6,5,6,8,7,10,7,8,8,5,4,7,8,3,8,5,7,9,6,6,4,6,5,7,6,6,8,7,9,9,8,6,9,3,5,7,2,4,6,5,4,7,4,5,5,5,6,8,9,6,5,5,5,7,5,4,5,0,7,6
PRON + VERB + DET + NOUN,3,3,5,4,4,4,4,6,5,5,2,2,4,5,5,5,5,4,5,4,3,3,5,4,5,3,5,5,4,5,3,4,4,3,3,5,3,4,6,2,5,5,5,5,5,6,5,4,5,6,6,6,5,6,4,4,5,7,4,3,7,6,4,3,4,5,5,6,5,6,5,7,5,6,6,5,4,5,5,5,5,1,4,5,3,6,4,5,5,2,6,6,3,6,4,6,7,5,6,6,7,3,7,5,6,6,5,4,3,5,5,6,6,4,4,6,4,2,6,3,6,5,5,6,4,3,2,4,3,5,5,5,4,4,6,5,8,6,4,5,5,7,5,6,4,6,5,6,4,3,7,6,6,8,6,5,5,5,4,5,6,4,6,6,7,3,5,5,2,4,3,4,6,4,6,5,5,2,6,5,5,8,4,7,4,3,5,9,6,5,6,6,3,4,5,9,4,5,9,8,3,6,4,7,4,4,6,2,5,13,5,7,7,8,6,5,5,6,6,3,4,5,5,6,7,8,6,2,4,16,14,5,19,5,2,7,4,3,8,5,4,6,5,2,6,5,7,6,5,5,4,5,5,6,7,4,8,11,5,5,6,4,6,7,8,6,6,5,5,6,3,5,6,5,5,4,6,5,6,6,4,7,9,6,7,6,7,6,4,7,6,6,6,5,7,6,6,7,7,4,5,8,4,8,7,5,5,7,6,6,7,5,6,5,3,2,6,3,5,5,3,5,3,6,4,6,7,5,5,6,8,7,5,6,4,5,5,3,6,5,6,7,6,4,6,4,8,5,8,8,6,7,8,5,7,5,5,6,5,3,5,8,7,2,1,5,5,4,4,4,4,9,5,3,5,6,9,4,3,5,5,5,6,5,9,5,6,7,6,7,8,5,5,8,4,3,6,5,9,2,5,4,9,3,6,5,6,7,6,7,4,6,6,5,5,5,5,6,6,5,7,5,6,6,6,5,5,6,6,4,6,5,3,5,6,5,4,5,6,4,4,5,5,8,5,6,4,6,4,4,5,4,7,0,3
VERB + DET + ADJ + NOUN + NOUN,4,4,6,3,5,3,5,7,4,4,3,5,5,4,2,4,4,3,4,5,6,2,6,5,4,4,6,4,5,6,4,5,5,2,4,6,4,3,5,3,4,6,6,6,4,5,4,5,4,7,3,7,6,5,5,5,6,8,5,4,8,7,3,2,5,6,6,3,4,7,4,8,6,5,3,6,5,4,4,6,4,2,5,6,4,5,5,6,6,5,5,3,4,3,3,5,8,6,5,5,4,6,4,6,5,5,4,5,4,6,6,5,7,3,5,5,3,3,7,4,7,4,4,5,3,6,3,5,4,6,6,6,5,5,5,6,5,5,5,6,6,4,4,5,5,7,6,7,5,6,6,7,5,7,7,8,6,4,5,6,5,5,7,5,6,4,4,8,5,7,4,7,7,5,5,6,6,3,5,4,6,7,5,6,5,6,6,8,5,6,5,9,6,7,6,10,3,4,8,5,6,5,5,8,7,5,5,1,6,12,4,6,6,9,5,6,6,3,5,6,3,6,6,3,4,9,7,3,5,13,15,2,16,6,3,8,3,4,7,8,5,9,6,3,7,6,6,7,6,8,5,8,4,5,6,3,9,8,4,4,5,3,7,4,7,5,5,4,6,5,2,6,7,6,4,5,5,6,7,5,1,6,8,5,4,5,6,5,7,6,5,5,3,4,6,5,7,6,6,5,4,9,5,7,6,6,6,10,5,5,6,6,7,4,2,5,5,6,6,6,6,8,6,7,7,7,8,6,4,7,9,6,6,5,5,8,4,4,7,6,5,6,3,3,5,5,7,8,9,9,5,10,7,8,8,6,6,5,6,4,4,7,6,5,4,6,8,7,5,5,5,8,6,2,4,5,8,7,6,8,8,8,9,8,12,6,9,6,5,6,5,8,4,5,5,6,9,8,10,3,8,5,10,4,3,4,7,8,7,6,5,7,7,6,4,4,4,5,7,6,4,4,5,5,5,8,6,9,5,3,7,6,4,6,7,6,5,6,5,5,5,4,8,9,6,5,5,3,3,3,6,3,6,3,0
